t,phase,h_ref,h,vz,err,integral,thrust,roll,pitch,batt_v,vz_tof,terrain_off,m1_FR,m2_RL,m3_FL,m4_RR
0.000,arming,0.000,0.046,-0.161,0.000,0.000,0.000,0.0,0.6,16.20,0.009,0.000,0,0,0,0
0.020,arming,0.000,0.041,-0.161,0.000,0.000,0.000,0.0,0.6,16.20,-0.042,0.000,0,0,0,0
0.040,arming,0.000,0.041,-0.162,0.000,0.000,0.000,0.0,0.6,16.20,-0.042,0.000,0,0,0,0
0.060,arming,0.000,0.043,-0.162,0.000,0.000,0.000,0.0,0.6,16.20,-0.009,0.000,0,0,0,0
0.080,find_hover,0.000,0.043,-0.162,0.000,0.000,0.000,0.0,0.6,16.20,-0.012,0.000,150,150,150,150
0.100,find_hover,0.000,0.043,-0.163,0.000,0.000,0.052,0.0,0.6,16.20,-0.012,0.000,150,150,150,150
0.120,find_hover,0.000,0.042,-0.163,0.000,0.000,0.055,0.0,0.6,16.20,-0.011,0.000,150,150,150,150
0.140,find_hover,0.000,0.042,-0.163,0.000,0.000,0.057,0.0,0.6,16.20,-0.011,0.000,150,150,150,150
0.160,find_hover,0.000,0.044,-0.163,0.000,0.000,0.060,0.0,0.6,16.20,0.009,0.000,150,150,150,150
0.180,find_hover,0.000,0.050,-0.164,0.000,0.000,0.062,0.0,0.6,16.20,0.053,0.000,278,274,282,281
0.200,find_hover,0.000,0.050,-0.164,0.000,0.000,0.064,0.0,0.6,16.20,0.053,0.000,278,274,282,281
0.220,find_hover,0.000,0.044,-0.164,0.000,0.000,0.067,0.0,0.6,16.20,-0.016,0.000,278,274,282,281
0.240,find_hover,0.000,0.044,-0.165,0.000,0.000,0.069,0.0,0.6,16.20,-0.016,0.000,278,274,282,281
0.260,find_hover,0.000,0.041,-0.165,0.000,0.000,0.072,0.0,0.6,16.20,-0.037,0.000,278,274,282,281
0.280,find_hover,0.000,0.048,-0.166,0.000,0.000,0.074,0.0,0.6,16.20,0.038,0.000,305,301,309,308
0.300,find_hover,0.000,0.048,-0.166,0.000,0.000,0.076,0.0,0.6,16.20,0.038,0.000,305,301,309,308
0.320,find_hover,0.000,0.045,-0.166,0.000,0.000,0.079,0.0,0.6,16.20,0.001,0.000,305,301,309,308
0.340,find_hover,0.000,0.045,-0.167,0.000,0.000,0.081,0.0,0.6,16.20,0.001,0.000,305,301,309,308
0.360,find_hover,0.000,0.043,-0.167,0.000,0.000,0.084,0.0,0.6,16.20,-0.024,0.000,305,301,309,308
0.380,find_hover,0.000,0.045,-0.168,0.000,0.000,0.086,0.0,0.6,16.20,0.001,0.000,332,328,336,335
0.400,find_hover,0.000,0.045,-0.168,0.000,0.000,0.088,0.0,0.6,16.20,0.001,0.000,332,328,336,335
0.420,find_hover,0.000,0.040,-0.168,0.000,0.000,0.091,0.0,0.6,16.20,-0.044,0.000,332,328,336,335
0.440,find_hover,0.000,0.040,-0.169,0.000,0.000,0.093,0.0,0.6,16.20,-0.044,0.000,332,328,336,335
0.460,find_hover,0.000,0.044,-0.169,0.000,0.000,0.096,0.0,0.6,16.20,0.006,0.000,332,328,336,335
0.480,find_hover,0.000,0.040,-0.170,0.000,0.000,0.098,0.0,0.6,16.20,-0.036,0.000,359,354,363,362
0.500,find_hover,0.000,0.040,-0.170,0.000,0.000,0.100,0.0,0.6,16.20,-0.036,0.000,359,354,363,362
0.520,find_hover,0.000,0.040,-0.170,0.000,0.000,0.103,0.0,0.6,16.20,-0.024,0.000,359,354,363,362
0.540,find_hover,0.000,0.044,-0.170,0.000,0.000,0.105,0.0,0.6,16.20,0.019,0.000,359,354,363,362
0.560,find_hover,0.000,0.044,-0.170,0.000,0.000,0.108,0.0,0.6,16.20,0.019,0.000,359,354,363,362
0.580,find_hover,0.000,0.043,-0.171,0.000,0.000,0.110,0.0,0.6,16.20,0.007,0.000,387,380,390,389
0.600,find_hover,0.000,0.043,-0.171,0.000,0.000,0.112,0.0,0.6,16.20,0.007,0.000,387,380,390,389
0.620,find_hover,0.000,0.044,-0.171,0.000,0.000,0.115,0.0,0.6,16.20,0.012,0.000,387,380,390,389
0.640,find_hover,0.000,0.040,-0.172,0.000,0.000,0.117,0.0,0.6,16.20,-0.034,0.000,387,380,390,389
0.660,find_hover,0.000,0.040,-0.172,0.000,0.000,0.120,0.0,0.6,16.20,-0.034,0.000,387,380,390,389
0.680,find_hover,0.000,0.040,-0.173,0.000,0.000,0.122,0.0,0.6,16.20,-0.024,0.000,421,413,422,421
0.700,find_hover,0.000,0.040,-0.173,0.000,0.000,0.124,0.0,0.6,16.20,-0.024,0.000,421,413,422,421
0.720,find_hover,0.000,0.040,-0.174,0.000,0.000,0.127,0.0,0.6,16.20,-0.017,0.000,421,413,422,421
0.740,find_hover,0.000,0.044,-0.174,0.000,0.000,0.129,0.0,0.6,16.20,0.029,0.000,421,413,422,421
0.760,find_hover,0.000,0.044,-0.174,0.000,0.000,0.132,0.0,0.6,16.20,0.029,0.000,421,413,422,421
0.780,find_hover,0.000,0.040,-0.174,0.000,0.000,0.134,0.0,0.6,16.20,-0.023,0.000,449,441,448,447
0.800,find_hover,0.000,0.040,-0.174,0.000,0.000,0.136,0.0,0.6,16.20,-0.023,0.000,449,441,448,447
0.820,find_hover,0.000,0.042,-0.174,0.000,0.000,0.139,0.0,0.6,16.20,0.001,0.000,449,441,448,447
0.840,find_hover,0.000,0.040,-0.175,0.000,0.000,0.141,0.0,0.6,16.20,-0.014,0.000,449,441,448,447
0.860,find_hover,0.000,0.040,-0.175,0.000,0.000,0.144,0.0,0.6,16.20,-0.014,0.000,449,441,448,447
0.880,find_hover,0.000,0.046,-0.175,0.000,0.000,0.146,0.0,0.6,16.20,0.049,0.000,472,463,469,467
0.900,find_hover,0.000,0.046,-0.175,0.000,0.000,0.148,0.0,0.6,16.20,0.049,0.000,472,463,469,467
0.920,find_hover,0.000,0.040,-0.175,0.000,0.000,0.151,0.0,0.6,16.20,-0.029,0.000,472,463,469,467
0.940,find_hover,0.000,0.046,-0.175,0.000,0.000,0.153,0.0,0.6,16.20,0.034,0.000,472,463,469,467
0.960,find_hover,0.000,0.046,-0.175,0.000,0.000,0.156,0.0,0.6,16.20,0.034,0.000,472,463,469,467
0.980,find_hover,0.000,0.046,-0.175,0.000,0.000,0.158,0.0,0.6,16.20,0.024,0.000,500,490,495,493
1.000,find_hover,0.000,0.040,-0.176,0.000,0.000,0.160,0.0,0.6,16.20,-0.048,0.000,500,490,495,493
1.020,find_hover,0.000,0.040,-0.176,0.000,0.000,0.163,0.0,0.6,16.20,-0.048,0.000,500,490,495,493
1.040,find_hover,0.000,0.040,-0.176,0.000,0.000,0.165,0.0,0.6,16.20,-0.031,0.000,500,490,495,493
1.060,find_hover,0.000,0.040,-0.176,0.000,0.000,0.168,0.0,0.6,16.20,-0.031,0.000,500,490,495,493
1.080,find_hover,0.000,0.044,-0.176,0.000,0.000,0.170,0.0,0.6,16.20,0.011,0.000,528,517,522,519
1.100,find_hover,0.000,0.044,-0.177,0.000,0.000,0.172,0.0,0.6,16.20,0.011,0.000,528,517,522,519
1.120,find_hover,0.000,0.041,-0.177,0.000,0.000,0.175,0.0,0.6,16.20,-0.016,0.000,528,517,522,519
1.140,find_hover,0.000,0.040,-0.177,0.000,0.000,0.177,0.0,0.6,16.20,-0.016,0.000,528,517,522,519
1.160,find_hover,0.000,0.040,-0.177,0.000,0.000,0.180,0.0,0.6,16.20,-0.016,0.000,528,517,522,519
1.180,find_hover,0.000,0.043,-0.177,0.000,0.000,0.182,0.0,0.6,16.20,0.007,0.000,556,544,549,546
1.200,find_hover,0.000,0.046,-0.178,0.000,0.000,0.184,0.0,0.6,16.20,0.040,0.000,556,544,549,546
1.220,find_hover,0.000,0.046,-0.178,0.000,0.000,0.187,0.0,0.6,16.20,0.040,0.000,556,544,549,546
1.240,find_hover,0.000,0.042,-0.178,0.000,0.000,0.189,0.0,0.7,16.20,-0.003,0.000,556,544,549,546
1.260,find_hover,0.000,0.042,-0.178,0.000,0.000,0.192,0.0,0.7,16.20,-0.003,0.000,556,544,549,546
1.280,find_hover,0.000,0.046,-0.179,0.000,0.000,0.194,0.0,0.7,16.20,0.033,0.000,583,570,577,573
1.300,find_hover,0.000,0.046,-0.179,0.000,0.000,0.196,0.0,0.7,16.20,0.033,0.000,583,570,577,573
1.320,find_hover,0.000,0.041,-0.179,0.000,0.000,0.199,0.0,0.7,16.20,-0.019,0.000,583,570,577,573
1.340,find_hover,0.000,0.046,-0.180,0.000,0.000,0.201,0.0,0.7,16.20,0.032,0.000,583,570,577,573
1.360,find_hover,0.000,0.046,-0.180,0.000,0.000,0.204,0.0,0.7,16.20,0.032,0.000,583,570,577,573
1.380,find_hover,0.000,0.040,-0.180,0.000,0.000,0.206,0.0,0.7,16.20,-0.028,0.000,610,595,605,601
1.400,find_hover,0.000,0.046,-0.180,0.000,0.000,0.208,0.0,0.7,16.20,0.036,0.000,610,595,605,601
1.420,find_hover,0.000,0.046,-0.180,0.000,0.000,0.211,0.0,0.7,16.20,0.036,0.000,610,595,605,601
1.440,find_hover,0.000,0.045,-0.181,0.000,0.000,0.213,0.0,0.7,16.20,0.015,0.000,610,595,605,601
1.460,find_hover,0.000,0.045,-0.181,0.000,0.000,0.216,0.0,0.7,16.20,0.015,0.000,610,595,605,601
1.480,find_hover,0.000,0.043,-0.182,0.000,0.000,0.218,0.0,0.7,16.20,-0.005,0.000,642,626,638,634
1.500,find_hover,0.000,0.040,-0.182,0.000,0.000,0.220,0.1,0.7,16.20,-0.033,0.000,642,626,638,634
1.520,find_hover,0.000,0.040,-0.182,0.000,0.000,0.223,0.1,0.7,16.20,-0.033,0.000,642,626,638,634
1.540,find_hover,0.000,0.044,-0.183,0.000,0.000,0.225,0.1,0.7,16.20,0.014,0.000,642,626,638,634
1.560,find_hover,0.000,0.044,-0.183,0.000,0.000,0.228,0.1,0.7,16.20,0.014,0.000,642,626,638,634
1.580,find_hover,0.000,0.045,-0.184,0.000,0.000,0.230,0.1,0.7,16.20,0.022,0.000,664,646,661,656
1.600,find_hover,0.000,0.042,-0.185,0.000,0.000,0.232,0.1,0.7,16.20,-0.012,0.000,664,646,661,656
1.620,find_hover,0.000,0.042,-0.185,0.000,0.000,0.235,0.1,0.7,16.20,-0.012,0.000,664,646,661,656
1.640,find_hover,0.000,0.045,-0.185,0.000,0.000,0.237,0.1,0.7,16.20,0.011,0.000,664,646,661,656
1.660,find_hover,0.000,0.045,-0.185,0.000,0.000,0.240,0.1,0.7,16.20,0.011,0.000,664,646,661,656
1.680,find_hover,0.000,0.042,-0.186,0.000,0.000,0.242,0.1,0.7,16.20,-0.013,0.000,691,672,688,683
1.700,find_hover,0.000,0.044,-0.187,0.000,0.000,0.244,0.1,0.7,16.20,0.002,0.000,691,672,688,683
1.720,find_hover,0.000,0.044,-0.187,0.000,0.000,0.247,0.1,0.7,16.20,0.002,0.000,691,672,688,683
1.740,find_hover,0.000,0.041,-0.187,0.000,0.000,0.249,0.1,0.7,16.20,-0.019,0.000,691,672,688,683
1.760,find_hover,0.000,0.041,-0.187,0.000,0.000,0.252,0.1,0.7,16.20,-0.019,0.000,691,672,688,683
1.780,find_hover,0.000,0.045,-0.188,0.000,0.000,0.254,0.1,0.7,16.20,0.019,0.000,718,698,716,711
1.800,find_hover,0.000,0.047,-0.188,0.000,0.000,0.256,0.1,0.7,16.20,0.027,0.000,718,698,716,711
1.820,find_hover,0.000,0.047,-0.188,0.000,0.000,0.259,0.1,0.7,16.20,0.027,0.000,718,698,716,711
1.840,find_hover,0.000,0.042,-0.189,0.000,0.000,0.261,0.1,0.7,16.20,-0.026,0.000,718,698,716,711
1.860,find_hover,0.000,0.044,-0.189,0.000,0.000,0.264,0.1,0.7,16.20,0.001,0.000,718,698,716,711
1.880,find_hover,0.000,0.044,-0.190,0.000,0.000,0.266,0.1,0.7,16.20,0.001,0.000,752,729,748,743
1.900,find_hover,0.000,0.046,-0.190,0.000,0.000,0.268,0.1,0.7,16.20,0.020,0.000,752,729,748,743
1.920,find_hover,0.000,0.046,-0.190,0.000,0.000,0.271,0.1,0.7,16.20,0.020,0.000,752,729,748,743
1.940,find_hover,0.000,0.042,-0.191,0.000,0.000,0.273,0.1,0.7,16.20,-0.025,0.000,752,729,748,743
1.960,find_hover,0.000,0.050,-0.191,0.000,0.000,0.276,0.1,0.7,16.20,0.060,0.000,752,729,748,743
1.980,find_hover,0.000,0.050,-0.192,0.000,0.000,0.278,0.1,0.7,16.20,0.060,0.000,778,755,776,771
2.000,find_hover,0.000,0.048,-0.192,0.000,0.000,0.280,0.1,0.7,16.20,0.017,0.000,778,755,776,771
2.020,find_hover,0.000,0.048,-0.192,0.000,0.000,0.283,0.1,0.7,16.20,0.017,0.000,778,755,776,771
2.040,find_hover,0.000,0.043,-0.192,0.000,0.000,0.285,0.1,0.7,16.20,-0.028,0.000,778,755,776,771
2.060,find_hover,0.000,0.040,-0.192,0.000,0.000,0.288,0.1,0.7,16.20,-0.044,0.000,778,755,776,771
2.080,find_hover,0.000,0.040,-0.193,0.000,0.000,0.290,0.1,0.7,16.16,-0.044,0.000,800,774,799,794
2.100,find_hover,0.000,0.045,-0.193,0.000,0.000,0.292,0.1,0.7,16.16,0.015,0.000,800,774,799,794
2.120,find_hover,0.000,0.045,-0.193,0.000,0.000,0.295,0.1,0.7,16.16,0.015,0.000,800,774,799,794
2.140,find_hover,0.000,0.043,-0.193,0.000,0.000,0.297,0.1,0.7,16.16,-0.009,0.000,800,774,799,794
2.160,find_hover,0.000,0.042,-0.193,0.000,0.000,0.300,0.1,0.7,16.16,-0.018,0.000,800,774,799,794
2.180,find_hover,0.000,0.042,-0.193,0.000,0.000,0.302,0.1,0.7,16.16,-0.018,0.000,832,805,832,828
2.200,find_hover,0.000,0.047,-0.193,0.000,0.000,0.304,0.1,0.7,16.16,0.033,0.000,832,805,832,828
2.220,find_hover,0.000,0.047,-0.193,0.000,0.000,0.307,0.1,0.7,16.16,0.033,0.000,832,805,832,828
2.240,find_hover,0.000,0.045,-0.193,0.000,0.000,0.309,0.1,0.7,16.16,0.011,0.000,832,805,832,828
2.260,find_hover,0.000,0.040,-0.193,0.000,0.000,0.312,0.1,0.7,16.16,-0.042,0.000,832,805,832,828
2.280,find_hover,0.000,0.040,-0.194,0.000,0.000,0.314,0.1,0.7,16.16,-0.042,0.000,854,825,854,850
2.300,find_hover,0.000,0.041,-0.194,0.000,0.000,0.316,0.1,0.7,16.16,-0.021,0.000,854,825,854,850
2.320,find_hover,0.000,0.041,-0.194,0.000,0.000,0.319,0.1,0.7,16.16,-0.021,0.000,854,825,854,850
2.340,find_hover,0.000,0.047,-0.195,0.000,0.000,0.321,0.1,0.7,16.16,0.038,0.000,854,825,854,850
2.360,find_hover,0.000,0.046,-0.195,0.000,0.000,0.324,0.1,0.7,16.16,0.019,0.000,854,825,854,850
2.380,find_hover,0.000,0.046,-0.195,0.000,0.000,0.326,0.1,0.7,16.16,0.019,0.000,887,856,887,883
2.400,find_hover,0.000,0.041,-0.196,0.000,0.000,0.328,0.1,0.7,16.16,-0.026,0.000,887,856,887,883
2.420,find_hover,0.000,0.041,-0.196,0.000,0.000,0.331,0.1,0.7,16.16,-0.026,0.000,887,856,887,883
2.440,find_hover,0.000,0.047,-0.197,0.000,0.000,0.333,0.1,0.7,16.16,0.031,0.000,887,856,887,883
2.460,find_hover,0.000,0.043,-0.197,0.000,0.000,0.336,0.1,0.7,16.16,-0.013,0.000,887,856,887,883
2.480,find_hover,0.000,0.043,-0.198,0.000,0.000,0.338,0.1,0.7,16.16,-0.013,0.000,915,882,914,910
2.500,find_hover,0.000,0.041,-0.198,0.000,0.000,0.340,0.1,0.7,16.16,-0.030,0.000,915,882,914,910
2.520,find_hover,0.000,0.041,-0.198,0.000,0.000,0.343,0.1,0.7,16.16,-0.030,0.000,915,882,914,910
2.540,find_hover,0.000,0.040,-0.199,0.000,0.000,0.345,0.1,0.7,16.16,-0.028,0.000,915,882,914,910
2.560,find_hover,0.000,0.041,-0.199,0.000,0.000,0.348,0.1,0.7,16.16,-0.014,0.000,915,882,914,910
2.580,find_hover,0.000,0.041,-0.200,0.000,0.000,0.350,0.1,0.7,16.16,-0.014,0.000,943,907,941,937
2.600,find_hover,0.000,0.040,-0.200,0.000,0.000,0.352,0.1,0.7,16.16,-0.017,0.000,943,907,941,937
2.620,find_hover,0.000,0.046,-0.200,0.000,0.000,0.355,0.1,0.7,16.16,0.044,0.000,943,907,941,937
2.640,find_hover,0.000,0.046,-0.201,0.000,0.000,0.357,0.1,0.7,16.16,0.044,0.000,943,907,941,937
2.660,find_hover,0.000,0.040,-0.201,0.000,0.000,0.360,0.1,0.7,16.16,-0.022,0.000,943,907,941,937
2.680,find_hover,0.000,0.040,-0.201,0.000,0.000,0.362,0.1,0.7,16.16,-0.022,0.000,965,928,964,959
2.700,find_hover,0.000,0.051,-0.201,0.000,0.000,0.364,0.1,0.7,16.16,0.077,0.000,965,928,964,959
2.720,find_hover,0.000,0.048,-0.201,0.000,0.000,0.367,0.1,0.7,16.16,0.026,0.000,965,928,964,959
2.740,find_hover,0.000,0.048,-0.201,0.000,0.000,0.369,0.1,0.7,16.16,0.026,0.000,965,928,964,959
2.760,find_hover,0.000,0.040,-0.201,0.000,0.000,0.372,0.1,0.7,16.16,-0.051,0.000,965,928,964,959
2.780,find_hover,0.000,0.040,-0.202,0.000,0.000,0.374,0.1,0.7,16.16,-0.051,0.000,992,953,992,986
2.800,find_hover,0.000,0.040,-0.202,0.000,0.000,0.376,0.1,0.7,16.16,-0.035,0.000,992,953,992,986
2.820,find_hover,0.000,0.040,-0.202,0.000,0.000,0.379,0.1,0.7,16.16,-0.025,0.000,992,953,992,986
2.840,find_hover,0.000,0.040,-0.202,0.000,0.000,0.381,0.1,0.7,16.16,-0.025,0.000,992,953,992,986
2.860,find_hover,0.000,0.040,-0.202,0.000,0.000,0.384,0.1,0.7,16.16,-0.017,0.000,992,953,992,986
2.880,find_hover,0.000,0.040,-0.202,0.000,0.000,0.386,0.1,0.7,16.16,-0.017,0.000,1019,978,1020,1014
2.900,find_hover,0.000,0.045,-0.202,0.000,0.000,0.388,0.1,0.7,16.16,0.025,0.000,1019,978,1020,1014
2.920,find_hover,0.000,0.050,-0.202,0.000,0.000,0.391,0.1,0.7,16.16,0.080,0.000,1019,978,1020,1014
2.940,find_hover,0.000,0.050,-0.202,0.000,0.000,0.393,0.1,0.7,16.16,0.080,0.000,1019,978,1020,1014
2.960,find_hover,0.000,0.040,-0.202,0.000,0.000,0.396,0.1,0.7,16.16,-0.029,0.000,1019,978,1020,1014
2.980,find_hover,0.000,0.040,-0.202,0.000,0.000,0.398,0.1,0.7,16.16,-0.029,0.000,1047,1004,1047,1041
3.000,find_hover,0.000,0.049,-0.203,0.000,0.000,0.400,0.1,0.7,16.16,0.062,0.000,1047,1004,1047,1041
3.020,find_hover,0.000,0.047,-0.203,0.000,0.000,0.403,0.1,0.7,16.16,0.027,0.000,1047,1004,1047,1041
3.040,find_hover,0.000,0.047,-0.203,0.000,0.000,0.405,0.1,0.7,16.16,0.027,0.000,1047,1004,1047,1041
3.060,find_hover,0.000,0.044,-0.203,0.000,0.000,0.408,0.1,0.7,16.16,-0.010,0.000,1047,1004,1047,1041
3.080,find_hover,0.000,0.044,-0.204,0.000,0.000,0.410,0.1,0.7,16.16,-0.010,0.000,1080,1035,1080,1073
3.100,find_hover,0.000,0.043,-0.205,0.000,0.000,0.412,0.1,0.7,16.16,-0.019,0.000,1080,1035,1080,1073
3.120,find_hover,0.000,0.044,-0.205,0.000,0.000,0.415,0.1,0.7,16.16,-0.002,0.000,1080,1035,1080,1073
3.140,find_hover,0.000,0.044,-0.204,0.000,0.000,0.417,0.1,0.7,16.16,-0.002,0.000,1080,1035,1080,1073
3.160,find_hover,0.000,0.042,-0.204,0.000,0.000,0.420,0.1,0.7,16.16,-0.015,0.000,1080,1035,1080,1073
3.180,find_hover,0.000,0.040,-0.204,0.000,0.000,0.422,0.1,0.7,16.16,-0.033,0.000,1108,1061,1107,1100
3.200,find_hover,0.000,0.040,-0.204,0.000,0.000,0.424,0.1,0.7,16.16,-0.033,0.000,1108,1061,1107,1100
3.220,find_hover,0.000,0.045,-0.204,0.000,0.000,0.427,0.1,0.7,16.16,0.018,0.000,1108,1061,1107,1100
3.240,find_hover,0.000,0.045,-0.204,0.000,0.000,0.429,0.1,0.7,16.16,0.018,0.000,1108,1061,1107,1100
3.260,find_hover,0.000,0.044,-0.204,0.000,0.000,0.432,0.1,0.7,16.16,0.001,0.000,1108,1061,1107,1100
3.280,find_hover,0.000,0.044,-0.203,0.000,0.000,0.434,0.1,0.7,16.16,0.001,0.000,1136,1087,1134,1127
3.300,find_hover,0.000,0.047,-0.203,0.000,0.000,0.436,0.1,0.7,16.16,0.032,0.000,1136,1087,1134,1127
3.320,find_hover,0.000,0.040,-0.203,0.000,0.000,0.439,0.1,0.7,16.16,-0.050,0.000,1136,1087,1134,1127
3.340,find_hover,0.000,0.040,-0.203,0.000,0.000,0.441,0.1,0.7,16.16,-0.050,0.000,1136,1087,1134,1127
3.360,find_hover,0.000,0.049,-0.203,0.000,0.000,0.444,0.1,0.7,16.16,0.035,0.000,1136,1087,1134,1127
3.380,find_hover,0.000,0.045,-0.203,0.000,0.000,0.446,0.1,0.7,16.16,-0.008,0.000,1160,1109,1155,1148
3.400,find_hover,0.000,0.045,-0.203,0.000,0.000,0.448,0.1,0.7,16.16,-0.008,0.000,1160,1109,1155,1148
3.420,find_hover,0.000,0.047,-0.203,0.000,0.000,0.451,0.1,0.7,16.16,0.016,0.000,1160,1109,1155,1148
3.440,find_hover,0.000,0.047,-0.203,0.000,0.000,0.453,0.1,0.7,16.16,0.016,0.000,1160,1109,1155,1148
3.460,find_hover,0.000,0.049,-0.203,0.000,0.000,0.456,0.1,0.7,16.16,0.026,0.000,1160,1109,1155,1148
3.480,find_hover,0.000,0.045,-0.203,0.000,0.000,0.458,0.1,0.7,16.16,-0.013,0.000,1189,1135,1182,1174
3.500,find_hover,0.000,0.045,-0.203,0.000,0.000,0.460,0.1,0.7,16.16,-0.013,0.000,1189,1135,1182,1174
3.520,find_hover,0.000,0.040,-0.203,0.000,0.000,0.463,0.1,0.7,16.16,-0.060,0.000,1189,1135,1182,1174
3.540,find_hover,0.000,0.040,-0.203,0.000,0.000,0.465,0.1,0.7,16.16,-0.060,0.000,1189,1135,1182,1174
3.560,find_hover,0.000,0.042,-0.203,0.000,0.000,0.468,0.1,0.7,16.16,-0.022,0.000,1189,1135,1182,1174
3.580,find_hover,0.000,0.043,-0.203,0.000,0.000,0.470,0.1,0.7,16.16,-0.007,0.000,1222,1167,1214,1206
3.600,find_hover,0.000,0.043,-0.204,0.000,0.000,0.472,0.1,0.7,16.16,-0.007,0.000,1222,1167,1214,1206
3.620,find_hover,0.000,0.043,-0.204,0.000,0.000,0.475,0.1,0.7,16.16,-0.008,0.000,1222,1167,1214,1206
3.640,find_hover,0.000,0.043,-0.205,0.000,0.000,0.477,0.1,0.7,16.16,-0.008,0.000,1222,1167,1214,1206
3.660,find_hover,0.000,0.047,-0.205,0.000,0.000,0.480,0.1,0.7,16.16,0.032,0.000,1222,1167,1214,1206
3.680,find_hover,0.000,0.041,-0.206,0.000,0.000,0.482,0.1,0.7,16.16,-0.031,0.000,1245,1187,1236,1226
3.700,find_hover,0.000,0.041,-0.206,0.000,0.000,0.484,0.1,0.7,16.16,-0.031,0.000,1245,1187,1236,1226
3.720,find_hover,0.000,0.040,-0.207,0.000,0.000,0.487,0.1,0.7,16.16,-0.032,0.000,1245,1187,1236,1226
3.740,find_hover,0.000,0.040,-0.208,0.000,0.000,0.489,0.1,0.7,16.16,-0.032,0.000,1245,1187,1236,1226
3.760,find_hover,0.000,0.041,-0.208,0.000,0.000,0.492,0.1,0.7,16.16,-0.019,0.000,1245,1187,1236,1226
3.780,find_hover,0.000,0.047,-0.209,0.000,0.000,0.494,0.1,0.7,16.16,0.052,0.000,1274,1213,1263,1253
3.800,find_hover,0.000,0.047,-0.209,0.000,0.000,0.496,0.1,0.7,16.16,0.052,0.000,1274,1213,1263,1253
3.820,find_hover,0.000,0.044,-0.209,0.000,0.000,0.499,0.1,0.7,16.16,0.008,0.000,1274,1213,1263,1253
3.840,find_hover,0.000,0.041,-0.210,0.000,0.000,0.501,0.1,0.7,16.16,-0.023,0.000,1274,1213,1263,1253
3.860,find_hover,0.000,0.041,-0.210,0.000,0.000,0.504,0.1,0.7,16.16,-0.023,0.000,1274,1213,1263,1253
3.880,find_hover,0.000,0.044,-0.210,0.000,0.000,0.506,0.1,0.7,16.16,0.009,0.000,1307,1245,1295,1286
3.900,find_hover,0.000,0.044,-0.210,0.000,0.000,0.508,0.1,0.7,16.16,0.009,0.000,1307,1245,1295,1286
3.920,find_hover,0.000,0.042,-0.210,0.000,0.000,0.511,0.1,0.7,16.16,-0.007,0.000,1307,1245,1295,1286
3.940,find_hover,0.000,0.040,-0.210,0.000,0.000,0.513,0.1,0.7,16.16,-0.027,0.000,1307,1245,1295,1286
3.960,find_hover,0.000,0.040,-0.210,0.000,0.000,0.516,0.1,0.7,16.16,-0.027,0.000,1307,1245,1295,1286
3.980,find_hover,0.000,0.041,-0.210,0.000,0.000,0.518,0.1,0.7,16.16,-0.006,0.000,1335,1270,1323,1312
4.000,find_hover,0.000,0.041,-0.210,0.000,0.000,0.520,0.1,0.7,16.16,-0.006,0.000,1335,1270,1323,1312
4.020,find_hover,0.000,0.049,-0.209,0.000,0.000,0.523,0.1,0.7,16.16,0.062,0.000,1335,1270,1323,1312
4.040,find_hover,0.000,0.048,-0.208,0.000,0.000,0.525,0.1,0.7,16.16,0.032,0.000,1335,1270,1323,1312
4.060,find_hover,0.000,0.048,-0.208,0.000,0.000,0.528,0.1,0.7,16.16,0.032,0.000,1335,1270,1323,1312
4.080,find_hover,0.000,0.040,-0.205,0.000,0.000,0.530,0.1,0.7,16.11,-0.051,0.000,1353,1309,1344,1342
4.100,find_hover,0.000,0.040,-0.205,0.000,0.000,0.532,0.1,0.7,16.11,-0.051,0.000,1353,1309,1344,1342
4.120,find_hover,0.000,0.040,-0.200,0.000,0.000,0.535,0.1,0.7,16.11,-0.036,0.000,1353,1309,1344,1342
4.140,find_hover,0.000,0.044,-0.194,0.000,0.000,0.537,-0.0,0.5,16.11,0.012,0.000,1353,1309,1344,1342
4.160,find_hover,0.000,0.044,-0.194,0.000,0.000,0.540,-0.0,0.5,16.11,0.012,0.000,1353,1309,1344,1342
4.180,find_hover,0.000,0.045,-0.182,0.000,0.000,0.542,-0.1,0.4,16.11,0.013,0.000,1361,1362,1366,1367
4.200,find_hover,0.000,0.045,-0.172,0.000,0.000,0.544,-0.1,0.4,16.11,0.013,0.000,1361,1362,1366,1367
4.220,find_hover,0.000,0.042,-0.172,0.000,0.000,0.547,-0.2,0.3,16.11,-0.020,0.000,1361,1362,1366,1367
4.240,find_hover,0.000,0.044,-0.150,0.000,0.000,0.549,-0.2,0.3,16.11,0.009,0.000,1361,1362,1366,1367
4.260,find_hover,0.000,0.044,-0.150,0.000,0.000,0.552,-0.2,0.2,16.11,0.009,0.000,1361,1362,1366,1367
4.280,find_hover,0.000,0.054,-0.128,0.000,0.000,0.554,-0.2,0.2,16.11,0.087,0.000,1385,1385,1384,1388
4.300,find_hover,0.000,0.054,-0.101,0.000,0.000,0.556,-0.3,0.2,16.11,0.087,0.000,1385,1385,1384,1388
4.320,find_hover,0.000,0.052,-0.101,0.000,0.000,0.559,-0.3,0.2,16.11,0.049,0.000,1385,1385,1384,1388
4.340,find_hover,0.000,0.056,-0.071,0.000,0.000,0.561,-0.3,0.2,16.11,0.064,0.000,1385,1385,1384,1388
4.360,find_hover,0.000,0.056,-0.071,0.000,0.000,0.564,-0.3,0.2,16.11,0.064,0.000,1385,1385,1384,1388
4.380,find_hover,0.000,0.063,-0.036,0.000,0.000,0.566,-0.3,0.2,16.11,0.119,0.000,1412,1414,1412,1412
4.400,find_hover,0.000,0.063,0.003,0.000,0.000,0.568,-0.3,0.2,16.11,0.119,0.000,1412,1414,1412,1412
4.420,find_hover,0.000,0.067,0.003,0.000,0.000,0.571,-0.3,0.2,16.11,0.110,0.000,1412,1414,1412,1412
4.440,find_hover,0.000,0.078,0.058,0.000,0.000,0.573,-0.3,0.2,16.11,0.197,0.000,1412,1414,1412,1412
4.460,find_hover,0.000,0.078,0.058,0.000,0.000,0.576,-0.3,0.2,16.11,0.197,0.000,1412,1414,1412,1412
4.480,find_hover,0.000,0.086,0.107,0.000,0.000,0.578,-0.3,0.2,16.11,0.203,0.000,1440,1440,1440,1439
4.500,find_hover,0.000,0.099,0.159,0.000,0.000,0.580,-0.3,0.2,16.11,0.268,0.000,1440,1440,1440,1439
4.520,find_hover,0.000,0.099,0.159,0.000,0.000,0.583,-0.3,0.2,16.11,0.268,0.000,1440,1440,1440,1439
4.540,find_hover,0.000,0.113,0.217,0.000,0.000,0.585,-0.2,0.2,16.11,0.304,0.000,1440,1440,1440,1439
4.560,find_hover,0.000,0.113,0.217,0.000,0.000,0.588,-0.2,0.2,16.11,0.304,0.000,1440,1440,1440,1439
4.580,takeoff,0.127,0.127,0.278,0.000,0.000,0.590,-0.2,0.2,16.11,0.341,0.000,1473,1472,1471,1472
4.600,takeoff,0.133,0.143,0.345,-0.010,0.000,0.570,-0.2,0.3,16.11,0.390,0.000,1473,1472,1471,1472
4.620,takeoff,0.139,0.143,0.345,-0.004,0.000,0.560,-0.2,0.2,16.11,0.390,0.000,1473,1472,1471,1472
4.640,takeoff,0.145,0.159,0.431,-0.014,0.000,0.554,-0.2,0.2,16.11,0.424,0.000,1473,1472,1471,1472
4.660,takeoff,0.151,0.159,0.431,-0.008,0.000,0.556,-0.2,0.1,16.11,0.424,0.000,1473,1472,1471,1472
4.680,takeoff,0.157,0.189,0.483,-0.032,0.000,0.537,-0.2,0.1,16.11,0.549,0.000,1402,1399,1401,1398
4.700,takeoff,0.163,0.211,0.521,-0.048,0.000,0.529,-0.2,0.0,16.11,0.591,0.000,1402,1399,1401,1398
4.720,takeoff,0.169,0.211,0.521,-0.042,0.000,0.530,-0.2,-0.0,16.11,0.591,0.000,1402,1399,1401,1398
4.740,takeoff,0.175,0.234,0.549,-0.059,0.000,0.523,-0.2,-0.1,16.11,0.620,0.000,1402,1399,1401,1398
4.760,takeoff,0.181,0.234,0.549,-0.053,0.000,0.525,-0.2,-0.1,16.11,0.620,0.000,1402,1399,1401,1398
4.780,takeoff,0.187,0.264,0.557,-0.077,0.000,0.510,-0.2,-0.1,16.11,0.707,0.000,1331,1332,1329,1331
4.800,takeoff,0.193,0.288,0.560,-0.095,0.000,0.506,-0.2,-0.1,16.11,0.703,0.000,1331,1332,1329,1331
4.820,takeoff,0.199,0.288,0.560,-0.089,0.000,0.507,-0.2,-0.2,16.11,0.703,0.000,1331,1332,1329,1331
4.840,takeoff,0.205,0.312,0.552,-0.107,0.000,0.501,-0.2,-0.2,16.11,0.723,0.000,1331,1332,1329,1331
4.860,takeoff,0.211,0.312,0.552,-0.101,0.000,0.502,-0.2,-0.2,16.11,0.723,0.000,1331,1332,1329,1331
4.880,takeoff,0.217,0.337,0.536,-0.120,0.000,0.497,-0.2,-0.2,16.11,0.732,0.000,1278,1278,1276,1277
4.900,takeoff,0.223,0.360,0.536,-0.137,0.000,0.492,-0.2,-0.2,16.11,0.732,0.000,1278,1278,1276,1277
4.920,takeoff,0.229,0.360,0.514,-0.131,0.000,0.494,-0.2,-0.2,16.11,0.732,0.000,1278,1278,1276,1277
4.940,takeoff,0.235,0.383,0.488,-0.148,0.000,0.493,-0.2,-0.2,16.11,0.704,0.000,1278,1278,1276,1277
4.960,takeoff,0.241,0.383,0.488,-0.142,0.000,0.494,-0.2,-0.2,16.11,0.704,0.000,1278,1278,1276,1277
4.980,takeoff,0.247,0.408,0.457,-0.161,0.000,0.487,-0.1,-0.2,16.11,0.733,0.000,1259,1260,1257,1258
5.000,takeoff,0.253,0.427,0.425,-0.174,0.000,0.488,-0.1,-0.2,16.11,0.688,0.000,1259,1260,1257,1258
5.020,takeoff,0.259,0.427,0.425,-0.168,0.000,0.489,-0.1,-0.2,16.11,0.688,0.000,1259,1260,1257,1258
5.040,takeoff,0.265,0.446,0.380,-0.181,0.000,0.489,-0.1,-0.2,16.11,0.661,0.000,1259,1260,1257,1258
5.060,takeoff,0.271,0.446,0.380,-0.175,0.000,0.490,-0.1,-0.2,16.11,0.661,0.000,1259,1260,1257,1258
5.080,takeoff,0.277,0.469,0.343,-0.192,0.000,0.487,-0.1,-0.2,16.11,0.650,0.000,1253,1253,1253,1253
5.100,takeoff,0.283,0.488,0.305,-0.205,0.000,0.485,-0.1,-0.2,16.11,0.634,0.000,1253,1253,1253,1253
5.120,takeoff,0.289,0.488,0.305,-0.199,0.000,0.487,-0.1,-0.2,16.11,0.634,0.000,1253,1253,1253,1253
5.140,takeoff,0.295,0.507,0.267,-0.212,0.000,0.485,-0.1,-0.2,16.11,0.625,0.000,1253,1253,1253,1253
5.160,takeoff,0.301,0.511,0.267,-0.210,0.000,0.500,-0.1,-0.2,16.11,0.475,0.000,1253,1253,1253,1253
5.180,takeoff,0.307,0.511,0.227,-0.204,0.000,0.502,-0.1,-0.1,16.11,0.475,0.000,1275,1275,1275,1276
5.200,takeoff,0.313,0.530,0.190,-0.217,0.000,0.497,-0.1,-0.1,16.11,0.483,0.000,1275,1275,1275,1276
5.220,takeoff,0.319,0.530,0.190,-0.211,0.000,0.499,-0.1,-0.1,16.11,0.483,0.000,1275,1275,1275,1276
5.240,takeoff,0.325,0.548,0.156,-0.223,0.000,0.491,-0.1,-0.1,16.11,0.530,0.000,1275,1275,1275,1276
5.260,takeoff,0.331,0.553,0.156,-0.222,0.000,0.504,-0.1,-0.1,16.11,0.410,0.000,1275,1275,1275,1276
5.280,takeoff,0.337,0.553,0.129,-0.216,0.000,0.505,-0.1,-0.1,16.11,0.410,0.000,1283,1283,1283,1283
5.300,takeoff,0.343,0.570,0.129,-0.227,0.000,0.495,-0.1,-0.1,16.11,0.477,0.000,1283,1283,1283,1283
5.320,takeoff,0.349,0.570,0.100,-0.221,0.000,0.497,-0.1,-0.1,16.11,0.477,0.000,1283,1283,1283,1283
5.341,takeoff,0.355,0.574,0.077,-0.219,0.000,0.509,-0.1,-0.1,16.11,0.363,0.000,1283,1283,1283,1283
5.360,takeoff,0.361,0.585,0.077,-0.224,0.000,0.509,-0.1,-0.1,16.11,0.353,0.000,1283,1283,1283,1283
5.380,takeoff,0.367,0.585,0.050,-0.218,0.000,0.510,-0.1,-0.1,16.11,0.353,0.000,1295,1295,1295,1296
5.400,takeoff,0.373,0.596,0.050,-0.223,0.000,0.508,-0.1,-0.1,16.11,0.361,0.000,1295,1295,1295,1296
5.420,takeoff,0.379,0.596,0.029,-0.217,0.000,0.510,-0.1,-0.1,16.11,0.361,0.000,1295,1295,1295,1296
5.440,takeoff,0.385,0.602,0.008,-0.217,0.000,0.516,-0.1,-0.1,16.11,0.299,0.000,1295,1295,1295,1296
5.460,takeoff,0.391,0.608,0.008,-0.217,0.000,0.520,-0.1,-0.1,16.11,0.262,0.000,1295,1295,1295,1296
5.480,takeoff,0.397,0.608,-0.008,-0.211,0.000,0.521,-0.1,-0.1,16.11,0.262,0.000,1319,1319,1319,1320
5.500,takeoff,0.403,0.613,-0.008,-0.210,0.000,0.524,-0.1,-0.1,16.11,0.240,0.000,1319,1319,1319,1320
5.520,takeoff,0.409,0.613,-0.017,-0.204,0.000,0.525,-0.1,-0.1,16.11,0.240,0.000,1319,1319,1319,1320
5.540,takeoff,0.415,0.622,-0.022,-0.207,0.000,0.524,-0.1,-0.1,16.11,0.244,0.000,1319,1319,1319,1320
5.560,takeoff,0.421,0.629,-0.022,-0.208,0.000,0.524,-0.1,-0.1,16.11,0.242,0.000,1319,1319,1319,1320
5.580,takeoff,0.427,0.629,-0.023,-0.202,0.000,0.525,-0.1,-0.1,16.11,0.242,0.000,1328,1328,1328,1329
5.600,takeoff,0.433,0.634,-0.024,-0.201,0.000,0.529,-0.1,-0.1,16.11,0.208,0.000,1328,1328,1328,1329
5.620,takeoff,0.439,0.634,-0.024,-0.195,0.000,0.530,-0.1,-0.1,16.11,0.208,0.000,1328,1328,1328,1329
5.640,takeoff,0.445,0.643,-0.023,-0.198,0.000,0.527,-0.1,-0.1,16.11,0.231,0.000,1328,1328,1328,1329
5.660,takeoff,0.451,0.649,-0.023,-0.198,0.000,0.529,-0.1,-0.1,16.11,0.215,0.000,1328,1328,1328,1329
5.680,takeoff,0.457,0.649,-0.019,-0.192,0.000,0.530,-0.1,-0.1,16.11,0.215,0.000,1336,1336,1336,1337
5.700,takeoff,0.463,0.656,-0.015,-0.193,0.000,0.530,-0.1,-0.1,16.11,0.217,0.000,1336,1336,1336,1337
5.720,takeoff,0.469,0.656,-0.015,-0.187,0.000,0.532,-0.1,-0.1,16.11,0.217,0.000,1336,1336,1336,1337
5.740,takeoff,0.475,0.656,-0.010,-0.181,0.000,0.540,-0.1,-0.1,16.11,0.152,0.000,1336,1336,1336,1337
5.760,takeoff,0.481,0.664,-0.010,-0.183,0.000,0.536,-0.0,-0.1,16.11,0.182,0.000,1336,1336,1336,1337
5.780,takeoff,0.487,0.664,-0.000,-0.177,0.000,0.537,-0.0,-0.1,16.11,0.182,0.000,1356,1356,1355,1357
5.800,takeoff,0.493,0.677,0.009,-0.184,0.000,0.529,-0.0,-0.1,16.11,0.250,0.000,1356,1356,1355,1357
5.820,takeoff,0.499,0.680,0.009,-0.181,0.000,0.535,-0.0,-0.1,16.11,0.201,0.000,1356,1356,1355,1357
5.840,takeoff,0.505,0.680,0.024,-0.175,0.000,0.536,-0.0,-0.1,16.11,0.201,0.000,1356,1356,1355,1357
5.860,takeoff,0.511,0.687,0.024,-0.176,0.000,0.536,-0.0,-0.1,16.11,0.199,0.000,1356,1356,1355,1357
5.880,takeoff,0.517,0.687,0.033,-0.170,0.000,0.538,-0.0,-0.1,16.11,0.199,0.000,1357,1356,1356,1357
5.900,takeoff,0.523,0.700,0.045,-0.177,0.000,0.530,-0.0,-0.1,16.11,0.261,0.000,1357,1356,1356,1357
5.920,takeoff,0.529,0.706,0.045,-0.177,0.000,0.531,-0.0,-0.1,16.11,0.241,0.000,1357,1356,1356,1357
5.940,takeoff,0.535,0.706,0.057,-0.171,0.000,0.533,-0.0,-0.1,16.11,0.241,0.000,1357,1356,1356,1357
5.960,takeoff,0.541,0.723,0.057,-0.182,0.000,0.522,-0.0,-0.1,16.11,0.329,0.000,1357,1356,1356,1357
5.980,takeoff,0.547,0.723,0.064,-0.176,0.000,0.523,-0.0,-0.1,16.11,0.329,0.000,1349,1349,1349,1350
6.000,takeoff,0.553,0.728,0.064,-0.175,0.000,0.529,-0.0,-0.1,16.11,0.274,0.000,1349,1349,1349,1350
6.020,takeoff,0.559,0.740,0.070,-0.181,0.000,0.524,-0.0,-0.1,16.11,0.306,0.000,1349,1349,1349,1350
6.040,takeoff,0.565,0.740,0.071,-0.175,0.000,0.526,-0.0,-0.1,16.11,0.306,0.000,1349,1349,1349,1350
6.060,takeoff,0.571,0.747,0.071,-0.176,0.000,0.528,-0.0,-0.0,16.11,0.279,0.000,1349,1349,1349,1350
6.080,takeoff,0.577,0.747,0.072,-0.170,0.000,0.530,-0.0,-0.0,16.05,0.279,0.000,1338,1338,1338,1340
6.100,takeoff,0.583,0.759,0.072,-0.176,0.000,0.525,-0.0,-0.0,16.05,0.311,0.000,1338,1338,1338,1340
6.120,takeoff,0.589,0.766,0.072,-0.177,0.000,0.528,-0.0,-0.0,16.05,0.274,0.000,1338,1338,1338,1340
6.140,takeoff,0.595,0.766,0.076,-0.171,0.000,0.530,-0.0,-0.0,16.05,0.274,0.000,1338,1338,1338,1340
6.160,takeoff,0.601,0.775,0.076,-0.174,0.000,0.529,-0.0,-0.0,16.05,0.279,0.000,1338,1338,1338,1340
6.180,takeoff,0.607,0.775,0.079,-0.168,0.000,0.530,-0.0,-0.0,16.05,0.279,0.000,1342,1342,1342,1343
6.200,takeoff,0.613,0.790,0.082,-0.177,0.000,0.522,-0.0,-0.0,16.05,0.338,0.000,1342,1342,1342,1343
6.220,takeoff,0.619,0.795,0.082,-0.177,0.000,0.527,-0.0,-0.0,16.05,0.285,0.000,1342,1342,1342,1343
6.240,takeoff,0.625,0.795,0.087,-0.171,0.000,0.529,-0.0,-0.0,16.05,0.285,0.000,1342,1342,1342,1343
6.260,takeoff,0.631,0.811,0.087,-0.180,0.000,0.522,-0.0,-0.0,16.05,0.333,0.000,1342,1342,1342,1343
6.280,takeoff,0.637,0.811,0.088,-0.174,0.000,0.523,-0.0,-0.0,16.05,0.333,0.000,1324,1323,1323,1325
6.300,takeoff,0.643,0.821,0.090,-0.178,0.000,0.524,-0.0,-0.0,16.05,0.319,0.000,1324,1323,1323,1325
6.320,takeoff,0.649,0.830,0.090,-0.181,0.000,0.523,-0.0,-0.0,16.05,0.316,0.000,1324,1323,1323,1325
6.340,takeoff,0.655,0.830,0.088,-0.175,0.000,0.524,-0.0,-0.0,16.05,0.316,0.000,1324,1323,1323,1325
6.360,takeoff,0.661,0.842,0.088,-0.181,0.000,0.522,-0.0,-0.0,16.05,0.329,0.000,1324,1323,1323,1325
6.380,takeoff,0.667,0.842,0.086,-0.175,0.000,0.523,-0.0,-0.0,16.05,0.329,0.000,1330,1330,1329,1331
6.400,takeoff,0.673,0.844,0.085,-0.171,0.000,0.532,-0.0,-0.0,16.05,0.250,0.000,1330,1330,1329,1331
6.420,takeoff,0.679,0.857,0.085,-0.178,0.000,0.526,-0.0,-0.0,16.05,0.297,0.000,1330,1330,1329,1331
6.440,takeoff,0.685,0.857,0.084,-0.172,0.000,0.527,-0.0,-0.0,16.05,0.297,0.000,1330,1330,1329,1331
6.460,takeoff,0.691,0.868,0.084,-0.177,0.000,0.524,-0.0,-0.0,16.05,0.313,0.000,1330,1330,1329,1331
6.480,takeoff,0.697,0.879,0.087,-0.182,0.000,0.522,-0.0,-0.0,16.05,0.323,0.000,1330,1330,1329,1330
6.500,takeoff,0.703,0.879,0.089,-0.176,0.000,0.524,-0.0,-0.0,16.05,0.323,0.000,1330,1330,1329,1330
6.520,takeoff,0.709,0.884,0.089,-0.175,0.000,0.530,-0.0,-0.0,16.05,0.266,0.000,1330,1330,1329,1330
6.540,takeoff,0.715,0.884,0.087,-0.169,0.000,0.531,-0.0,-0.0,16.05,0.266,0.000,1330,1330,1329,1330
6.560,takeoff,0.721,0.900,0.087,-0.179,0.000,0.522,-0.0,-0.0,16.05,0.334,0.000,1330,1330,1329,1330
6.580,takeoff,0.727,0.916,0.090,-0.189,0.000,0.515,-0.0,-0.0,16.05,0.381,0.000,1324,1325,1324,1325
6.600,takeoff,0.733,0.916,0.092,-0.183,0.000,0.516,-0.0,-0.0,16.05,0.381,0.000,1324,1325,1324,1325
6.620,takeoff,0.739,0.923,0.092,-0.184,0.000,0.520,-0.0,-0.0,16.05,0.336,0.000,1324,1325,1324,1325
6.640,takeoff,0.745,0.923,0.087,-0.178,0.000,0.522,-0.0,-0.0,16.05,0.336,0.000,1324,1325,1324,1325
6.660,takeoff,0.751,0.936,0.087,-0.185,0.000,0.519,-0.0,-0.0,16.05,0.347,0.000,1324,1325,1324,1325
6.680,takeoff,0.757,0.942,0.080,-0.185,0.000,0.524,-0.0,-0.0,16.05,0.301,0.000,1324,1324,1323,1325
6.700,takeoff,0.763,0.942,0.080,-0.179,0.000,0.525,-0.0,-0.0,16.05,0.301,0.000,1324,1324,1323,1325
6.720,takeoff,0.769,0.952,0.075,-0.183,0.000,0.525,-0.0,-0.0,16.05,0.296,0.000,1324,1324,1323,1325
6.740,takeoff,0.775,0.952,0.072,-0.177,0.000,0.526,-0.0,-0.0,16.05,0.296,0.000,1324,1324,1323,1325
6.760,takeoff,0.781,0.964,0.072,-0.183,0.000,0.521,-0.0,-0.0,16.05,0.329,0.000,1324,1324,1323,1325
6.780,takeoff,0.787,0.970,0.071,-0.183,0.000,0.527,-0.0,-0.0,16.05,0.277,0.000,1334,1334,1333,1335
6.800,takeoff,0.793,0.970,0.071,-0.177,0.000,0.528,-0.0,-0.0,16.05,0.277,0.000,1334,1334,1333,1335
6.820,takeoff,0.799,0.979,0.071,-0.180,0.000,0.527,-0.0,-0.0,16.05,0.277,0.000,1334,1334,1333,1335
6.840,takeoff,0.805,0.979,0.071,-0.174,0.000,0.529,-0.0,-0.0,16.05,0.277,0.000,1334,1334,1333,1335
6.860,takeoff,0.811,0.990,0.071,-0.179,0.000,0.525,-0.0,-0.0,16.05,0.303,0.000,1334,1334,1333,1335
6.880,takeoff,0.817,1.000,0.074,-0.183,0.000,0.524,-0.0,-0.0,16.05,0.304,0.000,1339,1340,1339,1341
6.900,takeoff,0.823,1.000,0.076,-0.177,0.000,0.525,-0.0,-0.0,16.05,0.304,0.000,1339,1340,1339,1341
6.920,takeoff,0.829,1.008,0.076,-0.179,0.000,0.527,-0.0,-0.0,16.05,0.279,0.000,1339,1340,1339,1341
6.940,takeoff,0.835,1.008,0.076,-0.173,0.000,0.529,-0.0,-0.0,16.05,0.279,0.000,1339,1340,1339,1341
6.960,takeoff,0.841,1.022,0.076,-0.181,0.000,0.521,-0.0,-0.0,16.05,0.334,0.000,1339,1340,1339,1341
6.980,takeoff,0.847,1.032,0.076,-0.185,0.000,0.521,-0.0,-0.0,16.05,0.323,0.000,1340,1340,1339,1341
7.000,takeoff,0.853,1.032,0.076,-0.179,0.000,0.523,-0.0,-0.0,16.05,0.323,0.000,1340,1340,1339,1341
7.020,takeoff,0.859,1.041,0.078,-0.182,0.000,0.524,-0.0,-0.0,16.05,0.306,0.000,1340,1340,1339,1341
7.040,takeoff,0.865,1.041,0.075,-0.176,0.000,0.525,-0.0,-0.0,16.05,0.306,0.000,1340,1340,1339,1341
7.060,takeoff,0.871,1.055,0.075,-0.184,0.000,0.520,-0.0,-0.0,16.05,0.339,0.000,1340,1340,1339,1341
7.080,takeoff,0.877,1.066,0.073,-0.189,0.000,0.519,-0.0,-0.0,16.05,0.336,0.000,1320,1320,1319,1320
7.100,takeoff,0.883,1.066,0.070,-0.183,0.000,0.521,-0.0,-0.0,16.05,0.336,0.000,1320,1320,1319,1320
7.120,takeoff,0.889,1.077,0.070,-0.188,0.000,0.519,0.0,-0.0,16.05,0.335,0.000,1320,1320,1319,1320
7.140,takeoff,0.895,1.085,0.066,-0.190,0.000,0.521,0.0,-0.0,16.05,0.313,0.000,1320,1320,1319,1320
7.160,takeoff,0.901,1.085,0.066,-0.184,0.000,0.523,-0.0,-0.0,16.05,0.313,0.000,1320,1320,1319,1320
7.180,takeoff,0.907,1.099,0.060,-0.192,0.000,0.518,-0.0,-0.0,16.05,0.338,0.000,1327,1327,1324,1327
7.200,takeoff,0.913,1.099,0.056,-0.186,0.000,0.520,-0.0,-0.0,16.05,0.338,0.000,1327,1327,1324,1327
7.220,takeoff,0.919,1.102,0.056,-0.183,0.000,0.527,-0.0,-0.0,16.05,0.268,0.000,1327,1327,1324,1327
7.240,takeoff,0.925,1.115,0.049,-0.190,0.000,0.520,-0.0,-0.0,16.05,0.306,0.000,1327,1327,1324,1327
7.260,takeoff,0.930,1.115,0.049,-0.185,0.000,0.521,0.0,-0.0,16.05,0.306,0.000,1327,1327,1324,1327
7.280,takeoff,0.935,1.112,0.048,-0.177,0.000,0.533,0.0,-0.0,16.05,0.191,0.000,1322,1322,1320,1322
7.300,takeoff,0.940,1.112,0.045,-0.172,0.000,0.533,0.0,-0.0,16.05,0.191,0.000,1322,1322,1320,1322
7.320,takeoff,0.945,1.131,0.045,-0.186,0.000,0.518,0.0,-0.0,16.05,0.296,0.000,1322,1322,1320,1322
7.340,takeoff,0.950,1.131,0.049,-0.182,0.000,0.518,0.0,-0.0,16.05,0.296,0.000,1322,1322,1320,1322
7.360,takeoff,0.954,1.144,0.049,-0.190,0.000,0.513,0.0,-0.0,16.05,0.318,0.000,1322,1322,1320,1322
7.380,takeoff,0.959,1.150,0.052,-0.191,0.000,0.516,0.0,-0.0,16.05,0.275,0.000,1305,1305,1303,1305
7.400,takeoff,0.963,1.150,0.052,-0.187,0.000,0.516,0.0,-0.0,16.05,0.275,0.000,1305,1305,1303,1305
7.420,takeoff,0.967,1.160,0.047,-0.194,0.000,0.511,0.0,-0.0,16.05,0.299,0.000,1305,1305,1303,1305
7.440,takeoff,0.970,1.166,0.035,-0.196,0.000,0.514,0.0,-0.0,16.05,0.257,0.000,1305,1305,1303,1305
7.460,takeoff,0.974,1.166,0.035,-0.192,0.000,0.513,0.0,-0.0,16.05,0.257,0.000,1305,1305,1303,1305
7.480,takeoff,0.977,1.174,0.023,-0.197,0.000,0.511,0.0,-0.0,16.05,0.257,0.000,1305,1306,1305,1306
7.500,takeoff,0.980,1.174,0.023,-0.194,0.000,0.511,0.0,-0.0,16.05,0.257,0.000,1305,1306,1305,1306
7.520,takeoff,0.983,1.188,0.010,-0.205,0.000,0.502,0.0,-0.0,16.05,0.305,0.000,1305,1306,1305,1306
7.540,takeoff,0.985,1.198,-0.003,-0.213,0.000,0.499,-0.0,-0.0,16.05,0.311,0.000,1305,1306,1305,1306
7.560,takeoff,0.988,1.198,-0.003,-0.210,0.000,0.498,-0.0,-0.0,16.05,0.311,0.000,1305,1306,1305,1306
7.580,takeoff,0.990,1.200,-0.027,-0.210,0.000,0.505,-0.0,-0.0,16.05,0.236,0.000,1271,1271,1271,1273
7.600,takeoff,0.992,1.200,-0.046,-0.208,0.000,0.504,-0.0,-0.0,16.05,0.236,0.000,1271,1271,1271,1273
7.620,takeoff,0.994,1.211,-0.046,-0.217,0.000,0.498,-0.0,-0.0,16.05,0.270,0.000,1271,1271,1271,1273
7.640,takeoff,0.995,1.219,-0.075,-0.223,0.000,0.496,-0.0,-0.0,16.05,0.263,0.000,1271,1271,1271,1273
7.660,takeoff,0.997,1.219,-0.075,-0.222,0.000,0.495,-0.0,-0.0,16.05,0.263,0.000,1271,1271,1271,1273
7.680,takeoff,1.000,1.221,-0.100,-0.221,-0.004,0.493,-0.0,-0.0,16.05,0.210,0.000,1264,1263,1263,1266
7.700,takeoff,1.000,1.221,-0.130,-0.221,-0.009,0.492,-0.0,-0.0,16.05,0.210,0.000,1264,1263,1263,1266
7.720,takeoff,1.000,1.224,-0.130,-0.224,-0.013,0.495,-0.0,-0.0,16.05,0.174,0.000,1264,1263,1263,1266
7.740,takeoff,1.000,1.230,-0.170,-0.230,-0.018,0.493,-0.0,-0.0,16.05,0.168,0.000,1264,1263,1263,1266
7.760,takeoff,1.000,1.230,-0.170,-0.230,-0.023,0.492,-0.0,-0.0,16.05,0.168,0.000,1264,1263,1263,1266
7.780,takeoff,1.000,1.226,-0.195,-0.226,-0.027,0.501,-0.0,-0.0,16.05,0.087,0.000,1259,1259,1258,1261
7.800,takeoff,1.000,1.231,-0.228,-0.231,-0.032,0.496,-0.0,-0.0,16.05,0.114,0.000,1259,1259,1258,1261
7.820,takeoff,1.000,1.231,-0.228,-0.231,-0.036,0.495,-0.0,-0.0,16.05,0.114,0.000,1259,1259,1258,1261
7.840,takeoff,1.000,1.227,-0.265,-0.227,-0.041,0.502,-0.0,-0.0,16.05,0.046,0.000,1259,1259,1258,1261
7.860,takeoff,1.000,1.227,-0.265,-0.227,-0.045,0.502,-0.0,-0.0,16.05,0.046,0.000,1259,1259,1258,1261
7.880,takeoff,1.000,1.227,-0.294,-0.227,-0.050,0.503,-0.0,-0.0,16.05,0.028,0.000,1280,1279,1277,1280
7.900,takeoff,1.000,1.227,-0.320,-0.227,-0.054,0.503,-0.0,-0.0,16.05,0.022,0.000,1280,1279,1277,1280
7.920,takeoff,1.000,1.227,-0.320,-0.227,-0.059,0.502,-0.0,-0.0,16.05,0.022,0.000,1280,1279,1277,1280
7.940,takeoff,1.000,1.227,-0.344,-0.227,-0.064,0.502,-0.0,-0.0,16.05,0.014,0.000,1280,1279,1277,1280
7.960,takeoff,1.000,1.227,-0.344,-0.227,-0.068,0.502,-0.0,-0.0,16.05,0.014,0.000,1280,1279,1277,1280
7.980,takeoff,1.000,1.221,-0.368,-0.221,-0.072,0.508,-0.0,-0.0,16.05,-0.040,0.000,1280,1281,1278,1281
8.000,takeoff,1.000,1.212,-0.392,-0.212,-0.077,0.516,-0.0,-0.0,16.05,-0.107,0.000,1280,1281,1278,1281
8.020,takeoff,1.000,1.212,-0.392,-0.212,-0.081,0.515,0.0,-0.0,16.05,-0.107,0.000,1280,1281,1278,1281
8.040,takeoff,1.000,1.213,-0.416,-0.213,-0.085,0.511,0.0,-0.0,16.05,-0.070,0.000,1280,1281,1278,1281
8.060,takeoff,1.000,1.213,-0.416,-0.213,-0.089,0.510,0.0,-0.0,16.05,-0.070,0.000,1280,1281,1278,1281
8.080,takeoff,1.000,1.200,-0.428,-0.200,-0.093,0.523,0.0,-0.0,15.99,-0.171,0.000,1299,1299,1296,1299
8.100,takeoff,1.000,1.200,-0.441,-0.200,-0.097,0.518,0.0,-0.0,15.99,-0.121,0.000,1299,1299,1296,1299
8.120,takeoff,1.000,1.200,-0.441,-0.200,-0.101,0.517,0.0,-0.0,15.99,-0.121,0.000,1299,1299,1296,1299
8.140,takeoff,1.000,1.193,-0.449,-0.193,-0.105,0.520,0.0,-0.0,15.99,-0.142,0.000,1299,1299,1296,1299
8.160,takeoff,1.000,1.193,-0.449,-0.193,-0.109,0.519,0.0,-0.0,15.99,-0.142,0.000,1299,1299,1296,1299
8.180,takeoff,1.000,1.188,-0.457,-0.188,-0.113,0.521,0.0,-0.0,15.99,-0.151,0.000,1320,1320,1318,1321
8.200,takeoff,1.000,1.182,-0.463,-0.182,-0.117,0.523,0.0,-0.0,15.99,-0.165,0.000,1320,1320,1318,1321
8.220,takeoff,1.000,1.182,-0.463,-0.182,-0.120,0.523,0.0,-0.0,15.99,-0.165,0.000,1320,1320,1318,1321
8.240,takeoff,1.000,1.173,-0.469,-0.173,-0.124,0.527,0.0,-0.0,15.99,-0.191,0.000,1320,1320,1318,1321
8.260,takeoff,1.000,1.173,-0.469,-0.173,-0.127,0.527,0.0,-0.0,15.99,-0.191,0.000,1320,1320,1318,1321
8.280,takeoff,1.000,1.167,-0.471,-0.167,-0.131,0.527,0.0,-0.0,15.99,-0.183,0.000,1336,1336,1335,1338
8.300,takeoff,1.000,1.165,-0.471,-0.165,-0.134,0.524,0.0,-0.0,15.99,-0.154,0.000,1336,1336,1335,1338
8.320,takeoff,1.000,1.165,-0.471,-0.165,-0.137,0.524,0.0,-0.0,15.99,-0.154,0.000,1336,1336,1335,1338
8.340,takeoff,1.000,1.153,-0.470,-0.153,-0.140,0.532,0.0,-0.0,15.99,-0.216,0.000,1336,1336,1335,1338
8.360,takeoff,1.000,1.153,-0.470,-0.153,-0.143,0.532,0.0,-0.0,15.99,-0.216,0.000,1336,1336,1335,1338
8.380,takeoff,1.000,1.144,-0.470,-0.144,-0.146,0.534,0.0,-0.0,15.99,-0.222,0.000,1348,1347,1348,1349
8.400,takeoff,1.000,1.137,-0.470,-0.137,-0.149,0.536,0.0,-0.0,15.99,-0.225,0.000,1348,1347,1348,1349
8.420,takeoff,1.000,1.137,-0.465,-0.137,-0.152,0.536,0.0,-0.0,15.99,-0.225,0.000,1348,1347,1348,1349
8.440,takeoff,1.000,1.133,-0.453,-0.133,-0.154,0.533,0.0,-0.0,15.99,-0.194,0.000,1348,1347,1348,1349
8.460,takeoff,1.000,1.127,-0.453,-0.127,-0.157,0.534,0.0,-0.0,15.99,-0.194,0.000,1348,1347,1348,1349
8.480,takeoff,1.000,1.127,-0.442,-0.127,-0.159,0.534,0.0,-0.0,15.99,-0.194,0.000,1349,1349,1348,1351
8.500,takeoff,1.000,1.117,-0.432,-0.117,-0.162,0.539,0.0,-0.0,15.99,-0.222,0.000,1349,1349,1348,1351
8.520,takeoff,1.000,1.117,-0.432,-0.117,-0.164,0.538,0.0,-0.0,15.99,-0.222,0.000,1349,1349,1348,1351
8.540,takeoff,1.000,1.118,-0.422,-0.118,-0.166,0.530,0.0,-0.0,15.99,-0.147,0.000,1349,1349,1348,1351
8.560,takeoff,1.000,1.118,-0.422,-0.118,-0.169,0.530,0.0,-0.0,15.99,-0.147,0.000,1349,1349,1348,1351
8.580,takeoff,1.000,1.106,-0.408,-0.106,-0.171,0.538,0.0,-0.0,15.99,-0.205,0.000,1342,1343,1342,1343
8.600,takeoff,1.000,1.110,-0.396,-0.110,-0.173,0.526,0.0,-0.0,15.99,-0.097,0.000,1342,1343,1342,1343
8.620,takeoff,1.000,1.110,-0.396,-0.110,-0.175,0.526,0.0,-0.0,15.99,-0.097,0.000,1342,1343,1342,1343
8.640,hold,1.000,1.099,-0.386,-0.099,-0.177,0.534,0.0,-0.0,15.99,-0.152,0.000,1342,1343,1342,1343
8.660,hold,1.000,1.100,-0.386,-0.100,-0.179,0.527,0.0,-0.0,15.99,-0.093,0.000,1342,1343,1342,1343
8.680,hold,1.000,1.100,-0.381,-0.100,-0.181,0.527,0.0,-0.0,15.99,-0.093,0.000,1337,1336,1335,1338
8.700,hold,1.000,1.093,-0.375,-0.093,-0.183,0.532,0.0,-0.0,15.99,-0.131,0.000,1337,1336,1335,1338
8.720,hold,1.000,1.090,-0.375,-0.090,-0.185,0.532,0.0,-0.0,15.99,-0.122,0.000,1337,1336,1335,1338
8.740,hold,1.000,1.090,-0.370,-0.090,-0.187,0.532,0.0,-0.0,15.99,-0.122,0.000,1337,1336,1335,1338
8.760,hold,1.000,1.085,-0.370,-0.085,-0.188,0.533,0.0,-0.0,15.99,-0.127,0.000,1337,1336,1335,1338
8.780,hold,1.000,1.085,-0.361,-0.085,-0.190,0.533,0.0,-0.0,15.99,-0.127,0.000,1350,1350,1348,1351
8.800,hold,1.000,1.085,-0.355,-0.085,-0.192,0.528,0.0,-0.0,15.99,-0.085,0.000,1350,1350,1348,1351
8.820,hold,1.000,1.085,-0.355,-0.085,-0.193,0.528,0.0,-0.0,15.99,-0.085,0.000,1350,1350,1348,1351
8.840,hold,1.000,1.079,-0.345,-0.079,-0.195,0.532,0.0,-0.0,15.99,-0.112,0.000,1350,1350,1348,1351
8.860,hold,1.000,1.083,-0.345,-0.083,-0.197,0.524,0.0,-0.0,15.99,-0.046,0.000,1350,1350,1348,1351
8.880,hold,1.000,1.083,-0.339,-0.083,-0.198,0.524,0.0,-0.0,15.99,-0.046,0.000,1330,1330,1328,1331
8.900,hold,1.000,1.071,-0.334,-0.071,-0.200,0.536,0.0,-0.0,15.99,-0.136,0.000,1330,1330,1328,1331
8.920,hold,1.000,1.071,-0.334,-0.071,-0.201,0.536,0.0,-0.0,15.99,-0.136,0.000,1330,1330,1328,1331
8.940,hold,1.000,1.071,-0.331,-0.071,-0.203,0.531,0.0,-0.0,15.99,-0.091,0.000,1330,1330,1328,1331
8.960,hold,1.000,1.067,-0.331,-0.067,-0.204,0.533,0.0,-0.0,15.99,-0.105,0.000,1330,1330,1328,1331
8.980,hold,1.000,1.067,-0.321,-0.067,-0.205,0.533,0.0,-0.0,15.99,-0.105,0.000,1350,1350,1348,1351
9.000,hold,1.000,1.074,-0.312,-0.074,-0.207,0.521,0.0,-0.0,15.99,-0.002,0.000,1350,1350,1348,1351
9.020,hold,1.000,1.074,-0.312,-0.074,-0.208,0.520,0.0,-0.0,15.99,-0.002,0.000,1350,1350,1348,1351
9.040,hold,1.000,1.066,-0.303,-0.066,-0.210,0.529,0.0,-0.0,15.99,-0.066,0.000,1350,1350,1348,1351
9.060,hold,1.000,1.064,-0.303,-0.064,-0.211,0.529,0.0,-0.0,15.99,-0.069,0.000,1350,1350,1348,1351
9.080,hold,1.000,1.064,-0.304,-0.064,-0.212,0.529,0.0,-0.0,15.99,-0.069,0.000,1339,1339,1338,1341
9.100,hold,1.000,1.065,-0.301,-0.065,-0.213,0.525,0.0,-0.0,15.99,-0.033,0.000,1339,1339,1338,1341
9.120,hold,1.000,1.056,-0.301,-0.056,-0.215,0.535,0.0,-0.0,15.99,-0.113,0.000,1339,1339,1338,1341
9.140,hold,1.000,1.056,-0.296,-0.056,-0.216,0.535,0.0,-0.0,15.99,-0.113,0.000,1339,1339,1338,1341
9.160,hold,1.000,1.062,-0.296,-0.062,-0.217,0.526,0.0,-0.0,15.99,-0.036,0.000,1339,1339,1338,1341
9.180,hold,1.000,1.062,-0.290,-0.062,-0.218,0.525,0.0,-0.0,15.99,-0.036,0.000,1332,1332,1331,1334
9.200,hold,1.000,1.059,-0.282,-0.059,-0.219,0.528,0.0,-0.0,15.99,-0.057,0.000,1332,1332,1331,1334
9.220,hold,1.000,1.060,-0.282,-0.060,-0.221,0.524,0.0,-0.0,15.99,-0.023,0.000,1332,1332,1331,1334
9.240,hold,1.000,1.060,-0.277,-0.060,-0.222,0.524,0.0,-0.0,15.99,-0.023,0.000,1332,1332,1331,1334
9.260,hold,1.000,1.056,-0.277,-0.056,-0.223,0.528,0.0,-0.0,15.99,-0.059,0.000,1332,1332,1331,1334
9.280,hold,1.000,1.056,-0.275,-0.056,-0.224,0.528,0.0,-0.0,15.99,-0.059,0.000,1328,1328,1329,1331
9.300,hold,1.000,1.059,-0.274,-0.059,-0.225,0.523,-0.0,-0.0,15.99,-0.015,0.000,1328,1328,1329,1331
9.320,hold,1.000,1.060,-0.274,-0.060,-0.226,0.521,0.0,-0.0,15.99,0.001,0.000,1328,1328,1329,1331
9.340,hold,1.000,1.060,-0.271,-0.060,-0.228,0.521,0.0,-0.0,15.99,0.001,0.000,1328,1328,1329,1331
9.360,hold,1.000,1.063,-0.271,-0.063,-0.229,0.518,0.0,-0.0,15.99,0.025,0.000,1328,1328,1329,1331
9.380,hold,1.000,1.063,-0.271,-0.063,-0.230,0.517,0.0,-0.0,15.99,0.025,0.000,1314,1314,1314,1317
9.400,hold,1.000,1.062,-0.275,-0.062,-0.231,0.518,0.0,-0.0,15.99,0.015,0.000,1314,1314,1314,1317
9.420,hold,1.000,1.054,-0.275,-0.054,-0.232,0.527,0.0,-0.0,15.99,-0.057,0.000,1314,1314,1314,1317
9.440,hold,1.000,1.054,-0.283,-0.054,-0.234,0.527,0.0,-0.0,15.99,-0.057,0.000,1314,1314,1314,1317
9.460,hold,1.000,1.055,-0.283,-0.055,-0.235,0.525,0.0,-0.0,15.99,-0.036,0.000,1314,1314,1314,1317
9.480,hold,1.000,1.055,-0.286,-0.055,-0.236,0.525,0.0,-0.0,15.99,-0.036,0.000,1330,1330,1330,1333
9.500,hold,1.000,1.054,-0.284,-0.054,-0.237,0.524,0.0,-0.0,15.99,-0.031,0.000,1330,1330,1330,1333
9.520,hold,1.000,1.056,-0.284,-0.056,-0.238,0.521,0.0,0.0,15.99,-0.006,0.000,1330,1330,1330,1333
9.540,hold,1.000,1.056,-0.283,-0.056,-0.239,0.521,0.0,0.0,15.99,-0.006,0.000,1330,1330,1330,1333
9.560,hold,1.000,1.056,-0.283,-0.056,-0.240,0.521,0.0,0.0,15.99,-0.007,0.000,1330,1330,1330,1333
9.580,hold,1.000,1.056,-0.285,-0.056,-0.241,0.521,0.0,0.0,15.99,-0.007,0.000,1322,1321,1320,1323
9.600,hold,1.000,1.047,-0.288,-0.047,-0.242,0.530,0.0,0.0,15.99,-0.084,0.000,1322,1321,1320,1323
9.620,hold,1.000,1.049,-0.288,-0.049,-0.243,0.525,0.0,0.0,15.99,-0.040,0.000,1322,1321,1320,1323
9.640,hold,1.000,1.049,-0.291,-0.049,-0.244,0.525,0.0,0.0,15.99,-0.040,0.000,1322,1321,1320,1323
9.660,hold,1.000,1.051,-0.291,-0.051,-0.245,0.521,0.0,0.0,15.99,-0.009,0.000,1322,1321,1320,1323
9.680,hold,1.000,1.051,-0.289,-0.051,-0.246,0.521,0.0,0.0,15.99,-0.009,0.000,1324,1323,1321,1324
9.700,hold,1.000,1.048,-0.289,-0.048,-0.247,0.524,0.0,0.0,15.99,-0.027,0.000,1324,1323,1321,1324
9.720,hold,1.000,1.046,-0.289,-0.046,-0.248,0.526,0.0,0.0,15.99,-0.046,0.000,1324,1323,1321,1324
9.740,hold,1.000,1.046,-0.292,-0.046,-0.249,0.526,0.0,-0.0,15.99,-0.046,0.000,1324,1323,1321,1324
9.760,hold,1.000,1.048,-0.292,-0.048,-0.250,0.521,0.0,-0.0,15.99,-0.005,0.000,1324,1323,1321,1324
9.780,hold,1.000,1.047,-0.292,-0.047,-0.251,0.522,0.0,0.0,15.99,-0.016,0.000,1334,1333,1331,1335
9.800,hold,1.000,1.047,-0.292,-0.047,-0.252,0.522,0.0,0.0,15.99,-0.016,0.000,1334,1333,1331,1335
9.820,hold,1.000,1.048,-0.292,-0.048,-0.253,0.520,0.0,0.0,15.99,-0.002,0.000,1334,1333,1331,1335
9.840,hold,1.000,1.048,-0.294,-0.048,-0.254,0.520,0.0,0.0,15.99,-0.002,0.000,1334,1333,1331,1335
9.860,hold,1.000,1.046,-0.294,-0.046,-0.255,0.523,0.0,0.0,15.99,-0.023,0.000,1334,1333,1331,1335
9.880,hold,1.000,1.043,-0.298,-0.043,-0.256,0.525,0.0,-0.0,15.99,-0.043,0.000,1326,1326,1324,1327
9.900,hold,1.000,1.043,-0.302,-0.043,-0.256,0.525,0.0,-0.0,15.99,-0.043,0.000,1326,1326,1324,1327
9.920,hold,1.000,1.041,-0.302,-0.041,-0.257,0.526,0.0,-0.0,15.99,-0.044,0.000,1326,1326,1324,1327
9.940,hold,1.000,1.041,-0.303,-0.041,-0.258,0.525,0.0,-0.0,15.99,-0.044,0.000,1326,1326,1324,1327
9.960,hold,1.000,1.037,-0.303,-0.037,-0.259,0.529,0.0,-0.0,15.99,-0.068,0.000,1326,1326,1324,1327
9.980,hold,1.000,1.035,-0.303,-0.035,-0.259,0.529,0.0,-0.0,15.99,-0.066,0.000,1332,1332,1330,1334
10.000,hold,1.000,1.035,-0.302,-0.035,-0.260,0.529,0.0,-0.0,15.99,-0.066,0.000,1332,1332,1330,1334
10.020,hold,1.000,1.035,-0.302,-0.035,-0.261,0.527,0.0,-0.0,15.99,-0.049,0.000,1332,1332,1330,1334
10.040,hold,1.000,1.035,-0.298,-0.035,-0.262,0.527,0.0,-0.0,15.99,-0.049,0.000,1332,1332,1330,1334
10.060,hold,1.000,1.036,-0.298,-0.036,-0.262,0.524,0.0,-0.0,15.99,-0.026,0.000,1332,1332,1330,1334
10.080,hold,1.000,1.030,-0.295,-0.030,-0.263,0.529,0.0,-0.0,15.93,-0.064,0.000,1330,1330,1328,1331
10.100,hold,1.000,1.030,-0.293,-0.030,-0.263,0.529,0.0,-0.0,15.93,-0.064,0.000,1330,1330,1328,1331
10.120,hold,1.000,1.033,-0.293,-0.033,-0.264,0.524,0.0,-0.0,15.93,-0.019,0.000,1330,1330,1328,1331
10.140,hold,1.000,1.033,-0.290,-0.033,-0.265,0.524,0.0,-0.0,15.93,-0.019,0.000,1330,1330,1328,1331
10.160,hold,1.000,1.029,-0.290,-0.029,-0.265,0.528,0.0,-0.0,15.93,-0.046,0.000,1330,1330,1328,1331
10.180,hold,1.000,1.033,-0.287,-0.033,-0.266,0.521,0.0,-0.0,15.93,0.009,0.000,1338,1337,1335,1338
10.200,hold,1.000,1.033,-0.287,-0.033,-0.267,0.521,0.0,-0.0,15.93,0.009,0.000,1338,1337,1335,1338
10.220,hold,1.000,1.026,-0.287,-0.026,-0.267,0.529,0.0,-0.0,15.93,-0.052,0.000,1338,1337,1335,1338
10.240,hold,1.000,1.026,-0.287,-0.026,-0.268,0.529,0.0,-0.0,15.93,-0.052,0.000,1338,1337,1335,1338
10.260,hold,1.000,1.030,-0.287,-0.030,-0.268,0.523,0.0,-0.0,15.93,-0.007,0.000,1338,1337,1335,1338
10.280,hold,1.000,1.028,-0.285,-0.028,-0.269,0.525,0.0,-0.0,15.93,-0.021,0.000,1340,1339,1337,1341
10.300,hold,1.000,1.028,-0.283,-0.028,-0.269,0.525,0.0,-0.0,15.93,-0.021,0.000,1340,1339,1337,1341
10.320,hold,1.000,1.031,-0.283,-0.031,-0.270,0.520,0.0,-0.0,15.93,0.013,0.000,1340,1339,1337,1341
10.340,hold,1.000,1.031,-0.283,-0.031,-0.271,0.520,0.0,-0.0,15.93,0.013,0.000,1340,1339,1337,1341
10.360,hold,1.000,1.022,-0.283,-0.022,-0.271,0.531,0.0,-0.0,15.93,-0.067,0.000,1340,1339,1337,1341
10.380,hold,1.000,1.027,-0.284,-0.027,-0.272,0.522,0.0,-0.0,15.93,0.003,0.000,1321,1321,1319,1322
10.400,hold,1.000,1.027,-0.284,-0.027,-0.272,0.522,0.0,-0.0,15.93,0.003,0.000,1321,1321,1319,1322
10.420,hold,1.000,1.022,-0.285,-0.022,-0.273,0.529,0.0,-0.0,15.93,-0.049,0.000,1321,1321,1319,1322
10.440,hold,1.000,1.023,-0.283,-0.023,-0.273,0.525,0.0,-0.0,15.93,-0.017,0.000,1321,1321,1319,1322
10.460,hold,1.000,1.023,-0.283,-0.023,-0.274,0.525,0.0,-0.0,15.93,-0.017,0.000,1321,1321,1319,1322
10.480,hold,1.000,1.025,-0.282,-0.025,-0.274,0.522,0.0,-0.0,15.93,0.002,0.000,1331,1331,1330,1333
10.500,hold,1.000,1.025,-0.280,-0.025,-0.275,0.522,0.0,-0.0,15.93,0.002,0.000,1331,1331,1330,1333
10.520,hold,1.000,1.018,-0.280,-0.018,-0.275,0.530,0.0,-0.0,15.93,-0.061,0.000,1331,1331,1330,1333
10.540,hold,1.000,1.020,-0.281,-0.020,-0.275,0.526,0.0,-0.0,15.93,-0.027,0.000,1331,1331,1330,1333
10.560,hold,1.000,1.020,-0.281,-0.020,-0.276,0.526,0.0,-0.0,15.93,-0.027,0.000,1331,1331,1330,1333
10.580,hold,1.000,1.023,-0.280,-0.023,-0.276,0.522,0.0,-0.0,15.93,0.010,0.000,1334,1334,1333,1337
10.600,hold,1.000,1.023,-0.277,-0.023,-0.277,0.522,0.0,-0.0,15.93,0.010,0.000,1334,1334,1333,1337
10.620,hold,1.000,1.018,-0.277,-0.018,-0.277,0.527,0.0,-0.0,15.93,-0.034,0.000,1334,1334,1333,1337
10.640,hold,1.000,1.018,-0.276,-0.018,-0.277,0.526,0.0,-0.0,15.93,-0.024,0.000,1334,1334,1333,1337
10.660,hold,1.000,1.018,-0.276,-0.018,-0.278,0.526,0.0,-0.0,15.93,-0.024,0.000,1334,1334,1333,1337
10.680,hold,1.000,1.014,-0.276,-0.014,-0.278,0.530,0.0,-0.0,15.93,-0.049,0.000,1334,1334,1333,1336
10.700,hold,1.000,1.014,-0.274,-0.014,-0.278,0.530,0.0,-0.0,15.93,-0.049,0.000,1334,1334,1333,1336
10.720,hold,1.000,1.016,-0.274,-0.016,-0.279,0.526,0.0,-0.0,15.93,-0.019,0.000,1334,1334,1333,1336
10.740,hold,1.000,1.017,-0.270,-0.017,-0.279,0.524,0.0,-0.0,15.93,-0.004,0.000,1334,1334,1333,1336
10.760,hold,1.000,1.017,-0.270,-0.017,-0.279,0.524,-0.0,-0.0,15.93,-0.004,0.000,1334,1334,1333,1336
10.780,hold,1.000,1.014,-0.265,-0.014,-0.280,0.527,-0.0,-0.0,15.93,-0.028,0.000,1330,1329,1328,1333
10.800,hold,1.000,1.014,-0.265,-0.014,-0.280,0.527,-0.0,-0.0,15.93,-0.028,0.000,1330,1329,1328,1333
10.820,hold,1.000,1.021,-0.264,-0.021,-0.280,0.519,-0.0,-0.0,15.93,0.041,0.000,1330,1329,1328,1333
10.840,hold,1.000,1.017,-0.261,-0.017,-0.281,0.524,-0.0,-0.0,15.93,-0.009,0.000,1330,1329,1328,1333
10.860,hold,1.000,1.017,-0.261,-0.017,-0.281,0.524,-0.0,-0.0,15.93,-0.009,0.000,1330,1329,1328,1333
10.880,hold,1.000,1.013,-0.262,-0.013,-0.281,0.529,-0.0,-0.0,15.93,-0.046,0.000,1329,1330,1328,1332
10.900,hold,1.000,1.017,-0.262,-0.017,-0.282,0.522,-0.0,-0.0,15.93,0.011,0.000,1329,1330,1328,1332
10.920,hold,1.000,1.017,-0.262,-0.017,-0.282,0.522,-0.0,-0.0,15.93,0.011,0.000,1329,1330,1328,1332
10.940,hold,1.000,1.010,-0.259,-0.010,-0.282,0.530,-0.0,-0.0,15.93,-0.051,0.000,1329,1330,1328,1332
10.960,hold,1.000,1.010,-0.259,-0.010,-0.282,0.530,-0.0,-0.0,15.93,-0.051,0.000,1329,1330,1328,1332
10.980,hold,1.000,1.008,-0.259,-0.008,-0.282,0.531,-0.0,-0.0,15.93,-0.052,0.000,1343,1343,1341,1344
11.000,hold,1.000,1.008,-0.255,-0.008,-0.283,0.531,-0.0,-0.0,15.93,-0.052,0.000,1343,1343,1341,1344
11.020,hold,1.000,1.008,-0.255,-0.008,-0.283,0.529,0.0,-0.0,15.93,-0.039,0.000,1343,1343,1341,1344
11.040,hold,1.000,1.009,-0.248,-0.009,-0.283,0.527,0.0,-0.0,15.93,-0.015,0.000,1343,1343,1341,1344
11.060,hold,1.000,1.009,-0.248,-0.009,-0.283,0.527,0.0,-0.0,15.93,-0.015,0.000,1343,1343,1341,1344
11.080,hold,1.000,1.019,-0.242,-0.019,-0.284,0.514,0.0,-0.0,15.93,0.084,0.000,1335,1335,1333,1337
11.100,hold,1.000,1.013,-0.240,-0.013,-0.284,0.525,0.0,-0.0,15.93,-0.004,0.000,1335,1335,1333,1337
11.120,hold,1.000,1.013,-0.240,-0.013,-0.284,0.525,0.0,-0.0,15.93,-0.004,0.000,1335,1335,1333,1337
11.140,hold,1.000,1.014,-0.243,-0.014,-0.284,0.523,0.0,0.0,15.93,0.011,0.000,1335,1335,1333,1337
11.160,hold,1.000,1.014,-0.243,-0.014,-0.285,0.523,0.0,0.0,15.93,0.011,0.000,1335,1335,1333,1337
11.180,hold,1.000,1.010,-0.244,-0.010,-0.285,0.528,0.0,0.0,15.93,-0.033,0.000,1327,1326,1324,1327
11.200,hold,1.000,1.016,-0.246,-0.016,-0.285,0.520,0.0,-0.0,15.93,0.029,0.000,1327,1326,1324,1327
11.220,hold,1.000,1.016,-0.246,-0.016,-0.285,0.520,0.0,-0.0,15.93,0.029,0.000,1327,1326,1324,1327
11.240,hold,1.000,1.013,-0.247,-0.013,-0.286,0.524,0.0,-0.0,15.93,-0.003,0.000,1327,1326,1324,1327
11.260,hold,1.000,1.013,-0.247,-0.013,-0.286,0.524,0.0,0.0,15.93,-0.003,0.000,1327,1326,1324,1327
11.281,hold,1.000,1.013,-0.249,-0.013,-0.286,0.524,0.0,0.0,15.93,-0.003,0.000,1330,1330,1327,1331
11.300,hold,1.000,1.009,-0.249,-0.009,-0.286,0.529,0.0,0.0,15.93,-0.042,0.000,1330,1330,1327,1331
11.320,hold,1.000,1.009,-0.251,-0.009,-0.287,0.529,0.0,0.0,15.93,-0.042,0.000,1330,1330,1327,1331
11.340,hold,1.000,1.018,-0.251,-0.018,-0.287,0.517,0.0,0.0,15.93,0.058,0.000,1330,1330,1327,1331
11.360,hold,1.000,1.018,-0.251,-0.018,-0.287,0.516,0.0,0.0,15.93,0.058,0.000,1330,1330,1327,1331
11.380,hold,1.000,1.012,-0.248,-0.012,-0.288,0.526,0.0,0.0,15.93,-0.020,0.000,1312,1313,1310,1314
11.400,hold,1.000,1.011,-0.253,-0.011,-0.288,0.526,0.0,0.0,15.93,-0.023,0.000,1312,1313,1310,1314
11.420,hold,1.000,1.011,-0.253,-0.011,-0.288,0.526,0.0,-0.0,15.93,-0.023,0.000,1312,1313,1310,1314
11.440,hold,1.000,1.013,-0.254,-0.013,-0.288,0.523,0.0,-0.0,15.93,0.001,0.000,1312,1313,1310,1314
11.460,hold,1.000,1.013,-0.254,-0.013,-0.289,0.523,0.0,-0.0,15.93,0.001,0.000,1312,1313,1310,1314
11.480,hold,1.000,1.007,-0.253,-0.007,-0.289,0.530,0.0,-0.0,15.93,-0.053,0.000,1328,1328,1325,1330
11.500,hold,1.000,1.008,-0.253,-0.008,-0.289,0.528,0.0,-0.0,15.93,-0.030,0.000,1328,1328,1325,1330
11.520,hold,1.000,1.008,-0.253,-0.008,-0.289,0.528,0.0,-0.0,15.93,-0.030,0.000,1328,1328,1325,1330
11.540,hold,1.000,1.014,-0.250,-0.014,-0.289,0.521,0.0,0.0,15.93,0.027,0.000,1328,1328,1325,1330
11.560,hold,1.000,1.014,-0.250,-0.014,-0.290,0.520,0.0,-0.0,15.93,0.027,0.000,1328,1328,1325,1330
11.580,hold,1.000,1.012,-0.246,-0.012,-0.290,0.523,0.0,-0.0,15.93,0.004,0.000,1321,1321,1320,1322
11.600,hold,1.000,1.009,-0.246,-0.009,-0.290,0.527,0.0,0.0,15.93,-0.024,0.000,1321,1321,1320,1322
11.620,hold,1.000,1.009,-0.247,-0.009,-0.290,0.527,0.0,0.0,15.93,-0.024,0.000,1321,1321,1320,1322
11.640,hold,1.000,1.011,-0.249,-0.011,-0.290,0.524,0.0,-0.0,15.93,0.002,0.000,1321,1321,1320,1322
11.660,hold,1.000,1.011,-0.249,-0.011,-0.291,0.524,0.0,-0.0,15.93,0.002,0.000,1321,1321,1320,1322
11.680,hold,1.000,1.011,-0.247,-0.011,-0.291,0.523,0.0,-0.0,15.93,0.005,0.000,1328,1328,1326,1330
11.700,hold,1.000,1.008,-0.247,-0.008,-0.291,0.526,0.0,-0.0,15.93,-0.021,0.000,1328,1328,1326,1330
11.720,hold,1.000,1.008,-0.247,-0.008,-0.291,0.526,0.0,-0.0,15.93,-0.021,0.000,1328,1328,1326,1330
11.740,hold,1.000,1.014,-0.248,-0.014,-0.291,0.518,0.0,-0.0,15.93,0.043,0.000,1328,1328,1326,1330
11.760,hold,1.000,1.012,-0.248,-0.012,-0.292,0.522,0.0,-0.0,15.93,0.014,0.000,1328,1328,1326,1330
11.780,hold,1.000,1.012,-0.247,-0.012,-0.292,0.522,0.0,-0.0,15.93,0.014,0.000,1324,1323,1322,1326
11.800,hold,1.000,1.015,-0.250,-0.015,-0.292,0.519,0.0,-0.0,15.93,0.034,0.000,1324,1323,1322,1326
11.820,hold,1.000,1.015,-0.250,-0.015,-0.293,0.519,0.0,-0.0,15.93,0.034,0.000,1324,1323,1322,1326
11.840,hold,1.000,1.014,-0.254,-0.014,-0.293,0.522,0.0,-0.0,15.93,0.010,0.000,1324,1323,1322,1326
11.860,hold,1.000,1.007,-0.254,-0.007,-0.293,0.531,0.0,-0.0,15.93,-0.065,0.000,1324,1323,1322,1326
11.880,hold,1.000,1.007,-0.259,-0.007,-0.293,0.531,0.0,-0.0,15.93,-0.065,0.000,1345,1344,1343,1346
11.900,hold,1.000,1.010,-0.259,-0.010,-0.293,0.524,0.0,-0.0,15.93,-0.010,0.000,1345,1344,1343,1346
11.920,hold,1.000,1.010,-0.259,-0.010,-0.294,0.524,-0.0,-0.0,15.93,-0.010,0.000,1345,1344,1343,1346
11.940,hold,1.000,1.012,-0.254,-0.012,-0.294,0.523,-0.0,-0.0,15.93,0.004,0.000,1345,1344,1343,1346
11.960,hold,1.000,1.003,-0.254,-0.003,-0.294,0.534,-0.0,-0.0,15.93,-0.085,0.000,1345,1344,1343,1346
11.980,hold,1.000,1.003,-0.252,-0.003,-0.294,0.534,-0.0,-0.0,15.93,-0.085,0.000,1351,1352,1349,1353
12.000,hold,1.000,1.014,-0.252,-0.014,-0.294,0.518,-0.0,-0.0,15.93,0.046,0.000,1351,1352,1349,1353
12.020,hold,1.000,1.014,-0.248,-0.014,-0.294,0.518,-0.0,-0.0,15.93,0.046,0.000,1351,1352,1349,1353
12.040,hold,1.000,1.012,-0.242,-0.012,-0.295,0.521,-0.0,-0.0,15.93,0.014,0.000,1351,1352,1349,1353
12.060,hold,1.000,1.011,-0.242,-0.011,-0.295,0.523,-0.0,-0.0,15.93,-0.000,0.000,1351,1352,1349,1353
12.080,hold,1.000,1.011,-0.244,-0.011,-0.295,0.523,-0.0,-0.0,15.87,-0.000,0.000,1327,1327,1325,1328
12.100,hold,1.000,1.013,-0.244,-0.013,-0.295,0.520,-0.0,-0.0,15.87,0.020,0.000,1327,1327,1325,1328
12.120,hold,1.000,1.013,-0.248,-0.013,-0.296,0.520,-0.0,-0.0,15.87,0.020,0.000,1327,1327,1325,1328
12.140,hold,1.000,1.008,-0.251,-0.008,-0.296,0.527,-0.0,-0.0,15.87,-0.034,0.000,1327,1327,1325,1328
12.160,hold,1.000,1.008,-0.251,-0.008,-0.296,0.525,-0.0,-0.0,15.87,-0.020,0.000,1327,1327,1325,1328
12.180,hold,1.000,1.008,-0.253,-0.008,-0.296,0.525,-0.0,-0.0,15.87,-0.020,0.000,1337,1336,1333,1337
12.200,hold,1.000,1.009,-0.253,-0.009,-0.296,0.525,0.0,-0.0,15.87,-0.013,0.000,1337,1336,1333,1337
12.220,hold,1.000,1.009,-0.253,-0.009,-0.296,0.525,0.0,0.0,15.87,-0.013,0.000,1337,1336,1333,1337
12.240,hold,1.000,1.005,-0.252,-0.005,-0.297,0.529,0.0,-0.0,15.87,-0.047,0.000,1337,1336,1333,1337
12.260,hold,1.000,1.006,-0.252,-0.006,-0.297,0.526,0.0,-0.0,15.87,-0.020,0.000,1337,1336,1333,1337
12.280,hold,1.000,1.006,-0.251,-0.006,-0.297,0.526,0.0,-0.0,15.87,-0.020,0.000,1335,1334,1331,1335
12.300,hold,1.000,1.007,-0.249,-0.007,-0.297,0.524,0.0,-0.0,15.87,-0.002,0.000,1335,1334,1331,1335
12.320,hold,1.000,1.007,-0.249,-0.007,-0.297,0.524,0.0,-0.0,15.87,-0.002,0.000,1335,1334,1331,1335
12.340,hold,1.000,1.006,-0.247,-0.006,-0.297,0.525,0.0,-0.0,15.87,-0.010,0.000,1335,1334,1331,1335
12.360,hold,1.000,1.010,-0.247,-0.010,-0.297,0.519,0.0,-0.0,15.87,0.034,0.000,1335,1334,1331,1335
12.380,hold,1.000,1.010,-0.247,-0.010,-0.298,0.519,0.0,-0.0,15.87,0.034,0.000,1319,1320,1316,1320
12.400,hold,1.000,1.011,-0.248,-0.011,-0.298,0.519,0.0,-0.0,15.87,0.035,0.000,1319,1320,1316,1320
12.420,hold,1.000,1.010,-0.248,-0.010,-0.298,0.522,0.0,-0.0,15.87,0.008,0.000,1319,1320,1316,1320
12.440,hold,1.000,1.010,-0.254,-0.010,-0.298,0.522,0.0,-0.0,15.87,0.008,0.000,1319,1320,1316,1320
12.460,hold,1.000,1.005,-0.254,-0.005,-0.298,0.528,0.0,-0.0,15.87,-0.037,0.000,1319,1320,1316,1320
12.480,hold,1.000,1.005,-0.258,-0.005,-0.298,0.528,0.0,-0.0,15.87,-0.037,0.000,1325,1325,1322,1326
12.500,hold,1.000,1.007,-0.258,-0.007,-0.299,0.524,0.0,-0.0,15.87,-0.002,0.000,1325,1325,1322,1326
12.520,hold,1.000,1.006,-0.259,-0.006,-0.299,0.525,0.0,-0.0,15.87,-0.014,0.000,1325,1325,1322,1326
12.540,hold,1.000,1.006,-0.256,-0.006,-0.299,0.525,-0.0,-0.0,15.87,-0.014,0.000,1325,1325,1322,1326
12.560,hold,1.000,1.010,-0.256,-0.010,-0.299,0.520,-0.0,-0.0,15.87,0.030,0.000,1325,1325,1322,1326
12.580,hold,1.000,1.010,-0.255,-0.010,-0.299,0.520,-0.0,-0.0,15.87,0.030,0.000,1331,1331,1329,1334
12.600,hold,1.000,1.003,-0.255,-0.003,-0.299,0.529,-0.0,-0.0,15.87,-0.040,0.000,1331,1331,1329,1334
12.620,hold,1.000,1.006,-0.255,-0.006,-0.299,0.523,-0.0,-0.0,15.87,0.005,0.000,1331,1331,1329,1334
12.640,hold,1.000,1.006,-0.257,-0.006,-0.299,0.523,-0.0,0.0,15.87,0.005,0.000,1331,1331,1329,1334
12.660,hold,1.000,1.001,-0.257,-0.001,-0.300,0.529,-0.0,0.0,15.87,-0.042,0.000,1331,1331,1329,1334
12.680,hold,1.000,1.001,-0.255,-0.001,-0.300,0.529,-0.0,0.0,15.87,-0.042,0.000,1326,1327,1325,1329
12.700,hold,1.000,1.003,-0.254,-0.003,-0.300,0.526,-0.0,0.0,15.87,-0.013,0.000,1326,1327,1325,1329
12.720,hold,1.000,1.001,-0.254,-0.001,-0.300,0.527,0.0,0.0,15.87,-0.026,0.000,1326,1327,1325,1329
12.740,hold,1.000,1.001,-0.250,-0.001,-0.300,0.527,-0.0,0.0,15.87,-0.026,0.000,1326,1327,1325,1329
12.760,hold,1.000,1.005,-0.250,-0.005,-0.300,0.522,-0.0,0.0,15.87,0.020,0.000,1326,1327,1325,1329
12.780,hold,1.000,1.005,-0.247,-0.005,-0.300,0.522,0.0,0.0,15.87,0.020,0.000,1337,1336,1334,1340
12.800,hold,1.000,1.002,-0.244,-0.002,-0.300,0.526,0.0,0.0,15.87,-0.013,0.000,1337,1336,1334,1340
12.820,hold,1.000,1.004,-0.244,-0.004,-0.300,0.523,-0.0,0.0,15.87,0.011,0.000,1337,1336,1334,1340
12.840,hold,1.000,1.004,-0.245,-0.004,-0.300,0.523,0.0,0.0,15.87,0.011,0.000,1337,1336,1334,1340
12.860,hold,1.000,0.997,-0.245,0.003,-0.300,0.531,0.0,0.0,15.87,-0.054,0.000,1337,1336,1334,1340
12.880,hold,1.000,0.997,-0.245,0.003,-0.300,0.531,0.0,0.0,15.87,-0.054,0.000,1345,1345,1344,1347
12.900,hold,1.000,1.001,-0.245,-0.001,-0.300,0.525,0.0,0.0,15.87,-0.001,0.000,1345,1345,1344,1347
12.920,hold,1.000,0.999,-0.243,0.001,-0.300,0.527,0.0,0.0,15.87,-0.019,0.000,1345,1345,1344,1347
12.940,hold,1.000,0.999,-0.238,0.001,-0.300,0.527,0.0,-0.0,15.87,-0.019,0.000,1345,1345,1344,1347
12.960,hold,1.000,1.006,-0.238,-0.006,-0.300,0.519,0.0,-0.0,15.87,0.046,0.000,1345,1345,1344,1347
12.980,hold,1.000,1.006,-0.235,-0.006,-0.300,0.519,0.0,-0.0,15.87,0.046,0.000,1318,1318,1316,1319
13.000,hold,1.000,1.002,-0.233,-0.002,-0.300,0.525,0.0,-0.0,15.87,-0.002,0.000,1318,1318,1316,1319
13.020,hold,1.000,1.003,-0.233,-0.003,-0.300,0.523,0.0,-0.0,15.87,0.012,0.000,1318,1318,1316,1319
13.040,hold,1.000,1.003,-0.237,-0.003,-0.300,0.523,0.0,-0.0,15.87,0.012,0.000,1318,1318,1316,1319
13.060,hold,1.000,1.005,-0.237,-0.005,-0.300,0.521,0.0,-0.0,15.87,0.029,0.000,1318,1318,1316,1319
13.080,hold,1.000,1.003,-0.238,-0.003,-0.300,0.524,0.0,-0.0,15.87,-0.001,0.000,1322,1322,1319,1323
13.100,hold,1.000,1.003,-0.240,-0.003,-0.301,0.524,0.0,-0.0,15.87,-0.001,0.000,1322,1322,1319,1323
13.120,hold,1.000,1.004,-0.240,-0.004,-0.301,0.524,0.0,-0.0,15.87,0.002,0.000,1322,1322,1319,1323
13.140,hold,1.000,1.004,-0.241,-0.004,-0.301,0.524,0.0,-0.0,15.87,0.002,0.000,1322,1322,1319,1323
13.160,hold,1.000,0.998,-0.241,0.002,-0.301,0.531,0.0,-0.0,15.87,-0.060,0.000,1322,1322,1319,1323
13.180,hold,1.000,1.005,-0.241,-0.005,-0.301,0.521,0.0,-0.0,15.87,0.024,0.000,1329,1329,1326,1331
13.200,hold,1.000,1.005,-0.239,-0.005,-0.301,0.521,0.0,-0.0,15.87,0.024,0.000,1329,1329,1326,1331
13.220,hold,1.000,1.000,-0.239,0.000,-0.301,0.528,0.0,-0.0,15.87,-0.033,0.000,1329,1329,1326,1331
13.240,hold,1.000,1.000,-0.237,0.000,-0.301,0.528,0.0,-0.0,15.87,-0.033,0.000,1329,1329,1326,1331
13.260,hold,1.000,1.001,-0.237,-0.001,-0.301,0.526,0.0,-0.0,15.87,-0.016,0.000,1329,1329,1326,1331
13.280,hold,1.000,0.997,-0.235,0.003,-0.301,0.530,0.0,-0.0,15.87,-0.045,0.000,1338,1339,1336,1341
13.300,hold,1.000,0.997,-0.235,0.003,-0.301,0.530,0.0,-0.0,15.87,-0.045,0.000,1338,1339,1336,1341
13.320,hold,1.000,0.995,-0.231,0.005,-0.301,0.531,0.0,-0.0,15.87,-0.050,0.000,1338,1339,1336,1341
13.340,hold,1.000,1.002,-0.227,-0.002,-0.301,0.521,0.0,-0.0,15.87,0.032,0.000,1338,1339,1336,1341
13.360,hold,1.000,1.002,-0.227,-0.002,-0.301,0.521,0.0,-0.0,15.87,0.032,0.000,1338,1339,1336,1341
13.380,hold,1.000,0.996,-0.220,0.004,-0.301,0.528,0.0,-0.0,15.87,-0.020,0.000,1323,1322,1321,1325
13.400,hold,1.000,0.996,-0.218,0.004,-0.301,0.528,-0.0,-0.0,15.87,-0.020,0.000,1323,1322,1321,1325
13.420,hold,1.000,0.999,-0.218,0.001,-0.301,0.524,-0.0,-0.0,15.87,0.010,0.000,1323,1322,1321,1325
13.440,hold,1.000,0.999,-0.216,0.001,-0.300,0.524,-0.0,-0.0,15.87,0.010,0.000,1323,1322,1321,1325
13.460,hold,1.000,0.999,-0.216,0.001,-0.300,0.525,-0.0,-0.0,15.87,0.006,0.000,1323,1322,1321,1325
13.480,hold,1.000,0.998,-0.214,0.002,-0.300,0.526,-0.0,-0.0,15.87,-0.003,0.000,1330,1330,1328,1332
13.500,hold,1.000,0.998,-0.213,0.002,-0.300,0.526,-0.0,-0.0,15.87,-0.003,0.000,1330,1330,1328,1332
13.520,hold,1.000,1.006,-0.213,-0.006,-0.300,0.517,-0.0,-0.0,15.87,0.062,0.000,1330,1330,1328,1332
13.540,hold,1.000,1.006,-0.212,-0.006,-0.301,0.517,-0.0,-0.0,15.87,0.062,0.000,1330,1330,1328,1332
13.560,hold,1.000,1.005,-0.212,-0.005,-0.301,0.520,-0.0,-0.0,15.87,0.036,0.000,1330,1330,1328,1332
13.580,hold,1.000,0.997,-0.213,0.003,-0.301,0.530,-0.0,-0.0,15.87,-0.044,0.000,1314,1314,1312,1315
13.600,hold,1.000,0.997,-0.213,0.003,-0.301,0.530,-0.0,-0.0,15.87,-0.044,0.000,1314,1314,1312,1315
13.620,hold,1.000,1.001,-0.218,-0.001,-0.301,0.524,0.0,-0.0,15.87,0.006,0.000,1314,1314,1312,1315
13.640,hold,1.000,1.001,-0.215,-0.001,-0.301,0.524,0.0,-0.0,15.87,0.006,0.000,1314,1314,1312,1315
13.660,hold,1.000,1.000,-0.215,-0.000,-0.301,0.525,0.0,-0.0,15.87,-0.005,0.000,1314,1314,1312,1315
13.680,hold,1.000,0.993,-0.211,0.007,-0.301,0.533,0.0,-0.0,15.87,-0.068,0.000,1329,1329,1327,1331
13.700,hold,1.000,0.993,-0.210,0.007,-0.300,0.533,0.0,-0.0,15.87,-0.068,0.000,1329,1329,1327,1331
13.720,hold,1.000,1.000,-0.210,-0.000,-0.300,0.523,0.0,-0.0,15.87,0.018,0.000,1329,1329,1327,1331
13.740,hold,1.000,1.004,-0.203,-0.004,-0.300,0.520,0.0,-0.0,15.87,0.042,0.000,1329,1329,1327,1331
13.760,hold,1.000,1.004,-0.203,-0.004,-0.301,0.520,0.0,-0.0,15.87,0.042,0.000,1329,1329,1327,1331
13.780,hold,1.000,0.999,-0.197,0.001,-0.301,0.525,0.0,-0.0,15.87,-0.003,0.000,1319,1319,1318,1322
13.800,hold,1.000,0.999,-0.198,0.001,-0.300,0.525,0.0,-0.0,15.87,-0.003,0.000,1319,1319,1318,1322
13.820,hold,1.000,1.003,-0.198,-0.003,-0.301,0.521,0.0,-0.0,15.87,0.036,0.000,1319,1319,1318,1322
13.840,hold,1.000,1.004,-0.199,-0.004,-0.301,0.520,0.0,-0.0,15.87,0.036,0.000,1319,1319,1318,1322
13.860,hold,1.000,1.004,-0.199,-0.004,-0.301,0.520,0.0,-0.0,15.87,0.036,0.000,1319,1319,1318,1322
13.880,hold,1.000,1.001,-0.200,-0.001,-0.301,0.525,0.0,-0.0,15.87,-0.007,0.000,1320,1320,1319,1323
13.900,hold,1.000,1.001,-0.203,-0.001,-0.301,0.525,0.0,-0.0,15.87,-0.007,0.000,1320,1320,1319,1323
13.920,hold,1.000,1.001,-0.203,-0.001,-0.301,0.525,0.0,-0.0,15.87,-0.003,0.000,1320,1320,1319,1323
13.940,hold,1.000,1.002,-0.203,-0.002,-0.301,0.524,0.0,-0.0,15.87,0.005,0.000,1320,1320,1319,1323
13.960,hold,1.000,1.002,-0.203,-0.002,-0.301,0.524,0.0,-0.0,15.87,0.005,0.000,1320,1320,1319,1323
13.980,hold,1.000,1.001,-0.203,-0.001,-0.301,0.525,0.0,-0.0,15.87,-0.003,0.000,1328,1328,1327,1331
14.000,hold,1.000,1.001,-0.202,-0.001,-0.301,0.525,0.0,-0.0,15.87,-0.003,0.000,1328,1328,1327,1331
14.020,hold,1.000,1.002,-0.202,-0.002,-0.301,0.524,0.0,-0.0,15.87,0.001,0.000,1328,1328,1327,1331
14.040,hold,1.000,1.002,-0.202,-0.002,-0.301,0.524,0.0,-0.0,15.87,0.001,0.000,1328,1328,1327,1331
14.060,hold,1.000,1.002,-0.202,-0.002,-0.301,0.524,0.0,-0.0,15.87,0.001,0.000,1328,1328,1327,1331
14.080,hold,1.000,1.001,-0.202,-0.001,-0.301,0.525,0.0,-0.0,15.84,-0.005,0.000,1330,1329,1329,1332
14.100,hold,1.000,1.001,-0.202,-0.001,-0.301,0.525,0.0,-0.0,15.84,-0.005,0.000,1330,1329,1329,1332
14.120,hold,1.000,1.004,-0.202,-0.004,-0.301,0.521,0.0,-0.0,15.84,0.028,0.000,1330,1329,1329,1332
14.140,hold,1.000,1.001,-0.201,-0.001,-0.301,0.526,0.0,-0.0,15.84,-0.009,0.000,1330,1329,1329,1332
14.160,hold,1.000,1.001,-0.201,-0.001,-0.301,0.526,0.0,-0.0,15.84,-0.009,0.000,1330,1329,1329,1332
14.180,hold,1.000,1.008,-0.201,-0.008,-0.301,0.517,0.0,-0.0,15.84,0.060,0.000,1332,1332,1331,1335
14.200,hold,1.000,1.008,-0.201,-0.008,-0.301,0.517,0.0,-0.0,15.84,0.060,0.000,1332,1332,1331,1335
14.220,hold,1.000,1.001,-0.201,-0.001,-0.301,0.528,0.0,-0.0,15.84,-0.029,0.000,1332,1332,1331,1335
14.240,hold,1.000,1.002,-0.205,-0.002,-0.302,0.525,0.0,-0.0,15.84,-0.010,0.000,1332,1332,1331,1335
14.260,hold,1.000,1.002,-0.205,-0.002,-0.302,0.525,0.0,-0.0,15.84,-0.010,0.000,1332,1332,1331,1335
14.280,hold,1.000,1.006,-0.205,-0.006,-0.302,0.520,0.0,-0.0,15.84,0.030,0.000,1332,1332,1330,1334
14.301,hold,1.000,1.006,-0.205,-0.006,-0.302,0.520,0.0,-0.0,15.84,0.030,0.000,1332,1332,1330,1334
14.320,hold,1.000,0.998,-0.205,0.002,-0.302,0.529,0.0,-0.0,15.84,-0.041,0.000,1332,1332,1330,1334
14.340,hold,1.000,1.004,-0.207,-0.004,-0.302,0.521,0.0,-0.0,15.84,0.024,0.000,1332,1332,1330,1334
14.360,hold,1.000,1.004,-0.207,-0.004,-0.302,0.521,0.0,-0.0,15.84,0.024,0.000,1332,1332,1330,1334
14.380,hold,1.000,1.003,-0.206,-0.003,-0.302,0.523,0.0,-0.0,15.84,0.007,0.000,1323,1323,1321,1325
14.400,hold,1.000,0.998,-0.206,0.002,-0.302,0.529,0.0,-0.0,15.84,-0.034,0.000,1323,1323,1321,1325
14.420,hold,1.000,0.998,-0.206,0.002,-0.302,0.529,0.0,-0.0,15.84,-0.034,0.000,1323,1323,1321,1325
14.440,hold,1.000,1.003,-0.207,-0.003,-0.302,0.522,0.0,-0.0,15.84,0.015,0.000,1323,1323,1321,1325
14.460,hold,1.000,1.003,-0.207,-0.003,-0.302,0.522,0.0,-0.0,15.84,0.015,0.000,1323,1323,1321,1325
14.480,hold,1.000,1.004,-0.204,-0.004,-0.302,0.521,0.0,-0.0,15.84,0.024,0.000,1326,1326,1323,1327
14.500,hold,1.000,1.005,-0.203,-0.005,-0.302,0.522,-0.0,-0.0,15.84,0.019,0.000,1326,1326,1323,1327
14.520,hold,1.000,1.005,-0.203,-0.005,-0.302,0.522,-0.0,-0.0,15.84,0.019,0.000,1326,1326,1323,1327
14.540,hold,1.000,1.012,-0.206,-0.012,-0.303,0.513,-0.0,-0.0,15.84,0.085,0.000,1326,1326,1323,1327
14.560,hold,1.000,1.012,-0.206,-0.012,-0.303,0.513,-0.0,-0.0,15.84,0.085,0.000,1326,1326,1323,1327
14.580,hold,1.000,1.003,-0.209,-0.003,-0.303,0.525,-0.0,-0.0,15.84,-0.014,0.000,1305,1305,1302,1306
14.600,hold,1.000,1.002,-0.217,-0.002,-0.303,0.526,-0.0,-0.0,15.84,-0.022,0.000,1305,1305,1302,1306
14.620,hold,1.000,1.002,-0.217,-0.002,-0.303,0.526,-0.0,-0.0,15.84,-0.022,0.000,1305,1305,1302,1306
14.640,hold,1.000,0.998,-0.220,0.002,-0.303,0.530,-0.0,-0.0,15.84,-0.052,0.000,1305,1305,1302,1306
14.660,hold,1.000,0.998,-0.220,0.002,-0.303,0.530,-0.0,-0.0,15.84,-0.052,0.000,1305,1305,1302,1306
14.680,hold,1.000,1.001,-0.218,-0.001,-0.303,0.525,-0.0,-0.0,15.84,-0.004,0.000,1343,1344,1341,1346
14.700,hold,1.000,1.001,-0.213,-0.001,-0.303,0.524,-0.0,-0.0,15.84,-0.002,0.000,1343,1344,1341,1346
14.720,hold,1.000,1.001,-0.213,-0.001,-0.303,0.524,-0.0,-0.0,15.84,-0.002,0.000,1343,1344,1341,1346
14.740,hold,1.000,0.999,-0.210,0.001,-0.303,0.527,-0.0,-0.0,15.84,-0.024,0.000,1343,1344,1341,1346
14.760,hold,1.000,0.999,-0.210,0.001,-0.303,0.527,-0.0,-0.0,15.84,-0.024,0.000,1343,1344,1341,1346
14.780,hold,1.000,0.997,-0.210,0.003,-0.303,0.529,-0.0,-0.0,15.84,-0.037,0.000,1337,1337,1334,1338
14.800,hold,1.000,0.998,-0.210,0.002,-0.303,0.526,-0.0,-0.0,15.84,-0.013,0.000,1337,1337,1334,1338
14.820,hold,1.000,0.998,-0.208,0.002,-0.303,0.526,-0.0,-0.0,15.84,-0.013,0.000,1337,1337,1334,1338
14.840,hold,1.000,0.999,-0.205,0.001,-0.303,0.525,-0.0,-0.0,15.84,-0.000,0.000,1337,1337,1334,1338
14.860,hold,1.000,0.999,-0.205,0.001,-0.303,0.525,-0.0,-0.0,15.84,-0.000,0.000,1337,1337,1334,1338
14.880,hold,1.000,0.993,-0.202,0.007,-0.302,0.533,-0.0,-0.0,15.84,-0.063,0.000,1331,1331,1329,1333
14.900,hold,1.000,0.998,-0.202,0.002,-0.302,0.524,-0.0,-0.0,15.84,0.008,0.000,1331,1331,1329,1333
14.920,hold,1.000,0.998,-0.202,0.002,-0.302,0.524,-0.0,-0.0,15.84,0.008,0.000,1331,1331,1329,1333
14.940,hold,1.000,0.998,-0.197,0.002,-0.302,0.525,-0.0,-0.0,15.84,0.001,0.000,1331,1331,1329,1333
14.960,hold,1.000,0.998,-0.197,0.002,-0.302,0.525,-0.0,-0.0,15.84,0.001,0.000,1331,1331,1329,1333
14.980,hold,1.000,0.994,-0.196,0.006,-0.302,0.529,-0.0,-0.0,15.84,-0.029,0.000,1331,1331,1330,1334
15.000,hold,1.000,0.999,-0.195,0.001,-0.302,0.522,-0.0,-0.0,15.84,0.029,0.000,1331,1331,1330,1334
15.020,hold,1.000,0.999,-0.195,0.001,-0.302,0.522,-0.0,-0.0,15.84,0.029,0.000,1331,1331,1330,1334
15.040,hold,1.000,0.998,-0.193,0.002,-0.302,0.524,-0.0,-0.0,15.84,0.011,0.000,1331,1331,1330,1334
15.060,hold,1.000,1.007,-0.193,-0.007,-0.302,0.514,-0.0,-0.0,15.84,0.085,0.000,1331,1331,1330,1334
15.080,hold,1.000,1.007,-0.194,-0.007,-0.302,0.514,-0.0,-0.0,15.84,0.085,0.000,1329,1329,1327,1331
15.100,hold,1.000,1.001,-0.198,-0.001,-0.302,0.524,-0.0,-0.0,15.84,0.007,0.000,1329,1329,1327,1331
15.120,hold,1.000,1.001,-0.198,-0.001,-0.302,0.524,-0.0,-0.0,15.84,0.007,0.000,1329,1329,1327,1331
15.140,hold,1.000,0.998,-0.205,0.002,-0.302,0.527,-0.0,-0.0,15.84,-0.023,0.000,1329,1329,1327,1331
15.160,hold,1.000,0.998,-0.205,0.002,-0.302,0.527,-0.0,-0.0,15.84,-0.016,0.000,1329,1329,1327,1331
15.180,hold,1.000,0.998,-0.207,0.002,-0.302,0.527,-0.0,-0.0,15.84,-0.016,0.000,1337,1337,1335,1339
15.200,hold,1.000,0.994,-0.206,0.006,-0.302,0.532,-0.0,-0.0,15.84,-0.054,0.000,1337,1337,1335,1339
15.220,hold,1.000,0.994,-0.206,0.006,-0.302,0.532,-0.0,-0.0,15.84,-0.054,0.000,1337,1337,1335,1339
15.240,hold,1.000,1.001,-0.203,-0.001,-0.302,0.522,0.0,-0.0,15.84,0.020,0.000,1337,1337,1335,1339
15.260,hold,1.000,1.000,-0.203,0.000,-0.302,0.525,0.0,-0.0,15.84,0.001,0.000,1337,1337,1335,1339
15.280,hold,1.000,1.000,-0.198,0.000,-0.302,0.525,0.0,-0.0,15.84,0.001,0.000,1326,1326,1324,1327
15.300,hold,1.000,0.996,-0.197,0.004,-0.302,0.530,0.0,-0.0,15.84,-0.038,0.000,1326,1326,1324,1327
15.320,hold,1.000,0.996,-0.197,0.004,-0.302,0.530,0.0,-0.0,15.84,-0.038,0.000,1326,1326,1324,1327
15.340,hold,1.000,0.999,-0.197,0.001,-0.302,0.525,0.0,-0.0,15.84,0.003,0.000,1326,1326,1324,1327
15.360,hold,1.000,0.999,-0.197,0.001,-0.302,0.525,-0.0,-0.0,15.84,0.003,0.000,1326,1326,1324,1327
15.380,hold,1.000,0.998,-0.194,0.002,-0.302,0.526,0.0,-0.0,15.84,-0.007,0.000,1331,1330,1328,1333
15.400,hold,1.000,0.997,-0.193,0.003,-0.302,0.527,0.0,-0.0,15.84,-0.019,0.000,1331,1330,1328,1333
15.420,hold,1.000,0.997,-0.193,0.003,-0.302,0.527,0.0,-0.0,15.84,-0.019,0.000,1331,1330,1328,1333
15.440,hold,1.000,0.999,-0.192,0.001,-0.302,0.524,0.0,-0.0,15.84,0.007,0.000,1331,1330,1328,1333
15.460,hold,1.000,1.002,-0.192,-0.002,-0.302,0.521,0.0,-0.0,15.84,0.032,0.000,1331,1330,1328,1333
15.480,hold,1.000,1.002,-0.191,-0.002,-0.302,0.521,0.0,-0.0,15.84,0.032,0.000,1323,1323,1321,1324
15.500,hold,1.000,0.999,-0.191,0.001,-0.302,0.525,-0.0,0.0,15.84,0.000,0.000,1323,1323,1321,1324
15.520,hold,1.000,0.999,-0.191,0.001,-0.302,0.525,-0.0,0.0,15.84,0.000,0.000,1323,1323,1321,1324
15.540,hold,1.000,1.001,-0.194,-0.001,-0.302,0.522,-0.0,0.0,15.84,0.024,0.000,1323,1323,1321,1324
15.560,hold,1.000,1.001,-0.194,-0.001,-0.302,0.523,-0.0,0.0,15.84,0.013,0.000,1323,1323,1321,1324
15.580,hold,1.000,1.001,-0.195,-0.001,-0.302,0.523,-0.0,0.0,15.84,0.013,0.000,1327,1327,1325,1329
15.600,hold,1.000,1.000,-0.197,0.000,-0.302,0.525,-0.0,0.0,15.84,-0.002,0.000,1327,1327,1325,1329
15.620,hold,1.000,1.000,-0.197,0.000,-0.302,0.525,-0.0,0.0,15.84,-0.002,0.000,1327,1327,1325,1329
15.640,hold,1.000,1.003,-0.199,-0.003,-0.302,0.521,-0.0,0.0,15.84,0.025,0.000,1327,1327,1325,1329
15.660,hold,1.000,1.003,-0.199,-0.003,-0.302,0.522,-0.0,0.0,15.84,0.021,0.000,1327,1327,1325,1329
15.680,hold,1.000,1.003,-0.199,-0.003,-0.302,0.522,-0.0,-0.0,15.84,0.021,0.000,1324,1324,1321,1325
15.700,hold,1.000,1.001,-0.202,-0.001,-0.302,0.525,-0.0,-0.0,15.84,-0.005,0.000,1324,1324,1321,1325
15.720,hold,1.000,1.001,-0.202,-0.001,-0.302,0.525,-0.0,-0.0,15.84,-0.006,0.000,1324,1324,1321,1325
15.741,hold,1.000,1.001,-0.205,-0.001,-0.302,0.525,-0.0,-0.0,15.84,-0.006,0.000,1324,1324,1321,1325
15.760,hold,1.000,1.004,-0.205,-0.004,-0.302,0.522,-0.0,-0.0,15.84,0.020,0.000,1324,1324,1321,1325
15.780,hold,1.000,1.004,-0.206,-0.004,-0.302,0.522,-0.0,-0.0,15.84,0.020,0.000,1325,1324,1322,1326
15.800,hold,1.000,1.002,-0.206,-0.002,-0.302,0.525,-0.0,-0.0,15.84,-0.003,0.000,1325,1324,1322,1326
15.820,hold,1.000,1.005,-0.206,-0.005,-0.302,0.521,-0.0,-0.0,15.84,0.029,0.000,1325,1324,1322,1326
15.840,hold,1.000,1.005,-0.210,-0.005,-0.302,0.521,-0.0,-0.0,15.84,0.029,0.000,1325,1324,1322,1326
15.860,hold,1.000,1.003,-0.210,-0.003,-0.302,0.524,-0.0,-0.0,15.84,-0.004,0.000,1325,1324,1322,1326
15.880,hold,1.000,1.003,-0.212,-0.003,-0.302,0.524,-0.0,-0.0,15.84,-0.004,0.000,1330,1330,1327,1332
15.900,hold,1.000,1.007,-0.214,-0.007,-0.303,0.520,-0.0,-0.0,15.84,0.032,0.000,1330,1330,1327,1332
15.920,hold,1.000,1.003,-0.214,-0.003,-0.303,0.526,-0.0,-0.0,15.84,-0.018,0.000,1330,1330,1327,1332
15.940,hold,1.000,1.003,-0.216,-0.003,-0.303,0.526,-0.0,-0.0,15.84,-0.018,0.000,1330,1330,1327,1332
15.960,hold,1.000,1.001,-0.216,-0.001,-0.303,0.527,-0.0,-0.0,15.84,-0.028,0.000,1330,1330,1327,1332
15.980,hold,1.000,1.001,-0.217,-0.001,-0.303,0.527,-0.0,-0.0,15.84,-0.028,0.000,1336,1336,1334,1338
16.000,hold,1.000,0.998,-0.216,0.002,-0.303,0.529,-0.0,-0.0,15.84,-0.042,0.000,1336,1336,1334,1338
16.020,hold,1.000,1.004,-0.216,-0.004,-0.303,0.522,-0.0,-0.0,15.84,0.016,0.000,1336,1336,1334,1338
16.040,hold,1.000,1.004,-0.213,-0.004,-0.303,0.522,-0.0,-0.0,15.84,0.016,0.000,1336,1336,1334,1338
16.060,hold,1.000,1.001,-0.213,-0.001,-0.303,0.526,-0.0,-0.0,15.84,-0.021,0.000,1336,1336,1334,1338
16.080,hold,1.000,1.001,-0.212,-0.001,-0.303,0.526,-0.0,-0.0,15.84,-0.021,0.000,1335,1334,1333,1337
16.100,hold,1.000,0.997,-0.212,0.003,-0.303,0.530,-0.0,-0.0,15.84,-0.047,0.000,1335,1334,1333,1337
16.120,hold,1.000,1.001,-0.212,-0.001,-0.303,0.524,0.0,-0.0,15.84,0.002,0.000,1335,1334,1333,1337
16.140,hold,1.000,1.001,-0.210,-0.001,-0.303,0.524,0.0,-0.0,15.84,0.002,0.000,1335,1334,1333,1337
16.160,hold,1.000,1.002,-0.210,-0.002,-0.303,0.523,0.0,-0.0,15.84,0.012,0.000,1335,1334,1333,1337
16.180,hold,1.000,1.002,-0.207,-0.002,-0.303,0.523,0.0,-0.0,15.84,0.012,0.000,1329,1329,1327,1332
16.200,hold,1.000,1.000,-0.207,-0.000,-0.303,0.525,0.0,-0.0,15.84,-0.007,0.000,1329,1329,1327,1332
16.220,hold,1.000,0.998,-0.207,0.002,-0.303,0.528,0.0,-0.0,15.84,-0.028,0.000,1329,1329,1327,1332
16.240,hold,1.000,0.998,-0.208,0.002,-0.303,0.528,0.0,-0.0,15.84,-0.028,0.000,1329,1329,1327,1332
16.260,hold,1.000,1.008,-0.208,-0.008,-0.303,0.515,0.0,-0.0,15.84,0.076,0.000,1329,1329,1327,1332
16.280,hold,1.000,1.008,-0.206,-0.008,-0.303,0.515,0.0,-0.0,15.84,0.076,0.000,1338,1337,1336,1340
16.300,hold,1.000,1.004,-0.205,-0.004,-0.303,0.521,0.0,-0.0,15.84,0.025,0.000,1338,1337,1336,1340
16.320,hold,1.000,1.004,-0.205,-0.004,-0.303,0.521,0.0,-0.0,15.84,0.025,0.000,1338,1337,1336,1340
16.340,hold,1.000,1.005,-0.212,-0.005,-0.303,0.521,0.0,-0.0,15.84,0.023,0.000,1338,1337,1336,1340
16.360,hold,1.000,0.999,-0.212,0.001,-0.303,0.530,0.0,-0.0,15.84,-0.055,0.000,1338,1337,1336,1340
16.380,hold,1.000,1.003,-0.216,-0.003,-0.304,0.524,0.0,-0.0,15.84,-0.006,0.000,1322,1322,1321,1325
16.400,hold,1.000,1.003,-0.218,-0.003,-0.304,0.524,0.0,-0.0,15.84,-0.006,0.000,1322,1322,1321,1325
16.420,hold,1.000,1.002,-0.218,-0.002,-0.304,0.525,0.0,-0.0,15.84,-0.007,0.000,1322,1322,1321,1325
16.440,hold,1.000,1.002,-0.215,-0.002,-0.304,0.525,0.0,-0.0,15.84,-0.007,0.000,1322,1322,1321,1325
16.460,hold,1.000,1.005,-0.215,-0.005,-0.304,0.522,0.0,-0.0,15.84,0.018,0.000,1322,1322,1321,1325
16.480,hold,1.000,0.998,-0.215,0.002,-0.304,0.530,0.0,-0.0,15.84,-0.052,0.000,1330,1330,1329,1333
16.500,hold,1.000,0.998,-0.215,0.002,-0.304,0.530,0.0,-0.0,15.84,-0.052,0.000,1330,1330,1329,1333
16.520,hold,1.000,0.999,-0.215,0.001,-0.304,0.528,0.0,-0.0,15.84,-0.032,0.000,1330,1330,1329,1333
16.540,hold,1.000,0.999,-0.212,0.001,-0.304,0.528,0.0,-0.0,15.84,-0.032,0.000,1330,1330,1329,1333
16.560,hold,1.000,0.999,-0.212,0.001,-0.304,0.527,0.0,-0.0,15.84,-0.023,0.000,1330,1330,1329,1333
16.580,hold,1.000,1.001,-0.207,-0.001,-0.304,0.524,0.0,-0.0,15.84,0.001,0.000,1337,1338,1337,1340
16.600,hold,1.000,1.001,-0.203,-0.001,-0.304,0.524,0.0,-0.0,15.84,0.001,0.000,1337,1338,1337,1340
16.620,hold,1.000,0.996,-0.203,0.004,-0.304,0.530,0.0,-0.0,15.84,-0.044,0.000,1337,1338,1337,1340
16.640,hold,1.000,0.996,-0.200,0.004,-0.303,0.530,0.0,-0.0,15.84,-0.044,0.000,1337,1338,1337,1340
16.660,hold,1.000,1.001,-0.200,-0.001,-0.303,0.522,0.0,-0.0,15.84,0.017,0.000,1337,1338,1337,1340
16.680,hold,1.000,0.998,-0.197,0.002,-0.303,0.527,0.0,-0.0,15.84,-0.015,0.000,1325,1325,1323,1328
16.700,hold,1.000,0.998,-0.197,0.002,-0.303,0.527,0.0,-0.0,15.84,-0.015,0.000,1325,1325,1323,1328
16.720,hold,1.000,0.997,-0.193,0.003,-0.303,0.527,0.0,0.0,15.84,-0.017,0.000,1325,1325,1323,1328
16.740,hold,1.000,0.997,-0.190,0.003,-0.303,0.527,0.0,0.0,15.84,-0.017,0.000,1325,1325,1323,1328
16.760,hold,1.000,1.001,-0.190,-0.001,-0.303,0.523,0.0,0.0,15.84,0.016,0.000,1325,1325,1323,1328
16.780,hold,1.000,0.995,-0.187,0.005,-0.303,0.530,0.0,0.0,15.84,-0.045,0.000,1336,1336,1333,1337
16.800,hold,1.000,0.995,-0.185,0.005,-0.303,0.530,0.0,0.0,15.84,-0.045,0.000,1336,1336,1333,1337
16.820,hold,1.000,0.998,-0.185,0.002,-0.303,0.526,0.0,0.0,15.84,-0.007,0.000,1336,1336,1333,1337
16.840,hold,1.000,0.998,-0.180,0.002,-0.303,0.526,0.0,0.0,15.84,-0.007,0.000,1336,1336,1333,1337
16.860,hold,1.000,1.004,-0.180,-0.004,-0.303,0.518,0.0,0.0,15.84,0.052,0.000,1336,1336,1333,1337
16.880,hold,1.000,0.999,-0.175,0.001,-0.303,0.527,0.0,0.0,15.84,-0.019,0.000,1316,1316,1313,1318
16.900,hold,1.000,0.999,-0.174,0.001,-0.303,0.527,0.0,0.0,15.84,-0.019,0.000,1316,1316,1313,1318
16.920,hold,1.000,1.006,-0.174,-0.006,-0.303,0.517,0.0,0.0,15.84,0.059,0.000,1316,1316,1313,1318
16.940,hold,1.000,1.006,-0.173,-0.006,-0.303,0.517,0.0,0.0,15.84,0.059,0.000,1316,1316,1313,1318
16.960,hold,1.000,0.998,-0.173,0.002,-0.303,0.527,0.0,0.0,15.84,-0.024,0.000,1316,1316,1313,1318
16.980,hold,1.000,1.006,-0.174,-0.006,-0.303,0.517,0.0,0.0,15.84,0.060,0.000,1337,1337,1335,1338
17.000,hold,1.000,1.006,-0.177,-0.006,-0.304,0.517,0.0,0.0,15.84,0.060,0.000,1337,1337,1335,1338
17.020,hold,1.000,1.007,-0.177,-0.007,-0.304,0.517,0.0,0.0,15.84,0.054,0.000,1337,1337,1335,1338
17.040,hold,1.000,0.999,-0.180,0.001,-0.304,0.529,0.0,0.0,15.84,-0.041,0.000,1337,1337,1335,1338
17.060,hold,1.000,0.999,-0.180,0.001,-0.304,0.529,0.0,0.0,15.84,-0.041,0.000,1337,1337,1335,1338
17.080,hold,1.000,1.003,-0.185,-0.003,-0.304,0.522,0.0,0.0,15.84,0.013,0.000,1340,1340,1338,1342
17.100,hold,1.000,1.003,-0.185,-0.003,-0.304,0.522,0.0,0.0,15.84,0.013,0.000,1340,1340,1338,1342
17.120,hold,1.000,1.006,-0.182,-0.006,-0.304,0.520,0.0,0.0,15.84,0.030,0.000,1340,1340,1338,1342
17.140,hold,1.000,1.006,-0.180,-0.006,-0.304,0.520,0.0,0.0,15.84,0.028,0.000,1340,1340,1338,1342
17.160,hold,1.000,1.006,-0.180,-0.006,-0.304,0.520,0.0,0.0,15.84,0.028,0.000,1340,1340,1338,1342
17.180,hold,1.000,1.006,-0.182,-0.006,-0.304,0.521,0.0,-0.0,15.84,0.015,0.000,1320,1320,1318,1323
17.200,hold,1.000,1.006,-0.182,-0.006,-0.304,0.521,0.0,-0.0,15.84,0.015,0.000,1320,1320,1318,1323
17.220,hold,1.000,1.003,-0.187,-0.003,-0.304,0.524,0.0,-0.0,15.84,-0.009,0.000,1320,1320,1318,1323
17.240,hold,1.000,1.003,-0.191,-0.003,-0.304,0.525,0.0,-0.0,15.84,-0.014,0.000,1320,1320,1318,1323
17.260,hold,1.000,1.003,-0.191,-0.003,-0.305,0.525,0.0,-0.0,15.84,-0.014,0.000,1320,1320,1318,1323
17.280,hold,1.000,1.003,-0.193,-0.003,-0.305,0.524,0.0,-0.0,15.84,-0.008,0.000,1331,1331,1329,1334
17.300,hold,1.000,1.003,-0.193,-0.003,-0.305,0.524,0.0,-0.0,15.84,-0.008,0.000,1331,1331,1329,1334
17.320,hold,1.000,1.009,-0.193,-0.009,-0.305,0.517,0.0,-0.0,15.84,0.054,0.000,1331,1331,1329,1334
17.340,hold,1.000,1.004,-0.193,-0.004,-0.305,0.524,0.0,-0.0,15.84,-0.002,0.000,1331,1331,1329,1334
17.360,hold,1.000,1.004,-0.193,-0.004,-0.305,0.523,0.0,-0.0,15.84,-0.002,0.000,1331,1331,1329,1334
17.380,hold,1.000,0.999,-0.195,0.001,-0.305,0.529,0.0,-0.0,15.84,-0.047,0.000,1328,1328,1326,1330
17.400,hold,1.000,0.999,-0.198,0.001,-0.305,0.529,0.0,-0.0,15.84,-0.047,0.000,1328,1328,1326,1330
17.420,hold,1.000,1.005,-0.198,-0.005,-0.305,0.521,0.0,-0.0,15.84,0.021,0.000,1328,1328,1326,1330
17.440,hold,1.000,1.003,-0.195,-0.003,-0.305,0.524,0.0,-0.0,15.84,-0.001,0.000,1328,1328,1326,1330
17.460,hold,1.000,1.003,-0.195,-0.003,-0.305,0.524,-0.0,-0.0,15.84,-0.001,0.000,1328,1328,1326,1330
17.480,hold,1.000,1.004,-0.194,-0.004,-0.305,0.523,-0.0,-0.0,15.84,0.001,0.000,1329,1328,1326,1330
17.500,hold,1.000,1.004,-0.195,-0.004,-0.305,0.523,-0.0,-0.0,15.84,0.001,0.000,1329,1328,1326,1330
17.520,hold,1.000,0.999,-0.195,0.001,-0.305,0.529,-0.0,-0.0,15.84,-0.043,0.000,1329,1328,1326,1330
17.540,hold,1.000,1.001,-0.197,-0.001,-0.305,0.525,0.0,-0.0,15.84,-0.010,0.000,1329,1328,1326,1330
17.560,hold,1.000,1.001,-0.197,-0.001,-0.305,0.525,0.0,-0.0,15.84,-0.010,0.000,1329,1328,1326,1330
17.580,hold,1.000,0.999,-0.196,0.001,-0.305,0.526,-0.0,-0.0,15.84,-0.021,0.000,1331,1331,1329,1333
17.600,hold,1.000,0.999,-0.195,0.001,-0.305,0.526,-0.0,-0.0,15.84,-0.021,0.000,1331,1331,1329,1333
17.620,hold,1.000,1.004,-0.195,-0.004,-0.305,0.521,-0.0,-0.0,15.84,0.020,0.000,1331,1331,1329,1333
17.640,hold,1.000,1.002,-0.194,-0.002,-0.305,0.524,-0.0,-0.0,15.84,-0.006,0.000,1331,1331,1329,1333
17.660,hold,1.000,1.002,-0.194,-0.002,-0.305,0.524,-0.0,-0.0,15.84,-0.006,0.000,1331,1331,1329,1333
17.680,hold,1.000,0.994,-0.194,0.006,-0.305,0.533,0.0,-0.0,15.84,-0.074,0.000,1330,1330,1328,1332
17.700,hold,1.000,1.003,-0.195,-0.003,-0.305,0.520,0.0,-0.0,15.84,0.037,0.000,1330,1330,1328,1332
17.720,hold,1.000,1.003,-0.195,-0.003,-0.305,0.520,0.0,-0.0,15.84,0.037,0.000,1330,1330,1328,1332
17.740,hold,1.000,0.998,-0.191,0.002,-0.305,0.526,0.0,-0.0,15.84,-0.016,0.000,1330,1330,1328,1332
17.760,hold,1.000,0.998,-0.191,0.002,-0.305,0.526,0.0,-0.0,15.84,-0.016,0.000,1330,1330,1328,1332
17.780,hold,1.000,0.997,-0.193,0.003,-0.305,0.527,-0.0,-0.0,15.84,-0.019,0.000,1334,1334,1332,1336
17.800,hold,1.000,0.998,-0.193,0.002,-0.305,0.525,-0.0,-0.0,15.84,-0.006,0.000,1334,1334,1332,1336
17.820,hold,1.000,0.998,-0.193,0.002,-0.305,0.525,-0.0,-0.0,15.84,-0.006,0.000,1334,1334,1332,1336
17.840,hold,1.000,0.998,-0.191,0.002,-0.305,0.526,-0.0,-0.0,15.84,-0.008,0.000,1334,1334,1332,1336
17.860,hold,1.000,0.998,-0.191,0.002,-0.305,0.526,-0.0,-0.0,15.84,-0.008,0.000,1334,1334,1332,1336
17.880,hold,1.000,1.003,-0.190,-0.003,-0.305,0.520,-0.0,-0.0,15.84,0.039,0.000,1333,1333,1330,1335
17.900,hold,1.000,0.996,-0.189,0.004,-0.305,0.529,-0.0,-0.0,15.84,-0.038,0.000,1333,1333,1330,1335
17.920,hold,1.000,0.996,-0.189,0.004,-0.305,0.529,-0.0,-0.0,15.84,-0.038,0.000,1333,1333,1330,1335
17.940,hold,1.000,1.002,-0.189,-0.002,-0.305,0.521,-0.0,-0.0,15.84,0.030,0.000,1333,1333,1330,1335
17.960,hold,1.000,1.002,-0.189,-0.002,-0.305,0.521,-0.0,-0.0,15.84,0.030,0.000,1333,1333,1330,1335
17.980,hold,1.000,0.995,-0.186,0.005,-0.305,0.530,-0.0,-0.0,15.84,-0.049,0.000,1322,1322,1319,1323
18.000,hold,1.000,0.996,-0.186,0.004,-0.305,0.528,-0.0,-0.0,15.84,-0.029,0.000,1322,1322,1319,1323
18.020,hold,1.000,0.996,-0.186,0.004,-0.305,0.528,-0.0,-0.0,15.84,-0.029,0.000,1322,1322,1319,1323
18.040,hold,1.000,0.997,-0.183,0.003,-0.305,0.526,-0.0,-0.0,15.84,-0.006,0.000,1322,1322,1319,1323
18.060,hold,1.000,0.997,-0.183,0.003,-0.305,0.526,-0.0,-0.0,15.84,-0.006,0.000,1322,1322,1319,1323
18.080,hold,1.000,0.995,-0.180,0.005,-0.305,0.528,-0.0,-0.0,15.84,-0.028,0.000,1333,1332,1331,1335
18.100,hold,1.000,0.996,-0.178,0.004,-0.305,0.526,-0.0,-0.0,15.84,-0.011,0.000,1333,1332,1331,1335
18.120,hold,1.000,0.996,-0.178,0.004,-0.305,0.526,-0.0,-0.0,15.84,-0.011,0.000,1333,1332,1331,1335
18.140,hold,1.000,1.002,-0.174,-0.002,-0.305,0.519,-0.0,-0.0,15.84,0.048,0.000,1333,1332,1331,1335
18.160,hold,1.000,1.002,-0.174,-0.002,-0.305,0.519,0.0,-0.0,15.84,0.048,0.000,1333,1332,1331,1335
18.180,hold,1.000,0.999,-0.172,0.001,-0.305,0.524,0.0,-0.0,15.84,0.004,0.000,1317,1318,1316,1320
18.200,hold,1.000,1.002,-0.172,-0.002,-0.305,0.521,0.0,-0.0,15.84,0.028,0.000,1317,1318,1316,1320
18.220,hold,1.000,1.002,-0.175,-0.002,-0.305,0.521,0.0,-0.0,15.84,0.028,0.000,1317,1318,1316,1320
18.240,hold,1.000,1.000,-0.178,0.000,-0.305,0.525,0.0,-0.0,15.84,-0.001,0.000,1317,1318,1316,1320
18.260,hold,1.000,1.000,-0.178,0.000,-0.305,0.525,0.0,-0.0,15.84,-0.001,0.000,1317,1318,1316,1320
18.280,hold,1.000,1.003,-0.180,-0.003,-0.305,0.520,0.0,-0.0,15.84,0.031,0.000,1330,1330,1329,1332
18.300,hold,1.000,1.000,-0.181,-0.000,-0.305,0.525,0.0,-0.0,15.84,-0.005,0.000,1330,1330,1329,1332
18.320,hold,1.000,1.000,-0.181,-0.000,-0.305,0.525,0.0,-0.0,15.84,-0.005,0.000,1330,1330,1329,1332
18.340,hold,1.000,1.000,-0.182,0.000,-0.305,0.525,0.0,-0.0,15.84,-0.008,0.000,1330,1330,1329,1332
18.360,hold,1.000,0.998,-0.182,0.002,-0.305,0.527,0.0,-0.0,15.84,-0.018,0.000,1330,1330,1329,1332
18.380,hold,1.000,0.998,-0.182,0.002,-0.305,0.527,0.0,-0.0,15.84,-0.018,0.000,1331,1332,1330,1334
18.400,hold,1.000,0.997,-0.181,0.003,-0.305,0.527,0.0,-0.0,15.84,-0.022,0.000,1331,1332,1330,1334
18.420,hold,1.000,0.997,-0.181,0.003,-0.304,0.527,0.0,-0.0,15.84,-0.022,0.000,1331,1332,1330,1334
18.440,hold,1.000,0.997,-0.178,0.003,-0.304,0.527,0.0,-0.0,15.84,-0.017,0.000,1331,1332,1330,1334
18.460,hold,1.000,1.003,-0.178,-0.003,-0.304,0.519,0.0,-0.0,15.84,0.043,0.000,1331,1332,1330,1334
18.480,hold,1.000,1.003,-0.175,-0.003,-0.305,0.519,0.0,-0.0,15.84,0.043,0.000,1335,1336,1333,1337
18.500,hold,1.000,1.002,-0.174,-0.002,-0.305,0.522,0.0,-0.0,15.84,0.023,0.000,1335,1336,1333,1337
18.520,hold,1.000,1.002,-0.174,-0.002,-0.305,0.522,0.0,-0.0,15.84,0.023,0.000,1335,1336,1333,1337
18.540,hold,1.000,0.997,-0.177,0.003,-0.305,0.528,0.0,-0.0,15.84,-0.028,0.000,1335,1336,1333,1337
18.560,hold,1.000,1.004,-0.177,-0.004,-0.305,0.518,0.0,-0.0,15.84,0.050,0.000,1335,1336,1333,1337
18.580,hold,1.000,1.004,-0.180,-0.004,-0.305,0.518,0.0,-0.0,15.84,0.050,0.000,1317,1317,1313,1318
18.600,hold,1.000,1.004,-0.180,-0.004,-0.305,0.520,0.0,-0.0,15.84,0.035,0.000,1317,1317,1313,1318
18.620,hold,1.000,1.004,-0.180,-0.004,-0.305,0.520,0.0,-0.0,15.84,0.035,0.000,1317,1317,1313,1318
18.640,hold,1.000,1.000,-0.185,0.000,-0.305,0.526,0.0,-0.0,15.84,-0.016,0.000,1317,1317,1313,1318
18.660,hold,1.000,0.995,-0.185,0.005,-0.305,0.530,-0.0,-0.0,15.84,-0.047,0.000,1317,1317,1313,1318
18.680,hold,1.000,0.995,-0.190,0.005,-0.305,0.530,-0.0,-0.0,15.84,-0.047,0.000,1334,1335,1331,1334
18.700,hold,1.000,1.003,-0.188,-0.003,-0.305,0.520,-0.0,-0.0,15.84,0.038,0.000,1334,1335,1331,1334
18.720,hold,1.000,1.003,-0.188,-0.003,-0.305,0.520,-0.0,-0.0,15.84,0.038,0.000,1334,1335,1331,1334
18.740,hold,1.000,0.995,-0.184,0.005,-0.305,0.530,-0.0,-0.0,15.84,-0.042,0.000,1334,1335,1331,1334
18.760,hold,1.000,0.999,-0.184,0.001,-0.305,0.524,-0.0,-0.0,15.84,0.004,0.000,1334,1335,1331,1334
18.780,hold,1.000,0.999,-0.184,0.001,-0.305,0.524,-0.0,-0.0,15.84,0.004,0.000,1329,1330,1327,1331
18.800,hold,1.000,0.999,-0.183,0.001,-0.305,0.525,-0.0,-0.0,15.84,-0.003,0.000,1329,1330,1327,1331
18.820,hold,1.000,0.999,-0.183,0.001,-0.305,0.525,0.0,-0.0,15.84,-0.003,0.000,1329,1330,1327,1331
18.840,hold,1.000,0.998,-0.182,0.002,-0.305,0.526,0.0,-0.0,15.84,-0.009,0.000,1329,1330,1327,1331
18.860,hold,1.000,0.992,-0.182,0.008,-0.304,0.532,0.0,-0.0,15.84,-0.061,0.000,1329,1330,1327,1331
18.880,hold,1.000,0.992,-0.182,0.008,-0.304,0.532,0.0,-0.0,15.84,-0.061,0.000,1348,1348,1345,1350
18.900,hold,1.000,0.996,-0.178,0.004,-0.304,0.526,0.0,-0.0,15.84,-0.011,0.000,1348,1348,1345,1350
18.920,hold,1.000,0.996,-0.178,0.004,-0.304,0.526,0.0,-0.0,15.84,-0.011,0.000,1348,1348,1345,1350
18.940,hold,1.000,0.994,-0.171,0.006,-0.304,0.529,0.0,-0.0,15.84,-0.027,0.000,1348,1348,1345,1350
18.960,hold,1.000,0.997,-0.171,0.003,-0.304,0.523,0.0,-0.0,15.84,0.017,0.000,1348,1348,1345,1350
18.980,hold,1.000,0.997,-0.168,0.003,-0.304,0.523,0.0,-0.0,15.84,0.017,0.000,1340,1339,1337,1342
19.000,hold,1.000,0.997,-0.165,0.003,-0.304,0.524,0.0,-0.0,15.84,0.009,0.000,1340,1339,1337,1342
19.020,hold,1.000,1.000,-0.165,-0.000,-0.304,0.520,0.0,-0.0,15.84,0.041,0.000,1340,1339,1337,1342
19.040,hold,1.000,1.000,-0.165,-0.000,-0.304,0.520,0.0,-0.0,15.84,0.041,0.000,1340,1339,1337,1342
19.060,hold,1.000,1.000,-0.165,0.000,-0.304,0.522,0.0,-0.0,15.84,0.022,0.000,1340,1339,1337,1342
19.080,hold,1.000,1.000,-0.167,0.000,-0.304,0.522,0.0,-0.0,15.84,0.022,0.000,1320,1320,1319,1322
19.100,hold,1.000,0.999,-0.171,0.001,-0.304,0.524,0.0,-0.0,15.84,0.011,0.000,1320,1320,1319,1322
19.120,hold,1.000,1.001,-0.171,-0.001,-0.304,0.522,0.0,-0.0,15.84,0.021,0.000,1320,1320,1319,1322
19.140,hold,1.000,1.001,-0.173,-0.001,-0.304,0.522,0.0,-0.0,15.84,0.021,0.000,1320,1320,1319,1322
19.160,hold,1.000,0.993,-0.173,0.007,-0.304,0.532,0.0,-0.0,15.84,-0.054,0.000,1320,1320,1319,1322
19.180,hold,1.000,0.993,-0.175,0.007,-0.304,0.532,0.0,-0.0,15.84,-0.054,0.000,1345,1346,1344,1349
19.200,hold,1.000,0.989,-0.175,0.011,-0.303,0.535,0.0,-0.0,15.84,-0.073,0.000,1345,1346,1344,1349
19.220,hold,1.000,0.996,-0.175,0.004,-0.303,0.524,0.0,-0.0,15.84,0.017,0.000,1345,1346,1344,1349
19.240,hold,1.000,0.996,-0.166,0.004,-0.303,0.524,0.0,-0.0,15.84,0.017,0.000,1345,1346,1344,1349
19.260,hold,1.000,0.996,-0.166,0.004,-0.303,0.524,0.0,-0.0,15.84,0.012,0.000,1345,1346,1344,1349
19.280,hold,1.000,0.996,-0.161,0.004,-0.303,0.524,0.0,-0.0,15.84,0.012,0.000,1328,1328,1327,1331
19.300,hold,1.000,0.992,-0.160,0.008,-0.303,0.529,0.0,-0.0,15.84,-0.026,0.000,1328,1328,1327,1331
19.320,hold,1.000,0.999,-0.160,0.001,-0.303,0.521,0.0,-0.0,15.84,0.041,0.000,1328,1328,1327,1331
19.340,hold,1.000,0.999,-0.159,0.001,-0.303,0.521,0.0,-0.0,15.84,0.041,0.000,1328,1328,1327,1331
19.360,hold,1.000,0.991,-0.159,0.009,-0.303,0.531,0.0,-0.0,15.84,-0.041,0.000,1328,1328,1327,1331
19.380,hold,1.000,0.991,-0.158,0.009,-0.302,0.531,0.0,-0.0,15.84,-0.041,0.000,1322,1321,1320,1324
19.400,hold,1.000,0.996,-0.158,0.004,-0.302,0.524,0.0,-0.0,15.84,0.015,0.000,1322,1321,1320,1324
19.420,hold,1.000,0.997,-0.158,0.003,-0.302,0.524,-0.0,-0.0,15.84,0.017,0.000,1322,1321,1320,1324
19.440,hold,1.000,0.997,-0.152,0.003,-0.302,0.524,-0.0,-0.0,15.84,0.017,0.000,1322,1321,1320,1324
19.460,hold,1.000,0.996,-0.152,0.004,-0.302,0.525,-0.0,-0.0,15.84,0.006,0.000,1322,1321,1320,1324
19.480,hold,1.000,0.996,-0.152,0.004,-0.302,0.525,-0.0,-0.0,15.84,0.006,0.000,1331,1331,1329,1334
19.500,hold,1.000,1.004,-0.152,-0.004,-0.302,0.517,-0.0,-0.0,15.84,0.071,0.000,1331,1331,1329,1334
19.520,hold,1.000,0.998,-0.152,0.002,-0.302,0.525,-0.0,-0.0,15.84,-0.000,0.000,1331,1331,1329,1334
19.540,hold,1.000,0.998,-0.152,0.002,-0.302,0.525,-0.0,-0.0,15.84,-0.000,0.000,1331,1331,1329,1334
19.560,hold,1.000,1.001,-0.152,-0.001,-0.302,0.522,-0.0,-0.0,15.84,0.026,0.000,1331,1331,1329,1334
19.580,hold,1.000,1.001,-0.155,-0.001,-0.302,0.522,-0.0,-0.0,15.84,0.026,0.000,1324,1325,1322,1325
19.600,hold,1.000,1.000,-0.156,0.000,-0.302,0.524,-0.0,-0.0,15.84,0.005,0.000,1324,1325,1322,1325
19.620,hold,1.000,0.997,-0.156,0.003,-0.302,0.527,-0.0,-0.0,15.84,-0.019,0.000,1324,1325,1322,1325
19.640,hold,1.000,0.997,-0.158,0.003,-0.302,0.527,-0.0,-0.0,15.84,-0.019,0.000,1324,1325,1322,1325
19.660,hold,1.000,1.003,-0.158,-0.003,-0.302,0.521,-0.0,-0.0,15.84,0.032,0.000,1324,1325,1322,1325
19.680,hold,1.000,0.992,-0.158,0.008,-0.302,0.536,-0.0,-0.0,15.84,-0.095,0.000,1322,1323,1319,1324
19.700,hold,1.000,0.992,-0.158,0.008,-0.302,0.536,-0.0,-0.0,15.84,-0.095,0.000,1322,1323,1319,1324
19.720,hold,1.000,1.002,-0.157,-0.002,-0.302,0.522,-0.0,-0.0,15.84,0.023,0.000,1322,1323,1319,1324
19.740,hold,1.000,1.002,-0.146,-0.002,-0.302,0.522,-0.0,-0.0,15.84,0.023,0.000,1322,1323,1319,1324
19.760,hold,1.000,1.007,-0.146,-0.007,-0.302,0.517,-0.0,-0.0,15.84,0.062,0.000,1322,1323,1319,1324
19.780,hold,1.000,1.002,-0.142,-0.002,-0.302,0.524,-0.0,-0.0,15.84,-0.001,0.000,1313,1313,1310,1314
19.800,hold,1.000,1.002,-0.145,-0.002,-0.302,0.524,-0.0,-0.0,15.84,-0.001,0.000,1313,1313,1310,1314
19.820,hold,1.000,0.996,-0.145,0.004,-0.302,0.532,-0.0,-0.0,15.84,-0.061,0.000,1313,1313,1310,1314
19.840,hold,1.000,0.996,-0.146,0.004,-0.302,0.532,-0.0,-0.0,15.84,-0.061,0.000,1313,1313,1310,1314
19.860,hold,1.000,1.004,-0.146,-0.004,-0.302,0.521,-0.0,-0.0,15.84,0.025,0.000,1313,1313,1310,1314
19.880,hold,1.000,1.007,-0.142,-0.007,-0.302,0.518,-0.0,-0.0,15.84,0.049,0.000,1322,1324,1321,1324
19.900,hold,1.000,1.007,-0.136,-0.007,-0.302,0.518,-0.0,-0.0,15.84,0.049,0.000,1322,1324,1321,1324
19.920,hold,1.000,1.009,-0.136,-0.009,-0.302,0.517,-0.0,-0.0,15.84,0.052,0.000,1322,1324,1321,1324
19.940,hold,1.000,1.009,-0.139,-0.009,-0.303,0.517,-0.0,-0.0,15.84,0.052,0.000,1322,1324,1321,1324
19.960,hold,1.000,1.005,-0.139,-0.005,-0.303,0.524,-0.0,-0.0,15.84,-0.003,0.000,1322,1324,1321,1324
19.980,hold,1.000,1.007,-0.145,-0.007,-0.303,0.522,-0.0,-0.0,15.84,0.013,0.000,1329,1328,1326,1331
20.000,hold,1.000,1.007,-0.151,-0.007,-0.303,0.522,-0.0,-0.0,15.84,0.013,0.000,1329,1328,1326,1331
20.020,hold,1.000,1.010,-0.151,-0.010,-0.303,0.517,-0.0,-0.0,15.84,0.045,0.000,1329,1328,1326,1331
20.040,hold,1.000,1.010,-0.154,-0.010,-0.303,0.517,-0.0,-0.0,15.84,0.045,0.000,1329,1328,1326,1331
20.060,hold,1.000,1.005,-0.154,-0.005,-0.304,0.525,-0.0,-0.0,15.84,-0.022,0.000,1329,1328,1326,1331
20.080,hold,1.000,1.005,-0.160,-0.005,-0.304,0.525,-0.0,-0.0,15.84,-0.015,0.000,1332,1332,1330,1334
20.100,hold,1.000,1.005,-0.160,-0.005,-0.304,0.525,-0.0,-0.0,15.84,-0.015,0.000,1332,1332,1330,1334
20.120,hold,1.000,1.003,-0.165,-0.003,-0.304,0.526,-0.0,-0.0,15.84,-0.021,0.000,1332,1332,1330,1334
20.140,hold,1.000,1.003,-0.165,-0.003,-0.304,0.526,-0.0,-0.0,15.84,-0.021,0.000,1332,1332,1330,1334
20.160,hold,1.000,1.001,-0.165,-0.001,-0.304,0.528,-0.0,-0.0,15.84,-0.042,0.000,1332,1332,1330,1334
20.180,hold,1.000,0.998,-0.165,0.002,-0.304,0.531,-0.0,-0.0,15.84,-0.057,0.000,1333,1333,1330,1335
20.200,hold,1.000,0.998,-0.164,0.002,-0.304,0.531,-0.0,-0.0,15.84,-0.057,0.000,1333,1333,1330,1335
20.220,hold,1.000,1.007,-0.164,-0.007,-0.304,0.518,-0.0,-0.0,15.84,0.048,0.000,1333,1333,1330,1335
20.240,hold,1.000,1.007,-0.158,-0.007,-0.304,0.518,-0.0,-0.0,15.84,0.048,0.000,1333,1333,1330,1335
20.260,hold,1.000,1.003,-0.158,-0.003,-0.304,0.524,-0.0,-0.0,15.84,-0.005,0.000,1333,1333,1330,1335
20.280,hold,1.000,1.007,-0.157,-0.007,-0.304,0.518,-0.0,-0.0,15.84,0.040,0.000,1330,1330,1327,1331
20.300,hold,1.000,1.007,-0.160,-0.007,-0.304,0.518,-0.0,-0.0,15.84,0.040,0.000,1330,1330,1327,1331
20.320,hold,1.000,1.009,-0.160,-0.009,-0.305,0.518,-0.0,-0.0,15.84,0.040,0.000,1330,1330,1327,1331
20.340,hold,1.000,1.010,-0.164,-0.010,-0.305,0.518,-0.0,-0.0,15.84,0.039,0.000,1330,1330,1327,1331
20.360,hold,1.000,1.010,-0.164,-0.010,-0.305,0.518,-0.0,-0.0,15.84,0.039,0.000,1330,1330,1327,1331
20.380,hold,1.000,1.005,-0.170,-0.005,-0.305,0.524,-0.0,0.0,15.84,-0.009,0.000,1316,1316,1313,1317
20.400,hold,1.000,1.005,-0.170,-0.005,-0.305,0.524,-0.0,0.0,15.84,-0.009,0.000,1316,1316,1313,1317
20.420,hold,1.000,1.006,-0.177,-0.006,-0.305,0.522,-0.0,0.0,15.84,0.002,0.000,1316,1316,1313,1317
20.440,hold,1.000,1.006,-0.182,-0.006,-0.305,0.522,-0.0,0.0,15.84,0.002,0.000,1316,1316,1313,1317
20.460,hold,1.000,1.006,-0.182,-0.006,-0.306,0.523,0.0,0.0,15.84,0.000,0.000,1316,1316,1313,1317
20.480,hold,1.000,1.013,-0.185,-0.013,-0.306,0.514,0.0,0.0,15.84,0.070,0.000,1326,1326,1323,1327
20.500,hold,1.000,1.013,-0.187,-0.013,-0.306,0.514,0.0,0.0,15.84,0.070,0.000,1326,1326,1323,1327
20.520,hold,1.000,1.004,-0.187,-0.004,-0.306,0.526,-0.0,0.0,15.84,-0.029,0.000,1326,1326,1323,1327
20.540,hold,1.000,0.999,-0.193,0.001,-0.306,0.531,-0.0,0.0,15.84,-0.069,0.000,1326,1326,1323,1327
20.560,hold,1.000,0.999,-0.193,0.001,-0.306,0.531,-0.0,0.0,15.84,-0.069,0.000,1326,1326,1323,1327
20.580,hold,1.000,1.003,-0.197,-0.003,-0.306,0.524,-0.0,0.0,15.84,-0.008,0.000,1345,1345,1343,1347
20.600,hold,1.000,1.003,-0.193,-0.003,-0.306,0.524,-0.0,0.0,15.84,-0.008,0.000,1345,1345,1343,1347
20.620,hold,1.000,1.002,-0.193,-0.002,-0.306,0.525,-0.0,0.0,15.84,-0.015,0.000,1345,1345,1343,1347
20.640,hold,1.000,1.000,-0.189,-0.000,-0.306,0.527,-0.0,0.0,15.84,-0.027,0.000,1345,1345,1343,1347
20.660,hold,1.000,1.000,-0.189,-0.000,-0.306,0.527,-0.0,0.0,15.84,-0.027,0.000,1345,1345,1343,1347
20.680,hold,1.000,0.994,-0.189,0.006,-0.306,0.534,-0.0,0.0,15.84,-0.080,0.000,1335,1335,1333,1337
20.700,hold,1.000,0.994,-0.187,0.006,-0.306,0.534,-0.0,0.0,15.84,-0.080,0.000,1335,1335,1333,1337
20.720,hold,1.000,1.000,-0.187,-0.000,-0.306,0.523,-0.0,0.0,15.84,0.011,0.000,1335,1335,1333,1337
20.740,hold,1.000,0.999,-0.181,0.001,-0.306,0.525,-0.0,0.0,15.84,-0.008,0.000,1335,1335,1333,1337
20.760,hold,1.000,0.999,-0.181,0.001,-0.306,0.525,-0.0,0.0,15.84,-0.008,0.000,1335,1335,1333,1337
20.780,hold,1.000,0.994,-0.174,0.006,-0.306,0.530,-0.0,0.0,15.84,-0.048,0.000,1331,1332,1329,1334
20.800,hold,1.000,0.994,-0.172,0.006,-0.306,0.530,-0.0,0.0,15.84,-0.048,0.000,1331,1332,1329,1334
20.820,hold,1.000,0.994,-0.172,0.006,-0.306,0.529,-0.0,0.0,15.84,-0.033,0.000,1331,1332,1329,1334
20.840,hold,1.000,0.991,-0.167,0.009,-0.306,0.531,-0.0,0.0,15.84,-0.049,0.000,1331,1332,1329,1334
20.860,hold,1.000,0.991,-0.167,0.009,-0.305,0.531,-0.0,0.0,15.84,-0.049,0.000,1331,1332,1329,1334
20.880,hold,1.000,0.993,-0.161,0.007,-0.305,0.528,-0.0,0.0,15.84,-0.018,0.000,1346,1345,1344,1347
20.900,hold,1.000,0.993,-0.153,0.007,-0.305,0.528,-0.0,0.0,15.84,-0.018,0.000,1346,1345,1344,1347
20.920,hold,1.000,1.001,-0.153,-0.001,-0.305,0.519,-0.0,0.0,15.84,0.054,0.000,1346,1345,1344,1347
20.940,hold,1.000,1.002,-0.147,-0.002,-0.305,0.519,-0.0,0.0,15.84,0.048,0.000,1346,1345,1344,1347
20.960,hold,1.000,1.002,-0.147,-0.002,-0.305,0.519,-0.0,0.0,15.84,0.048,0.000,1346,1345,1344,1347
20.980,hold,1.000,1.004,-0.147,-0.004,-0.305,0.517,-0.0,0.0,15.84,0.057,0.000,1317,1318,1316,1320
21.000,hold,1.000,1.001,-0.150,-0.001,-0.305,0.523,-0.0,0.0,15.84,0.006,0.000,1317,1318,1316,1320
21.020,hold,1.000,1.001,-0.150,-0.001,-0.305,0.523,-0.0,0.0,15.84,0.006,0.000,1317,1318,1316,1320
21.040,hold,1.000,0.998,-0.156,0.002,-0.305,0.527,-0.0,0.0,15.84,-0.020,0.000,1317,1318,1316,1320
21.060,hold,1.000,0.998,-0.156,0.002,-0.305,0.527,-0.0,0.0,15.84,-0.020,0.000,1317,1318,1316,1320
21.080,hold,1.000,0.999,-0.158,0.001,-0.305,0.525,-0.0,0.0,15.84,-0.007,0.000,1335,1335,1334,1337
21.100,hold,1.000,0.997,-0.156,0.003,-0.305,0.528,-0.0,0.0,15.84,-0.024,0.000,1335,1335,1334,1337
21.120,hold,1.000,0.997,-0.156,0.003,-0.305,0.528,-0.0,0.0,15.84,-0.024,0.000,1335,1335,1334,1337
21.140,hold,1.000,0.995,-0.155,0.005,-0.305,0.528,-0.0,0.0,15.84,-0.029,0.000,1335,1335,1334,1337
21.160,hold,1.000,0.995,-0.155,0.005,-0.305,0.528,-0.0,0.0,15.84,-0.029,0.000,1335,1335,1334,1337
21.180,hold,1.000,1.004,-0.152,-0.004,-0.305,0.516,-0.0,0.0,15.84,0.072,0.000,1339,1339,1337,1342
21.200,hold,1.000,0.997,-0.149,0.003,-0.305,0.527,-0.0,0.0,15.84,-0.019,0.000,1339,1339,1337,1342
21.220,hold,1.000,0.997,-0.149,0.003,-0.305,0.527,-0.0,0.0,15.84,-0.019,0.000,1339,1339,1337,1342
21.240,hold,1.000,0.998,-0.150,0.002,-0.305,0.525,-0.0,0.0,15.84,-0.006,0.000,1339,1339,1337,1342
21.260,hold,1.000,0.998,-0.150,0.002,-0.305,0.525,-0.0,0.0,15.84,-0.006,0.000,1339,1339,1337,1342
21.280,hold,1.000,0.996,-0.148,0.004,-0.305,0.527,-0.0,0.0,15.84,-0.018,0.000,1331,1333,1330,1334
21.300,hold,1.000,1.003,-0.147,-0.003,-0.305,0.519,-0.0,0.0,15.84,0.045,0.000,1331,1333,1330,1334
21.320,hold,1.000,1.003,-0.147,-0.003,-0.305,0.519,-0.0,0.0,15.84,0.045,0.000,1331,1333,1330,1334
21.340,hold,1.000,0.996,-0.147,0.004,-0.305,0.529,-0.0,0.0,15.84,-0.032,0.000,1331,1333,1330,1334
21.360,hold,1.000,0.996,-0.147,0.004,-0.305,0.529,-0.0,0.0,15.84,-0.032,0.000,1331,1333,1330,1334
21.380,hold,1.000,0.999,-0.150,0.001,-0.305,0.523,-0.0,0.0,15.84,0.010,0.000,1339,1340,1337,1341
21.400,hold,1.000,1.003,-0.147,-0.003,-0.305,0.519,-0.0,0.0,15.84,0.042,0.000,1339,1340,1337,1341
21.420,hold,1.000,1.003,-0.147,-0.003,-0.305,0.519,-0.0,0.0,15.84,0.042,0.000,1339,1340,1337,1341
21.440,hold,1.000,1.002,-0.146,-0.002,-0.305,0.522,-0.0,0.0,15.84,0.019,0.000,1339,1340,1337,1341
21.460,hold,1.000,1.002,-0.146,-0.002,-0.305,0.522,-0.0,0.0,15.84,0.019,0.000,1339,1340,1337,1341
21.480,hold,1.000,0.997,-0.150,0.003,-0.305,0.529,-0.0,0.0,15.84,-0.034,0.000,1324,1325,1323,1326
21.500,hold,1.000,1.004,-0.153,-0.004,-0.305,0.519,-0.0,0.0,15.84,0.046,0.000,1324,1325,1323,1326
21.520,hold,1.000,1.004,-0.153,-0.004,-0.305,0.519,-0.0,0.0,15.84,0.046,0.000,1324,1325,1323,1326
21.540,hold,1.000,1.000,-0.153,-0.000,-0.305,0.525,-0.0,0.0,15.84,-0.005,0.000,1324,1325,1323,1326
21.560,hold,1.000,1.000,-0.153,-0.000,-0.305,0.525,-0.0,0.0,15.84,-0.005,0.000,1324,1325,1323,1326
21.580,hold,1.000,1.005,-0.158,-0.005,-0.305,0.520,-0.0,0.0,15.84,0.035,0.000,1330,1331,1329,1333
21.600,hold,1.000,0.999,-0.160,0.001,-0.305,0.528,-0.0,0.0,15.84,-0.031,0.000,1330,1331,1329,1333
21.620,hold,1.000,0.999,-0.160,0.001,-0.305,0.528,-0.0,0.0,15.84,-0.031,0.000,1330,1331,1329,1333
21.640,hold,1.000,1.007,-0.162,-0.007,-0.305,0.518,-0.0,0.0,15.84,0.049,0.000,1330,1331,1329,1333
21.660,hold,1.000,0.998,-0.162,0.002,-0.305,0.530,-0.0,0.0,15.84,-0.050,0.000,1330,1331,1329,1333
21.680,hold,1.000,0.998,-0.161,0.002,-0.305,0.530,-0.0,0.0,15.84,-0.050,0.000,1342,1343,1340,1343
21.700,hold,1.000,0.999,-0.163,0.001,-0.305,0.526,-0.0,0.0,15.84,-0.020,0.000,1342,1343,1340,1343
21.720,hold,1.000,0.999,-0.163,0.001,-0.305,0.526,-0.0,0.0,15.84,-0.020,0.000,1342,1343,1340,1343
21.740,hold,1.000,1.000,-0.159,0.000,-0.305,0.525,-0.0,0.0,15.84,-0.009,0.000,1342,1343,1340,1343
21.760,hold,1.000,1.002,-0.159,-0.002,-0.305,0.522,-0.0,0.0,15.84,0.018,0.000,1342,1343,1340,1343
21.780,hold,1.000,1.002,-0.157,-0.002,-0.305,0.522,-0.0,0.0,15.84,0.018,0.000,1331,1332,1329,1334
21.800,hold,1.000,0.999,-0.157,0.001,-0.305,0.526,-0.0,0.0,15.84,-0.015,0.000,1331,1332,1329,1334
21.820,hold,1.000,0.999,-0.157,0.001,-0.305,0.526,-0.0,-0.0,15.84,-0.015,0.000,1331,1332,1329,1334
21.840,hold,1.000,0.999,-0.160,0.001,-0.305,0.525,-0.0,-0.0,15.84,-0.011,0.000,1331,1332,1329,1334
21.860,hold,1.000,1.004,-0.160,-0.004,-0.305,0.519,-0.0,-0.0,15.84,0.040,0.000,1331,1332,1329,1334
21.880,hold,1.000,1.004,-0.160,-0.004,-0.305,0.519,-0.0,-0.0,15.84,0.040,0.000,1318,1318,1317,1320
21.900,hold,1.000,1.000,-0.162,-0.000,-0.305,0.525,-0.0,-0.0,15.84,-0.007,0.000,1318,1318,1317,1320
21.920,hold,1.000,1.000,-0.162,-0.000,-0.305,0.525,-0.0,-0.0,15.84,-0.007,0.000,1318,1318,1317,1320
21.940,hold,1.000,1.003,-0.167,-0.003,-0.305,0.522,-0.0,-0.0,15.84,0.015,0.000,1318,1318,1317,1320
21.960,hold,1.000,1.003,-0.167,-0.003,-0.305,0.522,0.0,-0.0,15.84,0.012,0.000,1318,1318,1317,1320
21.980,hold,1.000,1.003,-0.169,-0.003,-0.305,0.522,0.0,-0.0,15.84,0.012,0.000,1325,1326,1324,1327
22.000,hold,1.000,1.002,-0.171,-0.002,-0.305,0.523,0.0,-0.0,15.84,0.005,0.000,1325,1326,1324,1327
22.020,hold,1.000,1.002,-0.171,-0.002,-0.305,0.523,0.0,-0.0,15.84,0.005,0.000,1325,1326,1324,1327
22.040,hold,1.000,0.997,-0.175,0.003,-0.305,0.529,0.0,-0.0,15.84,-0.045,0.000,1325,1326,1324,1327
22.060,hold,1.000,1.003,-0.175,-0.003,-0.305,0.521,0.0,-0.0,15.84,0.020,0.000,1325,1326,1324,1327
22.080,hold,1.000,1.003,-0.177,-0.003,-0.305,0.521,0.0,-0.0,15.84,0.020,0.000,1341,1342,1339,1343
22.100,hold,1.000,0.996,-0.176,0.004,-0.305,0.529,0.0,-0.0,15.84,-0.041,0.000,1341,1342,1339,1343
22.120,hold,1.000,0.996,-0.176,0.004,-0.305,0.529,0.0,-0.0,15.84,-0.041,0.000,1341,1342,1339,1343
22.140,hold,1.000,0.995,-0.177,0.005,-0.305,0.529,0.0,-0.0,15.84,-0.036,0.000,1341,1342,1339,1343
22.160,hold,1.000,1.001,-0.177,-0.001,-0.305,0.522,0.0,-0.0,15.84,0.023,0.000,1341,1342,1339,1343
22.180,hold,1.000,1.001,-0.174,-0.001,-0.305,0.522,0.0,-0.0,15.84,0.023,0.000,1340,1341,1337,1343
22.200,hold,1.000,1.003,-0.172,-0.003,-0.305,0.519,0.0,-0.0,15.84,0.039,0.000,1340,1341,1337,1343
22.220,hold,1.000,1.003,-0.172,-0.003,-0.305,0.519,0.0,-0.0,15.84,0.039,0.000,1340,1341,1337,1343
22.240,hold,1.000,1.002,-0.174,-0.002,-0.305,0.522,0.0,-0.0,15.84,0.017,0.000,1340,1341,1337,1343
22.260,hold,1.000,1.001,-0.174,-0.001,-0.305,0.524,0.0,-0.0,15.84,-0.001,0.000,1340,1341,1337,1343
22.280,hold,1.000,1.001,-0.179,-0.001,-0.305,0.524,0.0,-0.0,15.84,-0.001,0.000,1324,1325,1323,1326
22.300,hold,1.000,0.999,-0.182,0.001,-0.305,0.526,0.0,-0.0,15.84,-0.013,0.000,1324,1325,1323,1326
22.320,hold,1.000,1.003,-0.182,-0.003,-0.306,0.521,0.0,-0.0,15.84,0.028,0.000,1324,1325,1323,1326
22.340,hold,1.000,1.003,-0.184,-0.003,-0.306,0.521,-0.0,-0.0,15.84,0.028,0.000,1324,1325,1323,1326
22.360,hold,1.000,1.003,-0.184,-0.003,-0.306,0.521,-0.0,-0.0,15.84,0.023,0.000,1324,1325,1323,1326
22.380,hold,1.000,1.003,-0.184,-0.003,-0.306,0.521,-0.0,-0.0,15.84,0.023,0.000,1322,1321,1319,1324
22.400,hold,1.000,0.999,-0.187,0.001,-0.306,0.527,-0.0,-0.0,15.84,-0.022,0.000,1322,1321,1319,1324
22.420,hold,1.000,0.990,-0.187,0.010,-0.306,0.536,-0.0,-0.0,15.84,-0.099,0.000,1322,1321,1319,1324
22.440,hold,1.000,0.990,-0.191,0.010,-0.305,0.536,-0.0,-0.0,15.84,-0.099,0.000,1322,1321,1319,1324
22.460,hold,1.000,0.998,-0.191,0.002,-0.305,0.525,-0.0,-0.0,15.84,0.000,0.000,1322,1321,1319,1324
22.480,hold,1.000,0.998,-0.184,0.002,-0.305,0.525,-0.0,-0.0,15.84,0.000,0.000,1330,1331,1328,1333
22.500,hold,1.000,0.998,-0.175,0.002,-0.305,0.524,-0.0,-0.0,15.84,0.002,0.000,1330,1331,1328,1333
22.520,hold,1.000,0.994,-0.175,0.006,-0.305,0.530,-0.0,-0.0,15.84,-0.039,0.000,1330,1331,1328,1333
22.540,hold,1.000,0.994,-0.171,0.006,-0.305,0.530,-0.0,-0.0,15.84,-0.039,0.000,1330,1331,1328,1333
22.560,hold,1.000,0.992,-0.171,0.008,-0.305,0.530,-0.0,-0.0,15.84,-0.041,0.000,1330,1331,1328,1333
22.580,hold,1.000,0.992,-0.169,0.008,-0.305,0.530,-0.0,-0.0,15.84,-0.041,0.000,1343,1343,1341,1345
22.600,hold,1.000,0.992,-0.169,0.008,-0.304,0.530,-0.0,-0.0,15.84,-0.033,0.000,1343,1343,1341,1345
22.620,hold,1.000,0.993,-0.163,0.007,-0.304,0.527,-0.0,-0.0,15.84,-0.012,0.000,1343,1343,1341,1345
22.640,hold,1.000,0.993,-0.156,0.007,-0.304,0.527,-0.0,-0.0,15.84,-0.012,0.000,1343,1343,1341,1345
22.660,hold,1.000,0.993,-0.156,0.007,-0.304,0.528,-0.0,-0.0,15.84,-0.014,0.000,1343,1343,1341,1345
22.680,hold,1.000,0.993,-0.152,0.007,-0.304,0.528,-0.0,-0.0,15.84,-0.014,0.000,1336,1337,1335,1338
22.700,hold,1.000,0.998,-0.149,0.002,-0.304,0.520,-0.0,-0.0,15.84,0.045,0.000,1336,1337,1335,1338
22.720,hold,1.000,1.002,-0.149,-0.002,-0.304,0.518,-0.0,-0.0,15.84,0.062,0.000,1336,1337,1335,1338
22.740,hold,1.000,1.002,-0.147,-0.002,-0.304,0.518,-0.0,-0.0,15.84,0.062,0.000,1336,1337,1335,1338
22.760,hold,1.000,0.999,-0.147,0.001,-0.304,0.523,0.0,-0.0,15.84,0.022,0.000,1336,1337,1335,1338
22.780,hold,1.000,0.999,-0.149,0.001,-0.304,0.523,0.0,-0.0,15.84,0.022,0.000,1314,1315,1313,1317
22.800,hold,1.000,1.001,-0.155,-0.001,-0.304,0.521,0.0,-0.0,15.84,0.030,0.000,1314,1315,1313,1317
22.820,hold,1.000,0.995,-0.155,0.005,-0.304,0.528,0.0,-0.0,15.84,-0.025,0.000,1314,1315,1313,1317
22.840,hold,1.000,0.995,-0.159,0.005,-0.304,0.528,0.0,-0.0,15.84,-0.025,0.000,1314,1315,1313,1317
22.860,hold,1.000,0.997,-0.159,0.003,-0.304,0.525,0.0,-0.0,15.84,0.000,0.000,1314,1315,1313,1317
22.880,hold,1.000,0.997,-0.160,0.003,-0.304,0.525,0.0,-0.0,15.84,0.000,0.000,1338,1338,1337,1340
22.900,hold,1.000,1.001,-0.158,-0.001,-0.304,0.521,0.0,-0.0,15.84,0.033,0.000,1338,1338,1337,1340
22.920,hold,1.000,1.000,-0.158,-0.000,-0.304,0.523,0.0,-0.0,15.84,0.012,0.000,1338,1338,1337,1340
22.940,hold,1.000,1.000,-0.159,-0.000,-0.304,0.523,0.0,-0.0,15.84,0.012,0.000,1338,1338,1337,1340
22.960,hold,1.000,0.996,-0.159,0.004,-0.304,0.529,0.0,-0.0,15.84,-0.032,0.000,1338,1338,1337,1340
22.980,hold,1.000,1.000,-0.162,-0.000,-0.304,0.523,0.0,-0.0,15.84,0.017,0.000,1339,1340,1337,1342
23.000,hold,1.000,1.000,-0.162,-0.000,-0.304,0.523,0.0,-0.0,15.84,0.017,0.000,1339,1340,1337,1342
23.020,hold,1.000,0.996,-0.162,0.004,-0.303,0.528,0.0,-0.0,15.84,-0.025,0.000,1339,1340,1337,1342
23.040,hold,1.000,0.996,-0.162,0.004,-0.303,0.528,0.0,-0.0,15.84,-0.025,0.000,1339,1340,1337,1342
23.060,hold,1.000,1.000,-0.162,-0.000,-0.303,0.522,0.0,-0.0,15.84,0.023,0.000,1339,1340,1337,1342
23.080,hold,1.000,0.995,-0.162,0.005,-0.303,0.529,0.0,-0.0,15.84,-0.031,0.000,1324,1324,1323,1327
23.100,hold,1.000,0.995,-0.160,0.005,-0.303,0.529,0.0,-0.0,15.84,-0.031,0.000,1324,1324,1323,1327
23.120,hold,1.000,1.002,-0.160,-0.002,-0.303,0.520,0.0,-0.0,15.84,0.045,0.000,1324,1324,1323,1327
23.140,hold,1.000,1.002,-0.158,-0.002,-0.303,0.520,-0.0,-0.0,15.84,0.045,0.000,1324,1324,1323,1327
23.160,hold,1.000,1.005,-0.158,-0.005,-0.303,0.518,-0.0,-0.0,15.84,0.053,0.000,1324,1324,1323,1327
23.180,hold,1.000,1.003,-0.157,-0.003,-0.303,0.522,-0.0,-0.0,15.84,0.022,0.000,1315,1315,1314,1318
23.200,hold,1.000,1.003,-0.162,-0.003,-0.303,0.521,-0.0,-0.0,15.84,0.022,0.000,1315,1315,1314,1318
23.220,hold,1.000,1.001,-0.162,-0.001,-0.304,0.524,-0.0,-0.0,15.84,-0.002,0.000,1315,1315,1314,1318
23.240,hold,1.000,1.001,-0.168,-0.001,-0.304,0.524,-0.0,-0.0,15.84,-0.002,0.000,1315,1315,1314,1318
23.260,hold,1.000,1.004,-0.168,-0.004,-0.304,0.520,-0.0,-0.0,15.84,0.028,0.000,1315,1315,1314,1318
23.280,hold,1.000,1.004,-0.170,-0.004,-0.304,0.520,-0.0,0.0,15.84,0.028,0.000,1321,1321,1319,1323
23.300,hold,1.000,1.008,-0.173,-0.008,-0.304,0.517,-0.0,0.0,15.84,0.050,0.000,1321,1321,1319,1323
23.320,hold,1.000,0.999,-0.173,0.001,-0.304,0.530,-0.0,0.0,15.84,-0.053,0.000,1321,1321,1319,1323
23.340,hold,1.000,0.999,-0.177,0.001,-0.304,0.530,-0.0,0.0,15.84,-0.053,0.000,1321,1321,1319,1323
23.360,hold,1.000,1.003,-0.177,-0.003,-0.304,0.524,-0.0,-0.0,15.84,-0.006,0.000,1321,1321,1319,1323
23.380,hold,1.000,1.002,-0.177,-0.002,-0.304,0.525,-0.0,-0.0,15.84,-0.013,0.000,1342,1342,1341,1344
23.400,hold,1.000,1.002,-0.173,-0.002,-0.304,0.525,-0.0,-0.0,15.84,-0.013,0.000,1342,1342,1341,1344
23.420,hold,1.000,1.011,-0.173,-0.011,-0.304,0.516,-0.0,-0.0,15.84,0.061,0.000,1342,1342,1341,1344
23.440,hold,1.000,1.011,-0.172,-0.011,-0.304,0.516,-0.0,0.0,15.84,0.061,0.000,1342,1342,1341,1344
23.460,hold,1.000,1.007,-0.172,-0.007,-0.305,0.522,-0.0,0.0,15.84,0.007,0.000,1342,1342,1341,1344
23.480,hold,1.000,1.008,-0.175,-0.008,-0.305,0.520,-0.0,0.0,15.84,0.021,0.000,1310,1310,1308,1312
23.500,hold,1.000,1.008,-0.181,-0.008,-0.305,0.520,-0.0,0.0,15.84,0.021,0.000,1310,1310,1308,1312
23.520,hold,1.000,1.007,-0.181,-0.007,-0.305,0.522,-0.0,0.0,15.84,0.000,0.000,1310,1310,1308,1312
23.540,hold,1.000,1.007,-0.185,-0.007,-0.305,0.522,-0.0,0.0,15.84,0.000,0.000,1310,1310,1308,1312
23.560,hold,1.000,1.004,-0.185,-0.004,-0.305,0.526,-0.0,0.0,15.84,-0.028,0.000,1310,1310,1308,1312
23.580,hold,1.000,1.003,-0.189,-0.003,-0.305,0.526,-0.0,0.0,15.84,-0.028,0.000,1325,1327,1323,1327
23.600,hold,1.000,1.003,-0.191,-0.003,-0.305,0.526,-0.0,0.0,15.84,-0.028,0.000,1325,1327,1323,1327
23.620,hold,1.000,1.008,-0.191,-0.008,-0.306,0.519,-0.0,0.0,15.84,0.035,0.000,1325,1327,1323,1327
23.640,hold,1.000,1.006,-0.190,-0.006,-0.306,0.523,-0.0,-0.0,15.84,0.002,0.000,1325,1327,1323,1327
23.660,hold,1.000,1.006,-0.190,-0.006,-0.306,0.523,-0.0,-0.0,15.84,0.002,0.000,1325,1327,1323,1327
23.680,hold,1.000,1.004,-0.191,-0.004,-0.306,0.524,-0.0,-0.0,15.84,-0.014,0.000,1326,1327,1324,1327
23.700,hold,1.000,1.004,-0.191,-0.004,-0.306,0.524,-0.0,-0.0,15.84,-0.014,0.000,1326,1327,1324,1327
23.720,hold,1.000,0.999,-0.194,0.001,-0.306,0.530,-0.0,-0.0,15.84,-0.057,0.000,1326,1327,1324,1327
23.740,hold,1.000,1.002,-0.195,-0.002,-0.306,0.525,0.0,-0.0,15.84,-0.017,0.000,1326,1327,1324,1327
23.760,hold,1.000,1.002,-0.195,-0.002,-0.306,0.525,-0.0,-0.0,15.84,-0.017,0.000,1326,1327,1324,1327
23.780,hold,1.000,1.004,-0.193,-0.004,-0.306,0.522,-0.0,-0.0,15.84,0.011,0.000,1332,1333,1329,1334
23.800,hold,1.000,1.004,-0.193,-0.004,-0.306,0.522,-0.0,-0.0,15.84,0.011,0.000,1332,1333,1329,1334
23.820,hold,1.000,0.998,-0.192,0.002,-0.306,0.529,0.0,-0.0,15.84,-0.041,0.000,1332,1333,1329,1334
23.840,hold,1.000,0.993,-0.193,0.007,-0.306,0.533,0.0,-0.0,15.84,-0.072,0.000,1332,1333,1329,1334
23.860,hold,1.000,0.993,-0.193,0.007,-0.306,0.533,-0.0,-0.0,15.84,-0.072,0.000,1332,1333,1329,1334
23.880,hold,1.000,0.996,-0.191,0.004,-0.306,0.528,-0.0,-0.0,15.84,-0.028,0.000,1349,1350,1347,1352
23.900,hold,1.000,0.996,-0.184,0.004,-0.306,0.528,-0.0,-0.0,15.84,-0.028,0.000,1349,1350,1347,1352
23.920,hold,1.000,1.000,-0.184,-0.000,-0.306,0.522,-0.0,-0.0,15.84,0.024,0.000,1349,1350,1347,1352
23.940,hold,1.000,0.998,-0.178,0.002,-0.306,0.525,-0.0,-0.0,15.84,-0.005,0.000,1349,1350,1347,1352
23.960,hold,1.000,0.998,-0.178,0.002,-0.306,0.525,-0.0,-0.0,15.84,-0.005,0.000,1349,1350,1347,1352
23.980,hold,1.000,0.997,-0.176,0.003,-0.305,0.526,-0.0,-0.0,15.84,-0.012,0.000,1332,1332,1330,1333
24.000,hold,1.000,0.997,-0.176,0.003,-0.305,0.526,-0.0,-0.0,15.84,-0.012,0.000,1332,1332,1330,1333
24.020,hold,1.000,1.004,-0.176,-0.004,-0.306,0.517,-0.0,-0.0,15.84,0.059,0.000,1332,1332,1330,1333
24.040,hold,1.000,1.000,-0.175,-0.000,-0.306,0.524,-0.0,-0.0,15.84,0.003,0.000,1332,1332,1330,1333
24.060,hold,1.000,1.000,-0.175,-0.000,-0.306,0.524,-0.0,-0.0,15.84,0.003,0.000,1332,1332,1330,1333
24.080,hold,1.000,0.995,-0.178,0.005,-0.305,0.530,-0.0,-0.0,15.84,-0.041,0.000,1329,1329,1326,1330
24.100,hold,1.000,0.995,-0.180,0.005,-0.305,0.530,-0.0,-0.0,15.84,-0.041,0.000,1329,1329,1326,1330
24.120,hold,1.000,0.999,-0.180,0.001,-0.305,0.524,-0.0,-0.0,15.84,0.008,0.000,1329,1329,1326,1330
24.140,hold,1.000,0.998,-0.178,0.002,-0.305,0.524,-0.0,-0.0,15.84,0.002,0.000,1329,1329,1326,1330
24.160,hold,1.000,0.998,-0.178,0.002,-0.305,0.524,-0.0,-0.0,15.84,0.002,0.000,1329,1329,1326,1330
24.180,hold,1.000,0.999,-0.175,0.001,-0.305,0.523,-0.0,-0.0,15.84,0.010,0.000,1330,1331,1328,1332
24.200,hold,1.000,0.999,-0.176,0.001,-0.305,0.523,-0.0,-0.0,15.84,0.010,0.000,1330,1331,1328,1332
24.220,hold,1.000,0.998,-0.176,0.002,-0.305,0.525,-0.0,-0.0,15.84,-0.003,0.000,1330,1331,1328,1332
24.240,hold,1.000,0.998,-0.177,0.002,-0.305,0.525,-0.0,-0.0,15.84,0.001,0.000,1330,1331,1328,1332
24.260,hold,1.000,0.998,-0.177,0.002,-0.305,0.525,-0.0,-0.0,15.84,0.001,0.000,1330,1331,1328,1332
24.280,hold,1.000,0.998,-0.178,0.002,-0.305,0.525,-0.0,-0.0,15.84,0.000,0.000,1331,1331,1328,1332
24.300,hold,1.000,0.997,-0.179,0.003,-0.305,0.526,-0.0,-0.0,15.84,-0.010,0.000,1331,1331,1328,1332
24.320,hold,1.000,0.997,-0.179,0.003,-0.305,0.526,-0.0,-0.0,15.84,-0.010,0.000,1331,1331,1328,1332
24.340,hold,1.000,0.999,-0.180,0.001,-0.305,0.524,-0.0,-0.0,15.84,0.004,0.000,1331,1331,1328,1332
24.360,hold,1.000,0.999,-0.180,0.001,-0.305,0.524,-0.0,-0.0,15.84,0.004,0.000,1331,1331,1328,1332
24.380,hold,1.000,1.000,-0.180,0.000,-0.305,0.523,-0.0,-0.0,15.84,0.016,0.000,1329,1330,1327,1331
24.400,hold,1.000,0.999,-0.181,0.001,-0.305,0.525,-0.0,-0.0,15.84,-0.000,0.000,1329,1330,1327,1331
24.420,hold,1.000,0.999,-0.181,0.001,-0.305,0.525,-0.0,-0.0,15.84,-0.000,0.000,1329,1330,1327,1331
24.440,hold,1.000,0.998,-0.184,0.002,-0.305,0.526,-0.0,-0.0,15.84,-0.011,0.000,1329,1330,1327,1331
24.460,hold,1.000,0.998,-0.184,0.002,-0.305,0.526,-0.0,-0.0,15.84,-0.011,0.000,1329,1330,1327,1331
24.480,hold,1.000,1.001,-0.186,-0.001,-0.305,0.522,-0.0,0.0,15.84,0.017,0.000,1333,1334,1331,1336
24.500,hold,1.000,0.997,-0.186,0.003,-0.305,0.528,-0.0,0.0,15.84,-0.025,0.000,1333,1334,1331,1336
24.520,hold,1.000,0.997,-0.186,0.003,-0.305,0.528,-0.0,0.0,15.84,-0.025,0.000,1333,1334,1331,1336
24.540,hold,1.000,0.996,-0.187,0.004,-0.305,0.527,-0.0,0.0,15.84,-0.019,0.000,1333,1334,1331,1336
24.560,hold,1.000,0.996,-0.187,0.004,-0.304,0.527,-0.0,0.0,15.84,-0.019,0.000,1333,1334,1331,1336
24.580,hold,1.000,0.995,-0.185,0.005,-0.304,0.528,-0.0,0.0,15.84,-0.024,0.000,1335,1336,1335,1338
24.600,hold,1.000,1.001,-0.184,-0.001,-0.304,0.521,-0.0,0.0,15.84,0.030,0.000,1335,1336,1335,1338
24.620,hold,1.000,1.001,-0.184,-0.001,-0.304,0.521,-0.0,0.0,15.84,0.030,0.000,1335,1336,1335,1338
24.640,hold,1.000,0.999,-0.182,0.001,-0.304,0.524,-0.0,0.0,15.84,0.008,0.000,1335,1336,1335,1338
24.660,hold,1.000,0.999,-0.182,0.001,-0.304,0.524,-0.0,0.0,15.84,0.008,0.000,1335,1336,1335,1338
24.680,hold,1.000,0.996,-0.184,0.004,-0.304,0.528,0.0,0.0,15.84,-0.023,0.000,1328,1329,1327,1330
24.700,hold,1.000,0.999,-0.184,0.001,-0.304,0.523,0.0,0.0,15.84,0.015,0.000,1328,1329,1327,1330
24.720,hold,1.000,0.999,-0.187,0.001,-0.304,0.523,0.0,0.0,15.84,0.015,0.000,1328,1329,1327,1330
24.740,hold,1.000,0.996,-0.186,0.004,-0.304,0.527,0.0,0.0,15.84,-0.013,0.000,1328,1329,1327,1330
24.760,hold,1.000,0.996,-0.186,0.004,-0.304,0.527,0.0,-0.0,15.84,-0.013,0.000,1328,1329,1327,1330
24.780,hold,1.000,1.005,-0.186,-0.005,-0.304,0.516,0.0,-0.0,15.84,0.069,0.000,1335,1335,1333,1337
24.800,hold,1.000,1.004,-0.186,-0.004,-0.304,0.519,0.0,-0.0,15.84,0.040,0.000,1335,1335,1333,1337
24.820,hold,1.000,1.004,-0.185,-0.004,-0.304,0.519,0.0,-0.0,15.84,0.040,0.000,1335,1335,1333,1337
24.840,hold,1.000,1.002,-0.189,-0.002,-0.304,0.522,0.0,-0.0,15.84,0.013,0.000,1335,1335,1333,1337
24.860,hold,1.000,1.002,-0.189,-0.002,-0.304,0.522,0.0,-0.0,15.84,0.013,0.000,1335,1335,1333,1337
24.880,hold,1.000,1.000,-0.194,-0.000,-0.304,0.525,0.0,-0.0,15.84,-0.007,0.000,1325,1326,1324,1327
24.900,hold,1.000,1.000,-0.194,-0.000,-0.304,0.525,0.0,-0.0,15.84,-0.008,0.000,1325,1326,1324,1327
24.920,hold,1.000,1.000,-0.198,-0.000,-0.304,0.525,0.0,-0.0,15.84,-0.008,0.000,1325,1326,1324,1327
24.940,hold,1.000,1.003,-0.199,-0.003,-0.304,0.522,0.0,-0.0,15.84,0.020,0.000,1325,1326,1324,1327
24.960,hold,1.000,0.997,-0.199,0.003,-0.304,0.529,0.0,-0.0,15.84,-0.041,0.000,1325,1326,1324,1327
24.980,hold,1.000,0.997,-0.199,0.003,-0.304,0.529,0.0,-0.0,15.84,-0.041,0.000,1340,1341,1338,1343
25.000,hold,1.000,1.001,-0.200,-0.001,-0.304,0.524,0.0,-0.0,15.84,-0.003,0.000,1340,1341,1338,1343
25.020,hold,1.000,1.001,-0.200,-0.001,-0.304,0.524,0.0,-0.0,15.84,-0.003,0.000,1340,1341,1338,1343
25.040,hold,1.000,0.994,-0.195,0.006,-0.304,0.531,0.0,-0.0,15.84,-0.057,0.000,1340,1341,1338,1343
25.060,hold,1.000,1.002,-0.195,-0.002,-0.304,0.521,0.0,-0.0,15.84,0.030,0.000,1340,1341,1338,1343
25.080,hold,1.000,1.002,-0.194,-0.002,-0.304,0.521,0.0,-0.0,15.84,0.030,0.000,1345,1346,1344,1348
25.100,hold,1.000,0.996,-0.191,0.004,-0.304,0.529,0.0,-0.0,15.84,-0.033,0.000,1345,1346,1344,1348
25.120,hold,1.000,0.996,-0.191,0.004,-0.304,0.529,0.0,-0.0,15.84,-0.033,0.000,1345,1346,1344,1348
25.140,hold,1.000,1.003,-0.192,-0.003,-0.304,0.520,0.0,-0.0,15.84,0.032,0.000,1345,1346,1344,1348
25.160,hold,1.000,0.999,-0.192,0.001,-0.304,0.526,-0.0,-0.0,15.84,-0.018,0.000,1345,1346,1344,1348
25.180,hold,1.000,0.999,-0.190,0.001,-0.304,0.527,-0.0,-0.0,15.84,-0.018,0.000,1321,1321,1319,1323
25.200,hold,1.000,1.000,-0.190,-0.000,-0.304,0.524,-0.0,-0.0,15.84,0.001,0.000,1321,1321,1319,1323
25.220,hold,1.000,1.000,-0.190,-0.000,-0.304,0.524,-0.0,-0.0,15.84,0.001,0.000,1321,1321,1319,1323
25.240,hold,1.000,0.996,-0.189,0.004,-0.304,0.529,-0.0,0.0,15.84,-0.033,0.000,1321,1321,1319,1323
25.260,hold,1.000,0.997,-0.189,0.003,-0.304,0.527,-0.0,0.0,15.84,-0.015,0.000,1321,1321,1319,1323
25.280,hold,1.000,0.997,-0.188,0.003,-0.304,0.527,-0.0,0.0,15.84,-0.015,0.000,1339,1340,1337,1341
25.300,hold,1.000,0.996,-0.186,0.004,-0.304,0.528,-0.0,0.0,15.84,-0.024,0.000,1339,1340,1337,1341
25.320,hold,1.000,0.996,-0.186,0.004,-0.304,0.528,-0.0,0.0,15.84,-0.024,0.000,1339,1340,1337,1341
25.340,hold,1.000,0.999,-0.183,0.001,-0.304,0.524,-0.0,0.0,15.84,0.006,0.000,1339,1340,1337,1341
25.360,hold,1.000,0.995,-0.183,0.005,-0.304,0.528,-0.0,0.0,15.84,-0.028,0.000,1339,1340,1337,1341
25.380,hold,1.000,0.995,-0.181,0.005,-0.304,0.528,-0.0,0.0,15.84,-0.028,0.000,1338,1339,1337,1341
25.400,hold,1.000,1.006,-0.181,-0.006,-0.304,0.516,-0.0,0.0,15.84,0.071,0.000,1338,1339,1337,1341
25.420,hold,1.000,1.006,-0.179,-0.006,-0.304,0.516,-0.0,0.0,15.84,0.071,0.000,1338,1339,1337,1341
25.440,hold,1.000,1.000,-0.178,0.000,-0.304,0.525,-0.0,0.0,15.84,-0.009,0.000,1338,1339,1337,1341
25.460,hold,1.000,1.003,-0.178,-0.003,-0.304,0.521,-0.0,0.0,15.84,0.027,0.000,1338,1339,1337,1341
25.480,hold,1.000,1.003,-0.185,-0.003,-0.304,0.521,-0.0,0.0,15.84,0.027,0.000,1323,1322,1320,1324
25.500,hold,1.000,1.003,-0.185,-0.003,-0.304,0.522,-0.0,0.0,15.84,0.018,0.000,1323,1322,1320,1324
25.520,hold,1.000,1.003,-0.187,-0.003,-0.304,0.522,-0.0,0.0,15.84,0.018,0.000,1323,1322,1320,1324
25.540,hold,1.000,1.005,-0.191,-0.005,-0.304,0.520,-0.0,0.0,15.84,0.030,0.000,1323,1322,1320,1324
25.560,hold,1.000,1.002,-0.191,-0.002,-0.304,0.525,-0.0,0.0,15.84,-0.009,0.000,1323,1322,1320,1324
25.580,hold,1.000,1.002,-0.194,-0.002,-0.304,0.525,-0.0,0.0,15.84,-0.009,0.000,1331,1332,1329,1332
25.600,hold,1.000,1.001,-0.194,-0.001,-0.304,0.525,-0.0,0.0,15.84,-0.008,0.000,1331,1332,1329,1332
25.620,hold,1.000,1.003,-0.198,-0.003,-0.304,0.523,-0.0,0.0,15.84,0.006,0.000,1331,1332,1329,1332
25.640,hold,1.000,1.003,-0.199,-0.003,-0.304,0.523,-0.0,0.0,15.84,0.006,0.000,1331,1332,1329,1332
25.660,hold,1.000,1.004,-0.199,-0.004,-0.305,0.522,-0.0,0.0,15.84,0.013,0.000,1331,1332,1329,1332
25.680,hold,1.000,1.004,-0.200,-0.004,-0.305,0.522,-0.0,0.0,15.84,0.013,0.000,1325,1325,1323,1327
25.700,hold,1.000,1.002,-0.200,-0.002,-0.305,0.524,-0.0,0.0,15.84,-0.006,0.000,1325,1325,1323,1327
25.720,hold,1.000,1.003,-0.203,-0.003,-0.305,0.524,-0.0,0.0,15.84,0.000,0.000,1325,1325,1323,1327
25.740,hold,1.000,1.003,-0.207,-0.003,-0.305,0.524,-0.0,0.0,15.84,0.000,0.000,1325,1325,1323,1327
25.760,hold,1.000,1.005,-0.207,-0.005,-0.305,0.521,-0.0,0.0,15.84,0.019,0.000,1325,1325,1323,1327
25.780,hold,1.000,1.005,-0.209,-0.005,-0.305,0.521,-0.0,0.0,15.84,0.019,0.000,1323,1323,1321,1325
25.800,hold,1.000,0.999,-0.209,0.001,-0.305,0.528,-0.0,-0.0,15.84,-0.035,0.000,1323,1323,1321,1325
25.820,hold,1.000,0.999,-0.212,0.001,-0.305,0.527,-0.0,-0.0,15.84,-0.028,0.000,1323,1323,1321,1325
25.840,hold,1.000,0.999,-0.215,0.001,-0.305,0.527,-0.0,-0.0,15.84,-0.028,0.000,1323,1323,1321,1325
25.860,hold,1.000,0.999,-0.215,0.001,-0.305,0.526,-0.0,-0.0,15.84,-0.018,0.000,1323,1323,1321,1325
25.880,hold,1.000,0.999,-0.213,0.001,-0.305,0.526,-0.0,-0.0,15.84,-0.018,0.000,1334,1335,1333,1337
25.900,hold,1.000,0.998,-0.211,0.002,-0.305,0.526,0.0,-0.0,15.84,-0.017,0.000,1334,1335,1333,1337
25.920,hold,1.000,0.994,-0.211,0.006,-0.305,0.531,0.0,-0.0,15.84,-0.047,0.000,1334,1335,1333,1337
25.940,hold,1.000,0.994,-0.209,0.006,-0.305,0.531,0.0,-0.0,15.84,-0.047,0.000,1334,1335,1333,1337
25.960,hold,1.000,0.998,-0.209,0.002,-0.304,0.524,0.0,-0.0,15.84,0.006,0.000,1334,1335,1333,1337
25.980,hold,1.000,0.998,-0.205,0.002,-0.304,0.524,0.0,-0.0,15.84,0.006,0.000,1329,1329,1328,1331
26.000,hold,1.000,1.000,-0.205,0.000,-0.304,0.523,0.0,-0.0,15.84,0.018,0.000,1329,1329,1328,1331
26.020,hold,1.000,0.999,-0.203,0.001,-0.304,0.524,0.0,-0.0,15.84,0.003,0.000,1329,1329,1328,1331
26.040,hold,1.000,0.999,-0.203,0.001,-0.304,0.524,0.0,-0.0,15.84,0.003,0.000,1329,1329,1328,1331
26.060,hold,1.000,1.001,-0.203,-0.001,-0.304,0.522,0.0,-0.0,15.84,0.017,0.000,1329,1329,1328,1331
26.080,hold,1.000,1.001,-0.205,-0.001,-0.304,0.522,0.0,-0.0,15.84,0.017,0.000,1330,1330,1327,1332
26.100,hold,1.000,1.006,-0.206,-0.006,-0.305,0.516,0.0,-0.0,15.84,0.066,0.000,1330,1330,1327,1332
26.120,hold,1.000,1.001,-0.206,-0.001,-0.305,0.524,0.0,-0.0,15.84,0.001,0.000,1330,1330,1327,1332
26.140,hold,1.000,1.001,-0.210,-0.001,-0.305,0.524,0.0,-0.0,15.84,0.001,0.000,1330,1330,1327,1332
26.160,hold,1.000,0.994,-0.210,0.006,-0.304,0.532,0.0,-0.0,15.84,-0.065,0.000,1330,1330,1327,1332
26.180,hold,1.000,0.994,-0.214,0.006,-0.304,0.532,0.0,-0.0,15.84,-0.065,0.000,1347,1348,1345,1349
26.200,hold,1.000,1.003,-0.214,-0.003,-0.304,0.521,0.0,-0.0,15.84,0.025,0.000,1347,1348,1345,1349
26.220,hold,1.000,0.999,-0.214,0.001,-0.304,0.527,0.0,0.0,15.84,-0.023,0.000,1347,1348,1345,1349
26.240,hold,1.000,0.999,-0.207,0.001,-0.304,0.527,0.0,0.0,15.84,-0.023,0.000,1347,1348,1345,1349
26.260,hold,1.000,1.000,-0.207,-0.000,-0.304,0.525,0.0,0.0,15.84,-0.002,0.000,1347,1348,1345,1349
26.280,hold,1.000,1.005,-0.206,-0.005,-0.304,0.519,0.0,0.0,15.84,0.042,0.000,1335,1336,1334,1338
26.300,hold,1.000,1.005,-0.206,-0.005,-0.305,0.519,0.0,0.0,15.84,0.042,0.000,1335,1336,1334,1338
26.320,hold,1.000,0.996,-0.206,0.004,-0.305,0.530,0.0,0.0,15.84,-0.047,0.000,1335,1336,1334,1338
26.340,hold,1.000,0.996,-0.209,0.004,-0.304,0.530,0.0,0.0,15.84,-0.047,0.000,1335,1336,1334,1338
26.360,hold,1.000,0.996,-0.209,0.004,-0.304,0.529,0.0,0.0,15.84,-0.039,0.000,1335,1336,1334,1338
26.380,hold,1.000,0.996,-0.210,0.004,-0.304,0.528,0.0,0.0,15.84,-0.026,0.000,1342,1343,1341,1344
26.400,hold,1.000,0.996,-0.206,0.004,-0.304,0.528,0.0,0.0,15.84,-0.026,0.000,1342,1343,1341,1344
26.420,hold,1.000,0.997,-0.206,0.003,-0.304,0.526,0.0,-0.0,15.84,-0.008,0.000,1342,1343,1341,1344
26.440,hold,1.000,0.997,-0.201,0.003,-0.304,0.526,0.0,-0.0,15.84,-0.008,0.000,1342,1343,1341,1344
26.460,hold,1.000,0.996,-0.201,0.004,-0.304,0.527,0.0,0.0,15.84,-0.014,0.000,1342,1343,1341,1344
26.480,hold,1.000,1.006,-0.199,-0.006,-0.304,0.514,0.0,0.0,15.84,0.088,0.000,1334,1334,1331,1336
26.500,hold,1.000,1.006,-0.196,-0.006,-0.304,0.514,0.0,0.0,15.84,0.088,0.000,1334,1334,1331,1336
26.520,hold,1.000,1.001,-0.196,-0.001,-0.304,0.522,0.0,-0.0,15.84,0.018,0.000,1334,1334,1331,1336
26.540,hold,1.000,1.001,-0.200,-0.001,-0.304,0.522,0.0,-0.0,15.84,0.018,0.000,1334,1334,1331,1336
26.560,hold,1.000,1.002,-0.200,-0.002,-0.304,0.521,0.0,-0.0,15.84,0.024,0.000,1334,1334,1331,1336
26.580,hold,1.000,1.001,-0.206,-0.001,-0.304,0.524,0.0,-0.0,15.84,0.006,0.000,1325,1325,1323,1327
26.600,hold,1.000,1.001,-0.209,-0.001,-0.304,0.524,0.0,-0.0,15.84,0.006,0.000,1325,1325,1323,1327
26.620,hold,1.000,1.002,-0.209,-0.002,-0.304,0.523,0.0,-0.0,15.84,0.011,0.000,1325,1325,1323,1327
26.640,hold,1.000,1.002,-0.211,-0.002,-0.304,0.523,0.0,-0.0,15.84,0.011,0.000,1325,1325,1323,1327
26.660,hold,1.000,1.004,-0.211,-0.004,-0.305,0.520,0.0,-0.0,15.84,0.030,0.000,1325,1325,1323,1327
26.680,hold,1.000,1.003,-0.213,-0.003,-0.305,0.523,0.0,-0.0,15.84,0.009,0.000,1320,1321,1318,1323
26.700,hold,1.000,1.003,-0.215,-0.003,-0.305,0.523,0.0,-0.0,15.84,0.009,0.000,1320,1321,1318,1323
26.720,hold,1.000,0.997,-0.215,0.003,-0.305,0.530,0.0,-0.0,15.84,-0.046,0.000,1320,1321,1318,1323
26.740,hold,1.000,0.997,-0.218,0.003,-0.305,0.530,0.0,-0.0,15.84,-0.046,0.000,1320,1321,1318,1323
26.760,hold,1.000,0.999,-0.218,0.001,-0.304,0.525,0.0,-0.0,15.84,-0.010,0.000,1320,1321,1318,1323
26.780,hold,1.000,1.002,-0.217,-0.002,-0.305,0.522,0.0,-0.0,15.84,0.018,0.000,1342,1342,1340,1343
26.800,hold,1.000,1.002,-0.212,-0.002,-0.305,0.522,0.0,-0.0,15.84,0.018,0.000,1342,1342,1340,1343
26.820,hold,1.000,1.008,-0.212,-0.008,-0.305,0.515,0.0,-0.0,15.84,0.070,0.000,1342,1342,1340,1343
26.840,hold,1.000,1.008,-0.212,-0.008,-0.305,0.515,0.0,-0.0,15.84,0.070,0.000,1342,1342,1340,1343
26.860,hold,1.000,0.999,-0.212,0.001,-0.305,0.527,0.0,-0.0,15.84,-0.025,0.000,1342,1342,1340,1343
26.880,hold,1.000,1.004,-0.216,-0.004,-0.305,0.521,0.0,-0.0,15.84,0.023,0.000,1336,1336,1334,1337
26.900,hold,1.000,1.004,-0.220,-0.004,-0.305,0.521,0.0,-0.0,15.84,0.023,0.000,1336,1336,1334,1337
26.920,hold,1.000,1.001,-0.220,-0.001,-0.305,0.525,0.0,-0.0,15.84,-0.013,0.000,1336,1336,1334,1337
26.940,hold,1.000,1.002,-0.221,-0.002,-0.305,0.523,0.0,-0.0,15.84,0.006,0.000,1336,1336,1334,1337
26.960,hold,1.000,1.002,-0.221,-0.002,-0.305,0.523,0.0,-0.0,15.84,0.006,0.000,1336,1336,1334,1337
26.980,hold,1.000,1.005,-0.222,-0.005,-0.305,0.520,0.0,-0.0,15.84,0.025,0.000,1327,1328,1325,1328
27.000,hold,1.000,1.005,-0.222,-0.005,-0.305,0.520,0.0,-0.0,15.84,0.025,0.000,1327,1328,1325,1328
27.020,hold,1.000,0.997,-0.222,0.003,-0.305,0.530,0.0,-0.0,15.84,-0.054,0.000,1327,1328,1325,1328
27.040,hold,1.000,1.004,-0.225,-0.004,-0.305,0.521,0.0,-0.0,15.84,0.021,0.000,1327,1328,1325,1328
27.060,hold,1.000,1.004,-0.225,-0.004,-0.305,0.521,0.0,-0.0,15.84,0.021,0.000,1327,1328,1325,1328
27.080,hold,1.000,0.999,-0.224,0.001,-0.305,0.528,0.0,-0.0,15.84,-0.035,0.000,1323,1323,1320,1324
27.100,hold,1.000,0.999,-0.224,0.001,-0.305,0.528,-0.0,-0.0,15.84,-0.035,0.000,1323,1323,1320,1324
27.120,hold,1.000,0.995,-0.224,0.005,-0.305,0.531,-0.0,-0.0,15.84,-0.054,0.000,1323,1323,1320,1324
27.140,hold,1.000,0.996,-0.222,0.004,-0.305,0.528,-0.0,-0.0,15.84,-0.027,0.000,1323,1323,1320,1324
27.160,hold,1.000,0.996,-0.222,0.004,-0.305,0.528,-0.0,0.0,15.84,-0.027,0.000,1323,1323,1320,1324
27.180,hold,1.000,0.995,-0.217,0.005,-0.305,0.528,-0.0,0.0,15.84,-0.029,0.000,1337,1339,1336,1339
27.200,hold,1.000,0.995,-0.213,0.005,-0.305,0.528,-0.0,0.0,15.84,-0.029,0.000,1337,1339,1336,1339
27.220,hold,1.000,0.991,-0.213,0.009,-0.305,0.533,-0.0,0.0,15.84,-0.060,0.000,1337,1339,1336,1339
27.240,hold,1.000,0.993,-0.208,0.007,-0.305,0.528,-0.0,0.0,15.84,-0.022,0.000,1337,1339,1336,1339
27.260,hold,1.000,0.993,-0.208,0.007,-0.304,0.528,-0.0,0.0,15.84,-0.022,0.000,1337,1339,1336,1339
27.280,hold,1.000,0.997,-0.202,0.003,-0.304,0.524,-0.0,0.0,15.84,0.014,0.000,1338,1339,1336,1340
27.300,hold,1.000,0.997,-0.197,0.003,-0.304,0.524,-0.0,0.0,15.84,0.014,0.000,1338,1339,1336,1340
27.320,hold,1.000,0.993,-0.197,0.007,-0.304,0.529,-0.0,0.0,15.84,-0.028,0.000,1338,1339,1336,1340
27.340,hold,1.000,1.000,-0.196,-0.000,-0.304,0.519,-0.0,0.0,15.84,0.051,0.000,1338,1339,1336,1340
27.360,hold,1.000,1.000,-0.196,-0.000,-0.304,0.519,-0.0,0.0,15.84,0.051,0.000,1338,1339,1336,1340
27.380,hold,1.000,0.996,-0.194,0.004,-0.304,0.526,-0.0,0.0,15.84,-0.003,0.000,1318,1319,1317,1320
27.400,hold,1.000,0.996,-0.196,0.004,-0.304,0.526,-0.0,0.0,15.84,-0.003,0.000,1318,1319,1317,1320
27.420,hold,1.000,0.997,-0.196,0.003,-0.304,0.524,-0.0,-0.0,15.84,0.014,0.000,1318,1319,1317,1320
27.440,hold,1.000,1.000,-0.197,0.000,-0.304,0.522,-0.0,-0.0,15.84,0.029,0.000,1318,1319,1317,1320
27.460,hold,1.000,1.000,-0.197,0.000,-0.304,0.522,-0.0,-0.0,15.84,0.029,0.000,1318,1319,1317,1320
27.480,hold,1.000,0.991,-0.198,0.009,-0.304,0.533,-0.0,-0.0,15.84,-0.060,0.000,1323,1324,1322,1326
27.500,hold,1.000,0.991,-0.200,0.009,-0.304,0.533,-0.0,-0.0,15.84,-0.060,0.000,1323,1324,1322,1326
27.520,hold,1.000,0.995,-0.200,0.005,-0.304,0.527,-0.0,-0.0,15.84,-0.008,0.000,1323,1324,1322,1326
27.540,hold,1.000,0.999,-0.194,0.001,-0.304,0.521,-0.0,-0.0,15.84,0.034,0.000,1323,1324,1322,1326
27.560,hold,1.000,0.999,-0.194,0.001,-0.303,0.521,-0.0,-0.0,15.84,0.034,0.000,1323,1324,1322,1326
27.580,hold,1.000,0.999,-0.188,0.001,-0.303,0.523,-0.0,-0.0,15.84,0.020,0.000,1322,1323,1321,1325
27.600,hold,1.000,0.995,-0.187,0.005,-0.303,0.529,-0.0,-0.0,15.84,-0.028,0.000,1322,1323,1321,1325
27.620,hold,1.000,0.995,-0.187,0.005,-0.303,0.529,-0.0,-0.0,15.84,-0.028,0.000,1322,1323,1321,1325
27.640,hold,1.000,0.996,-0.187,0.004,-0.303,0.527,0.0,-0.0,15.84,-0.010,0.000,1322,1323,1321,1325
27.660,hold,1.000,0.996,-0.187,0.004,-0.303,0.527,-0.0,-0.0,15.84,-0.010,0.000,1322,1323,1321,1325
27.680,hold,1.000,0.997,-0.183,0.003,-0.303,0.525,-0.0,-0.0,15.84,0.007,0.000,1334,1335,1333,1338
27.700,hold,1.000,1.004,-0.180,-0.004,-0.303,0.517,-0.0,-0.0,15.84,0.069,0.000,1334,1335,1333,1338
27.720,hold,1.000,1.004,-0.180,-0.004,-0.303,0.517,0.0,-0.0,15.84,0.069,0.000,1334,1335,1333,1338
27.740,hold,1.000,0.996,-0.179,0.004,-0.303,0.529,0.0,-0.0,15.84,-0.033,0.000,1334,1335,1333,1338
27.760,hold,1.000,0.996,-0.179,0.004,-0.303,0.529,-0.0,-0.0,15.84,-0.033,0.000,1334,1335,1333,1338
27.780,hold,1.000,0.998,-0.184,0.002,-0.303,0.526,-0.0,-0.0,15.84,-0.008,0.000,1339,1340,1338,1342
27.800,hold,1.000,0.998,-0.182,0.002,-0.303,0.526,-0.0,-0.0,15.84,-0.008,0.000,1339,1340,1338,1342
27.820,hold,1.000,1.005,-0.182,-0.005,-0.303,0.518,-0.0,-0.0,15.84,0.053,0.000,1339,1340,1338,1342
27.840,hold,1.000,0.999,-0.179,0.001,-0.303,0.526,-0.0,-0.0,15.84,-0.014,0.000,1339,1340,1338,1342
27.860,hold,1.000,1.006,-0.179,-0.006,-0.303,0.513,-0.0,-0.0,15.84,0.095,0.000,1339,1340,1338,1342
27.880,hold,1.000,1.006,-0.180,-0.006,-0.303,0.513,-0.0,-0.0,15.84,0.095,0.000,1333,1334,1333,1336
27.900,hold,1.000,1.002,-0.182,-0.002,-0.303,0.521,-0.0,-0.0,15.84,0.033,0.000,1333,1334,1333,1336
27.920,hold,1.000,1.002,-0.182,-0.002,-0.303,0.521,-0.0,-0.0,15.84,0.033,0.000,1333,1334,1333,1336
27.940,hold,1.000,1.002,-0.191,-0.002,-0.303,0.522,-0.0,-0.0,15.84,0.019,0.000,1333,1334,1333,1336
27.960,hold,1.000,1.002,-0.191,-0.002,-0.303,0.522,-0.0,-0.0,15.84,0.019,0.000,1333,1334,1333,1336
27.980,hold,1.000,1.002,-0.196,-0.002,-0.303,0.523,-0.0,-0.0,15.84,0.015,0.000,1325,1325,1323,1327
28.000,hold,1.000,1.002,-0.199,-0.002,-0.304,0.523,-0.0,-0.0,15.84,0.013,0.000,1325,1325,1323,1327
28.020,hold,1.000,1.002,-0.199,-0.002,-0.304,0.523,-0.0,-0.0,15.84,0.013,0.000,1325,1325,1323,1327
28.040,hold,1.000,0.998,-0.202,0.002,-0.304,0.528,-0.0,-0.0,15.84,-0.029,0.000,1325,1325,1323,1327
28.060,hold,1.000,0.998,-0.202,0.002,-0.303,0.528,-0.0,-0.0,15.84,-0.029,0.000,1325,1325,1323,1327
28.080,hold,1.000,1.002,-0.204,-0.002,-0.304,0.522,-0.0,0.0,15.84,0.023,0.000,1338,1338,1336,1340
28.100,hold,1.000,0.999,-0.201,0.001,-0.303,0.526,-0.0,0.0,15.84,-0.013,0.000,1338,1338,1336,1340
28.120,hold,1.000,0.999,-0.201,0.001,-0.303,0.526,-0.0,0.0,15.84,-0.013,0.000,1338,1338,1336,1340
28.140,hold,1.000,0.998,-0.201,0.002,-0.303,0.527,-0.0,0.0,15.84,-0.017,0.000,1338,1338,1336,1340
28.160,hold,1.000,0.998,-0.201,0.002,-0.303,0.527,-0.0,0.0,15.84,-0.017,0.000,1338,1338,1336,1340
28.180,hold,1.000,1.001,-0.200,-0.001,-0.303,0.523,-0.0,0.0,15.84,0.010,0.000,1335,1335,1333,1336
28.200,hold,1.000,0.999,-0.199,0.001,-0.303,0.526,-0.0,0.0,15.84,-0.009,0.000,1335,1335,1333,1336
28.220,hold,1.000,0.999,-0.199,0.001,-0.303,0.526,-0.0,0.0,15.84,-0.009,0.000,1335,1335,1333,1336
28.240,hold,1.000,1.001,-0.197,-0.001,-0.303,0.524,-0.0,0.0,15.84,0.006,0.000,1335,1335,1333,1336
28.260,hold,1.000,0.997,-0.197,0.003,-0.303,0.529,-0.0,0.0,15.84,-0.034,0.000,1335,1335,1333,1336
28.280,hold,1.000,0.997,-0.196,0.003,-0.303,0.529,-0.0,0.0,15.84,-0.034,0.000,1339,1341,1338,1341
28.300,hold,1.000,0.999,-0.194,0.001,-0.303,0.525,-0.0,0.0,15.84,-0.004,0.000,1339,1341,1338,1341
28.320,hold,1.000,0.999,-0.194,0.001,-0.303,0.525,-0.0,0.0,15.84,-0.004,0.000,1339,1341,1338,1341
28.340,hold,1.000,1.000,-0.191,-0.000,-0.303,0.524,-0.0,0.0,15.84,0.008,0.000,1339,1341,1338,1341
28.360,hold,1.000,1.001,-0.191,-0.001,-0.303,0.523,-0.0,0.0,15.84,0.014,0.000,1339,1341,1338,1341
28.380,hold,1.000,1.001,-0.189,-0.001,-0.303,0.523,-0.0,0.0,15.84,0.014,0.000,1328,1328,1326,1331
28.400,hold,1.000,1.000,-0.189,-0.000,-0.303,0.524,0.0,0.0,15.84,0.005,0.000,1328,1328,1326,1331
28.420,hold,1.000,1.000,-0.189,-0.000,-0.303,0.524,0.0,0.0,15.84,0.005,0.000,1328,1328,1326,1331
28.440,hold,1.000,1.004,-0.190,-0.004,-0.303,0.520,0.0,0.0,15.84,0.032,0.000,1328,1328,1326,1331
28.460,hold,1.000,0.999,-0.190,0.001,-0.303,0.527,0.0,0.0,15.84,-0.027,0.000,1328,1328,1326,1331
28.480,hold,1.000,0.999,-0.192,0.001,-0.303,0.527,0.0,0.0,15.84,-0.027,0.000,1320,1321,1319,1323
28.500,hold,1.000,0.998,-0.192,0.002,-0.303,0.527,0.0,0.0,15.84,-0.023,0.000,1320,1321,1319,1323
28.520,hold,1.000,0.998,-0.192,0.002,-0.303,0.527,0.0,0.0,15.84,-0.023,0.000,1320,1321,1319,1323
28.540,hold,1.000,0.994,-0.189,0.006,-0.303,0.532,0.0,-0.0,15.84,-0.056,0.000,1320,1321,1319,1323
28.560,hold,1.000,0.997,-0.189,0.003,-0.303,0.526,0.0,-0.0,15.84,-0.011,0.000,1320,1321,1319,1323
28.580,hold,1.000,0.997,-0.185,0.003,-0.303,0.526,0.0,-0.0,15.84,-0.011,0.000,1333,1335,1333,1336
28.600,hold,1.000,1.000,-0.181,0.000,-0.303,0.523,0.0,-0.0,15.84,0.015,0.000,1333,1335,1333,1336
28.620,hold,1.000,1.000,-0.181,0.000,-0.303,0.523,0.0,-0.0,15.84,0.015,0.000,1333,1335,1333,1336
28.640,descend,1.000,1.003,-0.177,-0.003,-0.303,0.520,0.0,-0.0,15.84,0.037,0.000,1333,1335,1333,1336
28.660,descend,0.995,1.000,-0.177,-0.005,-0.303,0.500,0.0,-0.0,15.84,0.001,0.000,1333,1335,1333,1336
28.680,descend,0.990,1.000,-0.178,-0.010,-0.303,0.497,0.0,-0.0,15.84,0.001,0.000,1275,1275,1274,1278
28.700,descend,0.985,1.000,-0.187,-0.015,-0.304,0.495,0.0,-0.0,15.84,0.004,0.000,1275,1275,1274,1278
28.720,descend,0.980,1.000,-0.187,-0.020,-0.304,0.494,0.0,-0.0,15.84,0.004,0.000,1275,1275,1274,1278
28.740,descend,0.975,1.002,-0.209,-0.027,-0.305,0.491,0.0,-0.0,15.84,0.020,0.000,1275,1275,1274,1278
28.760,descend,0.970,0.997,-0.209,-0.027,-0.305,0.496,0.0,-0.0,15.84,-0.035,0.000,1275,1275,1274,1278
28.780,descend,0.965,0.997,-0.237,-0.032,-0.306,0.495,0.0,-0.0,15.84,-0.035,0.000,1266,1266,1264,1268
28.800,descend,0.960,1.003,-0.237,-0.043,-0.307,0.485,0.0,-0.0,15.84,0.028,0.000,1266,1266,1264,1268
28.820,descend,0.955,1.003,-0.269,-0.048,-0.308,0.484,0.0,-0.0,15.84,0.028,0.000,1266,1266,1264,1268
28.840,descend,0.950,0.994,-0.308,-0.044,-0.308,0.494,0.0,-0.0,15.84,-0.065,0.000,1266,1266,1264,1268
28.860,descend,0.945,0.990,-0.308,-0.045,-0.309,0.495,0.0,-0.0,15.84,-0.081,0.000,1266,1266,1264,1268
28.880,descend,0.940,0.990,-0.346,-0.050,-0.310,0.494,0.0,-0.0,15.84,-0.081,0.000,1262,1262,1261,1265
28.900,descend,0.935,0.987,-0.378,-0.052,-0.311,0.493,0.0,-0.0,15.84,-0.078,0.000,1262,1262,1261,1265
28.920,descend,0.930,0.984,-0.378,-0.054,-0.312,0.494,0.0,-0.0,15.84,-0.093,0.000,1262,1262,1261,1265
28.940,descend,0.925,0.984,-0.418,-0.059,-0.314,0.493,0.0,-0.0,15.84,-0.093,0.000,1262,1262,1261,1265
28.960,descend,0.920,0.973,-0.418,-0.053,-0.315,0.500,0.0,-0.0,15.84,-0.157,0.000,1262,1262,1261,1265
28.980,descend,0.915,0.973,-0.442,-0.058,-0.316,0.499,0.0,-0.0,15.84,-0.157,0.000,1275,1276,1274,1277
29.000,descend,0.910,0.958,-0.472,-0.048,-0.317,0.510,0.0,-0.0,15.84,-0.244,0.000,1275,1276,1274,1277
29.020,descend,0.905,0.953,-0.472,-0.048,-0.318,0.507,0.0,-0.0,15.84,-0.221,0.000,1275,1276,1274,1277
29.040,descend,0.900,0.953,-0.502,-0.053,-0.319,0.506,0.0,-0.0,15.84,-0.221,0.000,1275,1276,1274,1277
29.060,descend,0.895,0.938,-0.502,-0.043,-0.320,0.514,0.0,-0.0,15.84,-0.280,0.000,1275,1276,1274,1277
29.080,descend,0.890,0.938,-0.520,-0.048,-0.321,0.513,0.0,-0.0,15.84,-0.280,0.000,1307,1307,1305,1309
29.100,descend,0.885,0.929,-0.537,-0.044,-0.322,0.514,0.0,-0.0,15.84,-0.280,0.000,1307,1307,1305,1309
29.120,descend,0.880,0.913,-0.537,-0.033,-0.322,0.523,0.0,-0.0,15.84,-0.349,0.000,1307,1307,1305,1309
29.140,descend,0.875,0.913,-0.549,-0.038,-0.323,0.522,0.0,-0.0,15.84,-0.349,0.000,1307,1307,1305,1309
29.160,descend,0.870,0.907,-0.549,-0.037,-0.324,0.517,0.0,-0.0,15.84,-0.298,0.000,1307,1307,1305,1309
29.180,descend,0.865,0.907,-0.556,-0.042,-0.325,0.516,0.0,-0.0,15.84,-0.298,0.000,1313,1314,1311,1315
29.200,descend,0.860,0.890,-0.560,-0.030,-0.325,0.526,0.0,-0.0,15.84,-0.371,0.000,1313,1314,1311,1315
29.220,descend,0.855,0.878,-0.560,-0.023,-0.326,0.526,-0.0,-0.0,15.84,-0.357,0.000,1313,1314,1311,1315
29.240,descend,0.850,0.878,-0.568,-0.028,-0.326,0.525,-0.0,-0.0,15.84,-0.357,0.000,1313,1314,1311,1315
29.260,descend,0.845,0.872,-0.568,-0.027,-0.327,0.520,-0.0,-0.0,15.84,-0.307,0.000,1313,1314,1311,1315
29.280,descend,0.840,0.872,-0.569,-0.032,-0.327,0.519,-0.0,-0.0,15.84,-0.307,0.000,1331,1332,1328,1331
29.300,descend,0.835,0.850,-0.570,-0.015,-0.328,0.533,-0.0,-0.0,15.84,-0.410,0.000,1331,1332,1328,1331
29.320,descend,0.830,0.846,-0.570,-0.016,-0.328,0.525,0.0,-0.0,15.84,-0.330,0.000,1331,1332,1328,1331
29.340,descend,0.825,0.846,-0.573,-0.021,-0.328,0.523,0.0,-0.0,15.84,-0.330,0.000,1331,1332,1328,1331
29.360,descend,0.820,0.829,-0.573,-0.008,-0.329,0.531,0.0,-0.0,15.84,-0.378,0.000,1331,1332,1328,1331
29.380,descend,0.815,0.829,-0.569,-0.014,-0.329,0.530,0.0,-0.0,15.84,-0.378,0.000,1346,1347,1343,1348
29.400,descend,0.810,0.819,-0.569,-0.009,-0.329,0.529,0.0,-0.0,15.84,-0.354,0.000,1346,1347,1343,1348
29.420,descend,0.805,0.802,-0.567,0.003,-0.329,0.537,0.0,0.0,15.84,-0.403,0.000,1346,1347,1343,1348
29.440,descend,0.800,0.802,-0.561,-0.002,-0.329,0.535,0.0,0.0,15.84,-0.403,0.000,1346,1347,1343,1348
29.460,descend,0.795,0.793,-0.561,0.002,-0.329,0.533,0.0,0.0,15.84,-0.369,0.000,1346,1347,1343,1348
29.480,descend,0.790,0.793,-0.552,-0.003,-0.329,0.532,0.0,0.0,15.84,-0.369,0.000,1349,1350,1347,1351
29.500,descend,0.785,0.779,-0.541,0.006,-0.329,0.535,0.0,0.0,15.84,-0.382,0.000,1349,1350,1347,1351
29.520,descend,0.780,0.769,-0.541,0.011,-0.329,0.534,0.0,0.0,15.84,-0.352,0.000,1349,1350,1347,1351
29.540,descend,0.775,0.769,-0.532,0.006,-0.329,0.532,-0.0,0.0,15.84,-0.352,0.000,1349,1350,1347,1351
29.560,descend,0.770,0.757,-0.532,0.014,-0.328,0.536,-0.0,0.0,15.84,-0.367,0.000,1349,1350,1347,1351
29.580,descend,0.765,0.752,-0.522,0.013,-0.328,0.529,-0.0,0.0,15.84,-0.300,0.000,1356,1356,1354,1357
29.600,descend,0.760,0.752,-0.522,0.008,-0.328,0.528,-0.0,0.0,15.84,-0.300,0.000,1356,1356,1354,1357
29.620,descend,0.755,0.734,-0.510,0.021,-0.327,0.537,-0.0,0.0,15.84,-0.356,0.000,1356,1356,1354,1357
29.640,descend,0.750,0.734,-0.503,0.016,-0.327,0.536,-0.0,0.0,15.84,-0.356,0.000,1356,1356,1354,1357
29.660,descend,0.745,0.721,-0.503,0.024,-0.327,0.539,-0.0,0.0,15.84,-0.369,0.000,1356,1356,1354,1357
29.680,descend,0.740,0.714,-0.494,0.026,-0.326,0.536,-0.0,0.0,15.84,-0.337,0.000,1362,1364,1360,1364
29.700,descend,0.735,0.714,-0.494,0.021,-0.326,0.535,-0.0,-0.0,15.84,-0.337,0.000,1362,1364,1360,1364
29.720,descend,0.730,0.706,-0.482,0.025,-0.325,0.533,0.0,-0.0,15.84,-0.308,0.000,1362,1364,1360,1364
29.740,descend,0.725,0.706,-0.469,0.020,-0.325,0.532,0.0,-0.0,15.84,-0.308,0.000,1362,1364,1360,1364
29.760,descend,0.720,0.695,-0.469,0.025,-0.324,0.533,0.0,-0.0,15.84,-0.301,0.000,1362,1364,1360,1364
29.780,descend,0.715,0.688,-0.458,0.027,-0.324,0.531,0.0,-0.0,15.84,-0.279,0.000,1347,1348,1345,1348
29.800,descend,0.710,0.688,-0.447,0.022,-0.323,0.530,0.0,-0.0,15.84,-0.279,0.000,1347,1348,1345,1348
29.820,descend,0.705,0.673,-0.447,0.032,-0.323,0.538,0.0,-0.0,15.84,-0.336,0.000,1347,1348,1345,1348
29.840,descend,0.700,0.673,-0.440,0.027,-0.322,0.537,0.0,-0.0,15.84,-0.336,0.000,1347,1348,1345,1348
29.860,descend,0.695,0.669,-0.440,0.026,-0.322,0.530,0.0,-0.0,15.84,-0.269,0.000,1347,1348,1345,1348
29.880,descend,0.690,0.656,-0.429,0.034,-0.321,0.535,0.0,-0.0,15.84,-0.298,0.000,1342,1344,1341,1345
29.900,descend,0.685,0.656,-0.418,0.029,-0.320,0.534,0.0,-0.0,15.84,-0.298,0.000,1342,1344,1341,1345
29.920,descend,0.680,0.654,-0.418,0.026,-0.320,0.527,0.0,-0.0,15.84,-0.235,0.000,1342,1344,1341,1345
29.940,descend,0.675,0.654,-0.409,0.021,-0.319,0.526,0.0,-0.0,15.84,-0.235,0.000,1342,1344,1341,1345
29.960,descend,0.670,0.641,-0.409,0.029,-0.319,0.533,0.0,-0.0,15.84,-0.284,0.000,1342,1344,1341,1345
29.980,descend,0.665,0.637,-0.401,0.028,-0.318,0.528,0.0,-0.0,15.84,-0.236,0.000,1333,1333,1332,1336
30.000,descend,0.660,0.637,-0.396,0.023,-0.318,0.527,0.0,0.0,15.84,-0.236,0.000,1333,1333,1332,1336
30.020,descend,0.655,0.631,-0.396,0.024,-0.317,0.525,0.0,0.0,15.84,-0.213,0.000,1333,1333,1332,1336
30.040,descend,0.650,0.631,-0.389,0.019,-0.317,0.523,0.0,0.0,15.84,-0.213,0.000,1333,1333,1332,1336
30.060,descend,0.645,0.625,-0.389,0.020,-0.317,0.524,0.0,0.0,15.84,-0.212,0.000,1333,1333,1332,1336
30.080,descend,0.640,0.615,-0.387,0.025,-0.316,0.528,0.0,0.0,15.84,-0.237,0.000,1327,1328,1326,1330
30.100,descend,0.635,0.615,-0.387,0.020,-0.316,0.526,0.0,0.0,15.84,-0.237,0.000,1327,1328,1326,1330
30.120,descend,0.630,0.611,-0.387,0.019,-0.315,0.523,0.0,0.0,15.84,-0.207,0.000,1327,1328,1326,1330
30.140,descend,0.625,0.611,-0.386,0.014,-0.315,0.522,0.0,0.0,15.84,-0.207,0.000,1327,1328,1326,1330
30.160,descend,0.620,0.604,-0.386,0.016,-0.315,0.522,0.0,0.0,15.84,-0.205,0.000,1327,1328,1326,1330
30.180,descend,0.615,0.597,-0.385,0.018,-0.314,0.523,0.0,0.0,15.84,-0.207,0.000,1323,1325,1323,1326
30.200,descend,0.610,0.597,-0.387,0.013,-0.314,0.522,0.0,0.0,15.84,-0.207,0.000,1323,1325,1323,1326
30.220,descend,0.605,0.591,-0.387,0.014,-0.314,0.521,0.0,0.0,15.84,-0.199,0.000,1323,1325,1323,1326
30.240,descend,0.600,0.582,-0.390,0.018,-0.313,0.525,0.0,0.0,15.84,-0.221,0.000,1323,1325,1323,1326
30.260,descend,0.595,0.582,-0.390,0.013,-0.313,0.523,0.0,0.0,15.84,-0.221,0.000,1323,1325,1323,1326
30.280,descend,0.590,0.583,-0.392,0.008,-0.313,0.515,0.0,0.0,15.84,-0.153,0.000,1327,1328,1326,1330
30.300,descend,0.585,0.583,-0.392,0.003,-0.313,0.514,0.0,0.0,15.84,-0.153,0.000,1327,1328,1326,1330
30.320,descend,0.580,0.568,-0.393,0.012,-0.313,0.525,-0.0,0.0,15.84,-0.242,0.000,1327,1328,1326,1330
30.340,descend,0.575,0.564,-0.398,0.011,-0.312,0.521,-0.0,-0.0,15.84,-0.205,0.000,1327,1328,1326,1330
30.360,descend,0.570,0.564,-0.398,0.006,-0.312,0.520,-0.0,0.0,15.84,-0.205,0.000,1327,1328,1326,1330
30.380,descend,0.565,0.551,-0.402,0.014,-0.312,0.529,-0.0,-0.0,15.84,-0.271,0.000,1319,1321,1318,1323
30.400,descend,0.560,0.551,-0.405,0.009,-0.312,0.528,-0.0,-0.0,15.84,-0.271,0.000,1319,1321,1318,1323
30.420,descend,0.555,0.544,-0.405,0.011,-0.312,0.526,-0.0,0.0,15.84,-0.249,0.000,1319,1321,1318,1323
30.440,descend,0.550,0.545,-0.403,0.005,-0.312,0.517,-0.0,0.0,15.84,-0.170,0.000,1319,1321,1318,1323
30.460,descend,0.545,0.545,-0.403,0.000,-0.312,0.515,-0.0,0.0,15.84,-0.170,0.000,1319,1321,1318,1323
30.480,descend,0.540,0.534,-0.402,0.006,-0.311,0.521,-0.0,0.0,15.84,-0.214,0.000,1312,1313,1311,1315
30.500,descend,0.535,0.534,-0.406,0.001,-0.311,0.520,0.0,0.0,15.84,-0.214,0.000,1312,1313,1311,1315
30.520,descend,0.530,0.530,-0.406,0.001,-0.311,0.518,0.0,0.0,15.84,-0.193,0.000,1312,1313,1311,1315
30.540,descend,0.525,0.516,-0.411,0.009,-0.311,0.525,0.0,0.0,15.84,-0.245,0.000,1312,1313,1311,1315
30.560,descend,0.520,0.516,-0.411,0.004,-0.311,0.524,0.0,0.0,15.84,-0.245,0.000,1312,1313,1311,1315
30.580,descend,0.515,0.506,-0.417,0.009,-0.311,0.527,0.0,0.0,15.84,-0.267,0.000,1331,1331,1330,1333
30.600,descend,0.510,0.506,-0.419,0.004,-0.311,0.526,0.0,0.0,15.84,-0.267,0.000,1331,1331,1330,1333
30.620,descend,0.505,0.499,-0.419,0.006,-0.311,0.524,0.0,0.0,15.84,-0.246,0.000,1331,1331,1330,1333
30.640,descend,0.500,0.500,-0.417,0.000,-0.311,0.515,0.0,0.0,15.84,-0.170,0.000,1331,1331,1330,1333
30.660,descend,0.495,0.500,-0.417,-0.005,-0.311,0.514,0.0,0.0,15.84,-0.170,0.000,1331,1331,1330,1333
30.680,descend,0.490,0.491,-0.416,-0.001,-0.311,0.517,0.0,0.0,15.84,-0.190,0.000,1306,1307,1305,1309
30.700,descend,0.485,0.491,-0.422,-0.006,-0.311,0.516,0.0,0.0,15.84,-0.190,0.000,1306,1307,1305,1309
30.720,descend,0.480,0.477,-0.422,0.003,-0.311,0.525,0.0,0.0,15.84,-0.257,0.000,1306,1307,1305,1309
30.740,descend,0.475,0.467,-0.431,0.008,-0.311,0.528,0.0,0.0,15.84,-0.277,0.000,1306,1307,1305,1309
30.760,descend,0.470,0.467,-0.431,0.003,-0.311,0.527,0.0,0.0,15.84,-0.277,0.000,1306,1307,1305,1309
30.780,descend,0.465,0.461,-0.435,0.004,-0.311,0.525,0.0,0.0,15.84,-0.253,0.000,1337,1338,1337,1340
30.800,descend,0.460,0.461,-0.433,-0.001,-0.311,0.524,0.0,0.0,15.84,-0.253,0.000,1337,1338,1337,1340
30.820,descend,0.455,0.452,-0.433,0.003,-0.311,0.524,0.0,0.0,15.84,-0.251,0.000,1337,1338,1337,1340
30.840,descend,0.450,0.443,-0.432,0.007,-0.310,0.526,0.0,0.0,15.84,-0.258,0.000,1337,1338,1337,1340
30.860,descend,0.445,0.443,-0.432,0.002,-0.310,0.525,0.0,0.0,15.84,-0.258,0.000,1337,1338,1337,1340
30.880,descend,0.440,0.438,-0.433,0.002,-0.310,0.522,0.0,0.0,15.84,-0.231,0.000,1330,1331,1329,1333
30.900,descend,0.435,0.427,-0.433,0.008,-0.310,0.527,0.0,0.0,15.84,-0.264,0.000,1330,1331,1329,1333
30.920,descend,0.430,0.427,-0.433,0.003,-0.310,0.526,0.0,0.0,15.84,-0.264,0.000,1330,1331,1329,1333
30.940,descend,0.425,0.420,-0.434,0.005,-0.310,0.524,-0.0,0.0,15.84,-0.242,0.000,1330,1331,1329,1333
30.960,descend,0.420,0.420,-0.434,-0.000,-0.310,0.523,-0.0,0.0,15.84,-0.242,0.000,1330,1331,1329,1333
30.980,descend,0.415,0.410,-0.433,0.005,-0.310,0.526,-0.0,0.0,15.84,-0.263,0.000,1328,1329,1327,1331
31.000,descend,0.410,0.403,-0.433,0.007,-0.310,0.525,-0.0,0.0,15.84,-0.246,0.000,1328,1329,1327,1331
31.020,descend,0.405,0.403,-0.433,0.002,-0.310,0.523,-0.0,0.0,15.84,-0.246,0.000,1328,1329,1327,1331
31.040,descend,0.400,0.392,-0.433,0.008,-0.310,0.529,-0.0,0.0,15.84,-0.283,0.000,1328,1329,1327,1331
31.060,descend,0.395,0.392,-0.433,0.003,-0.310,0.528,-0.0,0.0,15.84,-0.283,0.000,1328,1329,1327,1331
31.080,descend,0.390,0.385,-0.433,0.005,-0.309,0.526,-0.0,0.0,15.84,-0.260,0.000,1337,1338,1336,1339
31.100,descend,0.385,0.373,-0.430,0.012,-0.309,0.530,-0.0,0.0,15.84,-0.282,0.000,1337,1338,1336,1339
31.120,descend,0.380,0.373,-0.430,0.007,-0.309,0.528,-0.0,0.0,15.84,-0.282,0.000,1337,1338,1336,1339
31.140,descend,0.375,0.368,-0.428,0.007,-0.309,0.525,-0.0,0.0,15.84,-0.249,0.000,1337,1338,1336,1339
31.160,descend,0.370,0.368,-0.428,0.002,-0.309,0.524,-0.0,0.0,15.84,-0.249,0.000,1337,1338,1336,1339
31.180,descend,0.365,0.359,-0.423,0.006,-0.309,0.526,-0.0,-0.0,15.84,-0.255,0.000,1331,1332,1330,1334
31.200,descend,0.360,0.351,-0.422,0.009,-0.309,0.526,-0.0,-0.0,15.84,-0.253,0.000,1331,1332,1330,1334
31.220,descend,0.355,0.351,-0.422,0.004,-0.309,0.525,-0.0,-0.0,15.84,-0.253,0.000,1331,1332,1330,1334
31.240,descend,0.350,0.352,-0.421,-0.002,-0.309,0.515,-0.0,-0.0,15.84,-0.164,0.000,1331,1332,1330,1334
31.260,descend,0.345,0.352,-0.421,-0.007,-0.309,0.513,-0.0,-0.0,15.84,-0.164,0.000,1331,1332,1330,1334
31.280,descend,0.340,0.336,-0.420,0.004,-0.309,0.526,-0.0,-0.0,15.84,-0.262,0.000,1305,1305,1303,1307
31.300,descend,0.335,0.327,-0.426,0.008,-0.308,0.527,-0.0,-0.0,15.84,-0.267,0.000,1305,1305,1303,1307
31.320,descend,0.330,0.327,-0.426,0.003,-0.308,0.526,-0.0,-0.0,15.84,-0.267,0.000,1305,1305,1303,1307
31.340,descend,0.325,0.322,-0.428,0.003,-0.308,0.523,-0.0,-0.0,15.84,-0.231,0.000,1305,1305,1303,1307
31.360,descend,0.320,0.322,-0.428,-0.002,-0.308,0.521,-0.0,-0.0,15.84,-0.231,0.000,1305,1305,1303,1307
31.380,descend,0.315,0.311,-0.426,0.004,-0.308,0.525,-0.0,-0.0,15.84,-0.255,0.000,1322,1324,1322,1324
31.400,descend,0.310,0.301,-0.427,0.009,-0.308,0.529,-0.0,-0.0,15.84,-0.281,0.000,1322,1324,1322,1324
31.420,descend,0.305,0.301,-0.427,0.004,-0.308,0.528,-0.0,-0.0,15.84,-0.281,0.000,1322,1324,1322,1324
31.440,descend,0.300,0.295,-0.426,0.005,-0.308,0.526,-0.0,-0.0,15.84,-0.257,0.000,1322,1324,1322,1324
31.460,descend,0.295,0.295,-0.426,0.000,-0.308,0.525,-0.0,-0.0,15.84,-0.257,0.000,1322,1324,1322,1324
31.480,descend,0.290,0.288,-0.423,0.002,-0.308,0.523,-0.0,-0.0,15.84,-0.238,0.000,1330,1331,1328,1332
31.500,descend,0.285,0.280,-0.421,0.005,-0.308,0.524,-0.0,-0.0,15.84,-0.243,0.000,1330,1331,1328,1332
31.520,descend,0.280,0.280,-0.421,0.000,-0.308,0.523,-0.0,-0.0,15.84,-0.243,0.000,1330,1331,1328,1332
31.540,descend,0.275,0.278,-0.420,-0.003,-0.308,0.517,-0.0,0.0,15.84,-0.185,0.000,1330,1331,1328,1332
31.560,descend,0.270,0.262,-0.420,0.008,-0.308,0.528,-0.0,0.0,15.84,-0.276,0.000,1330,1331,1328,1332
31.580,descend,0.265,0.262,-0.422,0.003,-0.308,0.527,-0.0,0.0,15.84,-0.276,0.000,1339,1340,1337,1340
31.600,descend,0.260,0.257,-0.422,0.003,-0.308,0.524,-0.0,0.0,15.84,-0.243,0.000,1339,1340,1337,1340
31.620,descend,0.255,0.257,-0.422,-0.002,-0.308,0.523,-0.0,0.0,15.84,-0.243,0.000,1339,1340,1337,1340
31.640,descend,0.250,0.247,-0.420,0.003,-0.307,0.526,-0.0,0.0,15.84,-0.261,0.000,1339,1340,1337,1340
31.660,descend,0.245,0.241,-0.420,0.004,-0.307,0.523,-0.0,0.0,15.84,-0.233,0.000,1339,1340,1337,1340
31.680,descend,0.240,0.241,-0.420,-0.001,-0.307,0.522,0.0,0.0,15.84,-0.233,0.000,1327,1328,1325,1328
31.700,descend,0.235,0.226,-0.419,0.009,-0.307,0.532,-0.0,0.0,15.84,-0.311,0.000,1327,1328,1325,1328
31.720,descend,0.230,0.226,-0.419,0.004,-0.307,0.531,-0.0,0.0,15.84,-0.311,0.000,1327,1328,1325,1328
31.740,descend,0.225,0.225,-0.420,0.000,-0.307,0.522,-0.0,0.0,15.84,-0.226,0.000,1327,1328,1325,1328
31.760,descend,0.220,0.213,-0.420,0.007,-0.307,0.528,-0.0,0.0,15.84,-0.271,0.000,1327,1328,1325,1328
31.780,descend,0.215,0.213,-0.413,0.002,-0.307,0.527,0.0,0.0,15.84,-0.271,0.000,1338,1339,1336,1339
31.800,descend,0.210,0.209,-0.411,0.001,-0.307,0.521,0.0,0.0,15.84,-0.221,0.000,1338,1339,1336,1339
31.820,descend,0.205,0.209,-0.411,-0.004,-0.307,0.520,0.0,0.0,15.84,-0.221,0.000,1338,1339,1336,1339
31.840,descend,0.200,0.204,-0.409,-0.004,-0.307,0.518,0.0,0.0,15.84,-0.200,0.000,1338,1339,1336,1339
31.860,descend,0.195,0.186,-0.409,0.009,-0.307,0.531,0.0,0.0,15.84,-0.299,0.000,1338,1339,1336,1339
31.880,descend,0.190,0.186,-0.411,0.004,-0.307,0.530,0.0,0.0,15.84,-0.299,0.000,1315,1316,1313,1317
31.900,descend,0.185,0.185,-0.413,0.000,-0.307,0.521,0.0,0.0,15.84,-0.222,0.000,1315,1316,1313,1317
31.920,descend,0.180,0.185,-0.413,-0.005,-0.307,0.520,0.0,0.0,15.84,-0.222,0.000,1315,1316,1313,1317
31.940,descend,0.175,0.174,-0.409,0.001,-0.307,0.524,0.0,0.0,15.84,-0.250,0.000,1315,1316,1313,1317
31.960,descend,0.170,0.172,-0.409,-0.002,-0.307,0.518,0.0,0.0,15.84,-0.192,0.000,1315,1316,1313,1317
31.980,descend,0.165,0.172,-0.410,-0.007,-0.307,0.516,0.0,0.0,15.84,-0.192,0.000,1314,1315,1313,1316
32.000,descend,0.160,0.164,-0.412,-0.004,-0.307,0.519,0.0,0.0,15.84,-0.211,0.000,1314,1315,1313,1316
32.020,descend,0.155,0.164,-0.412,-0.009,-0.307,0.518,0.0,0.0,15.84,-0.211,0.000,1314,1315,1313,1316
32.040,descend,0.150,0.154,-0.420,-0.004,-0.307,0.522,0.0,0.0,15.84,-0.244,0.000,1314,1315,1313,1316
32.060,descend,0.145,0.154,-0.420,-0.009,-0.308,0.521,0.0,0.0,15.84,-0.244,0.000,1314,1315,1313,1316
32.080,descend,0.140,0.136,-0.427,0.004,-0.308,0.531,-0.0,0.0,15.84,-0.314,0.000,1324,1326,1323,1327
32.100,descend,0.135,0.135,-0.431,0.000,-0.308,0.522,-0.0,-0.0,15.84,-0.231,0.000,1324,1326,1323,1327
32.120,descend,0.130,0.135,-0.431,-0.005,-0.308,0.521,-0.0,-0.0,15.84,-0.231,0.000,1324,1326,1323,1327
32.140,descend,0.125,0.122,-0.430,0.003,-0.308,0.526,-0.0,-0.0,15.84,-0.265,0.000,1324,1326,1323,1327
32.160,descend,0.120,0.118,-0.430,0.002,-0.308,0.521,-0.0,-0.0,15.84,-0.220,0.000,1324,1326,1323,1327
32.180,descend,0.115,0.118,-0.431,-0.003,-0.308,0.520,-0.0,-0.0,15.84,-0.220,0.000,1333,1334,1332,1335
32.200,descend,0.110,0.103,-0.432,0.007,-0.308,0.532,-0.0,-0.0,15.84,-0.317,0.000,1333,1334,1332,1335
32.220,descend,0.105,0.099,-0.432,0.006,-0.308,0.526,-0.0,-0.0,15.84,-0.260,0.000,1333,1334,1332,1335
32.240,descend,0.100,0.099,-0.434,0.001,-0.308,0.525,-0.0,-0.0,15.84,-0.260,0.000,1333,1334,1332,1335
32.260,descend,0.095,0.091,-0.434,0.004,-0.308,0.525,-0.0,-0.0,15.84,-0.251,0.000,1333,1334,1332,1335
32.280,descend,0.090,0.091,-0.431,-0.001,-0.308,0.524,-0.0,-0.0,15.84,-0.251,0.000,1331,1332,1330,1333
32.300,descend,0.085,0.084,-0.430,0.001,-0.308,0.523,-0.0,-0.0,15.84,-0.236,0.000,1331,1332,1330,1333
32.320,descend,0.080,0.074,-0.430,0.006,-0.308,0.527,-0.0,0.0,15.84,-0.263,0.000,1331,1332,1330,1333
32.340,descend,0.075,0.074,-0.431,0.001,-0.308,0.525,-0.0,0.0,15.84,-0.263,0.000,1331,1332,1330,1333
32.360,descend,0.070,0.068,-0.431,0.002,-0.308,0.524,-0.0,0.0,15.84,-0.243,0.000,1331,1332,1330,1333
32.380,descend,0.065,0.068,-0.432,-0.003,-0.308,0.522,-0.0,0.0,15.84,-0.243,0.000,1331,1333,1330,1334
32.400,descend,0.060,0.055,-0.432,0.005,-0.308,0.527,-0.0,0.0,15.84,-0.274,0.000,1331,1333,1330,1334
32.420,descend,0.055,0.052,-0.432,0.003,-0.308,0.522,-0.0,0.0,15.84,-0.225,0.000,1331,1333,1330,1334
32.440,descend,0.050,0.052,-0.434,-0.002,-0.308,0.521,0.1,0.1,15.84,-0.225,0.000,1331,1333,1330,1334
32.460,descend,0.045,0.041,-0.434,0.005,-0.308,0.524,0.4,0.6,15.84,-0.242,0.000,1331,1333,1330,1334
32.480,descend,0.040,0.041,-0.132,-0.001,-0.308,0.523,0.2,0.3,15.84,-0.242,0.000,1000,1636,1192,1460
32.500,descend,0.035,0.043,-0.098,-0.008,-0.308,0.511,0.2,0.2,15.84,-0.141,0.000,1000,1636,1192,1460
32.520,descend,0.030,0.050,-0.098,-0.020,-0.308,0.498,0.3,0.3,15.84,-0.042,0.000,1000,1636,1192,1460
32.540,descend,0.025,0.050,-0.085,-0.025,-0.308,0.497,0.2,0.3,15.84,-0.042,0.000,1000,1636,1192,1460
32.560,descend,0.020,0.050,-0.085,-0.030,-0.308,0.494,0.1,0.2,15.84,-0.029,0.000,1000,1636,1192,1460
32.580,descend,0.015,0.050,-0.093,-0.035,-0.308,0.493,0.1,0.1,15.84,-0.029,0.000,1281,1234,1272,1286
32.600,descend,0.010,0.057,-0.116,-0.047,-0.308,0.483,0.1,0.1,15.84,0.046,0.000,1281,1234,1272,1286
32.620,descend,0.005,0.059,-0.116,-0.054,-0.308,0.481,0.1,0.1,15.84,0.045,0.000,1281,1234,1272,1286
32.640,descend,0.000,0.059,-0.154,-0.059,-0.308,0.480,0.0,0.0,15.84,0.045,0.000,1281,1234,1272,1286
32.660,descend,0.000,0.056,-0.154,-0.056,-0.308,0.470,0.0,0.0,15.84,0.008,0.000,1281,1234,1272,1286
32.680,descend,0.000,0.056,-0.194,-0.056,-0.308,0.460,0.0,0.0,15.84,0.008,0.000,1203,1203,1211,1211
32.700,descend,0.000,0.058,-0.241,-0.058,-0.308,0.450,0.0,0.0,15.84,0.026,0.000,1203,1203,1211,1211
32.720,descend,0.000,0.056,-0.241,-0.056,-0.308,0.440,-0.0,-0.0,15.84,-0.001,0.000,1203,1203,1211,1211
32.740,descend,0.000,0.056,-0.301,-0.056,-0.308,0.430,-0.0,-0.0,15.84,-0.001,0.000,1203,1203,1211,1211
32.760,descend,0.000,0.052,-0.301,-0.052,-0.308,0.420,-0.0,-0.0,15.84,-0.033,0.000,1203,1203,1211,1211
32.780,descend,0.000,0.052,-0.373,-0.052,-0.308,0.410,-0.0,-0.0,15.84,-0.033,0.000,1116,1117,1117,1118
32.800,descend,0.000,0.044,-0.179,-0.044,-0.308,0.400,0.2,0.3,15.84,-0.092,0.000,1116,1117,1117,1118
32.820,disarm,0.000,0.040,-0.179,0.000,-0.308,0.390,0.5,0.6,15.84,-0.107,0.000,1116,1117,1117,1118
32.840,disarm,0.000,0.040,-0.184,0.000,-0.308,0.000,0.5,0.6,15.84,-0.107,0.000,1116,1117,1117,1118
32.860,disarm,0.000,0.044,-0.184,0.000,-0.308,0.000,0.5,0.6,15.84,-0.034,0.000,1116,1117,1117,1118
32.880,disarm,0.000,0.040,-0.184,0.000,-0.308,0.000,0.5,0.6,15.84,-0.061,0.000,150,150,150,150
32.900,disarm,0.000,0.040,-0.184,0.000,-0.308,0.000,0.5,0.6,15.84,-0.061,0.000,150,150,150,150
32.920,disarm,0.000,0.040,-0.184,0.000,-0.308,0.000,0.5,0.6,15.84,-0.045,0.000,150,150,150,150
32.941,disarm,0.000,0.040,-0.184,0.000,-0.308,0.000,0.5,0.6,15.84,-0.045,0.000,150,150,150,150
32.960,disarm,0.000,0.044,-0.184,0.000,-0.308,0.000,0.5,0.6,15.84,0.011,0.000,150,150,150,150
32.980,disarm,0.000,0.046,-0.184,0.000,-0.308,0.000,0.5,0.6,15.84,0.019,0.000,150,150,150,150
33.000,disarm,0.000,0.046,-0.184,0.000,-0.308,0.000,0.5,0.6,15.84,0.019,0.000,150,150,150,150
33.020,disarm,0.000,0.047,-0.184,0.000,-0.308,0.000,0.5,0.6,15.84,0.028,0.000,150,150,150,150
33.040,disarm,0.000,0.047,-0.185,0.000,-0.308,0.000,0.5,0.6,15.84,0.028,0.000,150,150,150,150
33.060,disarm,0.000,0.046,-0.185,0.000,-0.308,0.000,0.5,0.6,15.84,0.010,0.000,150,150,150,150
33.080,disarm,0.000,0.041,-0.185,0.000,-0.308,0.000,0.5,0.6,15.84,-0.039,0.000,150,150,150,150
33.100,disarm,0.000,0.041,-0.185,0.000,-0.308,0.000,0.5,0.6,15.84,-0.039,0.000,150,150,150,150
33.120,disarm,0.000,0.044,-0.186,0.000,-0.308,0.000,0.5,0.6,15.84,-0.002,0.000,150,150,150,150
33.140,disarm,0.000,0.044,-0.185,0.000,-0.308,0.000,0.5,0.6,15.84,-0.002,0.000,150,150,150,150
33.160,disarm,0.000,0.044,-0.185,0.000,-0.308,0.000,0.5,0.6,15.84,-0.008,0.000,150,150,150,150
33.180,disarm,0.000,0.046,-0.185,0.000,-0.308,0.000,0.5,0.6,15.84,0.012,0.000,150,150,150,150
33.200,disarm,0.000,0.046,-0.185,0.000,-0.308,0.000,0.5,0.6,15.84,0.012,0.000,150,150,150,150
33.220,disarm,0.000,0.045,-0.185,0.000,-0.308,0.000,0.5,0.6,15.84,0.003,0.000,150,150,150,150
33.240,disarm,0.000,0.045,-0.186,0.000,-0.308,0.000,0.5,0.6,15.84,0.003,0.000,150,150,150,150
33.260,disarm,0.000,0.045,-0.186,0.000,-0.308,0.000,0.5,0.6,15.84,0.004,0.000,150,150,150,150
33.280,disarm,0.000,0.044,-0.186,0.000,-0.308,0.000,0.5,0.6,15.84,-0.011,0.000,150,150,150,150
33.300,disarm,0.000,0.044,-0.187,0.000,-0.308,0.000,0.5,0.6,15.84,-0.011,0.000,150,150,150,150
33.320,disarm,0.000,0.042,-0.187,0.000,-0.308,0.000,0.5,0.6,15.84,-0.024,0.000,150,150,150,150
33.340,disarm,0.000,0.042,-0.187,0.000,-0.308,0.000,0.5,0.6,15.84,-0.024,0.000,150,150,150,150
33.360,disarm,0.000,0.046,-0.187,0.000,-0.308,0.000,0.5,0.6,15.84,0.019,0.000,150,150,150,150
33.380,disarm,0.000,0.041,-0.187,0.000,-0.308,0.000,0.5,0.6,15.84,-0.033,0.000,150,150,150,150
33.400,disarm,0.000,0.041,-0.187,0.000,-0.308,0.000,0.5,0.6,15.84,-0.033,0.000,150,150,150,150
33.420,disarm,0.000,0.043,-0.187,0.000,-0.308,0.000,0.5,0.6,15.84,-0.002,0.000,150,150,150,150
33.440,disarm,0.000,0.043,-0.187,0.000,-0.308,0.000,0.5,0.6,15.84,-0.002,0.000,150,150,150,150
33.460,disarm,0.000,0.040,-0.187,0.000,-0.308,0.000,0.5,0.6,15.84,-0.029,0.000,150,150,150,150
33.480,disarm,0.000,0.040,-0.188,0.000,-0.308,0.000,0.5,0.6,15.84,-0.021,0.000,150,150,150,150
33.500,disarm,0.000,0.040,-0.188,0.000,-0.308,0.000,0.5,0.6,15.84,-0.021,0.000,150,150,150,150
33.520,disarm,0.000,0.047,-0.188,0.000,-0.308,0.000,0.5,0.6,15.84,0.055,0.000,150,150,150,150
33.540,disarm,0.000,0.047,-0.188,0.000,-0.308,0.000,0.5,0.6,15.84,0.055,0.000,150,150,150,150
33.560,disarm,0.000,0.041,-0.188,0.000,-0.308,0.000,0.5,0.6,15.84,-0.014,0.000,150,150,150,150
33.580,disarm,0.000,0.044,-0.188,0.000,-0.308,0.000,0.5,0.6,15.84,0.019,0.000,0,0,0,0
33.600,disarm,0.000,0.044,-0.188,0.000,-0.308,0.000,0.5,0.6,15.84,0.019,0.000,0,0,0,0
33.620,disarm,0.000,0.043,-0.188,0.000,-0.308,0.000,0.5,0.6,15.84,0.004,0.000,0,0,0,0
33.640,disarm,0.000,0.040,-0.188,0.000,-0.308,0.000,0.5,0.6,15.84,-0.025,0.000,0,0,0,0
33.660,disarm,0.000,0.040,-0.188,0.000,-0.308,0.000,0.5,0.6,15.84,-0.025,0.000,0,0,0,0
33.680,disarm,0.000,0.040,-0.188,0.000,-0.308,0.000,0.5,0.6,15.84,-0.018,0.000,0,0,0,0
33.700,disarm,0.000,0.040,-0.188,0.000,-0.308,0.000,0.5,0.6,15.84,-0.018,0.000,0,0,0,0
33.720,disarm,0.000,0.045,-0.189,0.000,-0.308,0.000,0.5,0.6,15.84,0.030,0.000,0,0,0,0
33.740,disarm,0.000,0.040,-0.189,0.000,-0.308,0.000,0.5,0.6,15.84,-0.024,0.000,0,0,0,0
33.760,disarm,0.000,0.040,-0.189,0.000,-0.308,0.000,0.5,0.6,15.84,-0.024,0.000,0,0,0,0
33.780,disarm,0.000,0.045,-0.188,0.000,-0.308,0.000,0.5,0.6,15.84,0.034,0.000,0,0,0,0
33.800,disarm,0.000,0.045,-0.188,0.000,-0.308,0.000,0.5,0.6,15.84,0.034,0.000,0,0,0,0
33.820,disarm,0.000,0.043,-0.188,0.000,-0.308,0.000,0.5,0.6,15.84,0.000,0.000,0,0,0,0
33.840,disarm,0.000,0.045,-0.188,0.000,-0.308,0.000,0.5,0.6,15.84,0.020,0.000,0,0,0,0
33.860,disarm,0.000,0.045,-0.188,0.000,-0.308,0.000,0.5,0.6,15.84,0.020,0.000,0,0,0,0
33.880,disarm,0.000,0.043,-0.188,0.000,-0.308,0.000,0.5,0.6,15.84,-0.005,0.000,0,0,0,0
33.900,disarm,0.000,0.043,-0.187,0.000,-0.308,0.000,0.5,0.6,15.84,-0.005,0.000,0,0,0,0
33.920,disarm,0.000,0.043,-0.187,0.000,-0.308,0.000,0.5,0.6,15.84,-0.005,0.000,0,0,0,0
33.940,disarm,0.000,0.044,-0.187,0.000,-0.308,0.000,0.5,0.6,15.84,0.006,0.000,0,0,0,0
33.960,disarm,0.000,0.044,-0.187,0.000,-0.308,0.000,0.5,0.6,15.84,0.006,0.000,0,0,0,0
33.980,disarm,0.000,0.040,-0.187,0.000,-0.308,0.000,0.5,0.6,15.84,-0.029,0.000,0,0,0,0
34.000,disarm,0.000,0.042,-0.187,0.000,-0.308,0.000,0.5,0.6,15.84,0.000,0.000,0,0,0,0
34.020,disarm,0.000,0.042,-0.187,0.000,-0.308,0.000,0.5,0.6,15.84,0.000,0.000,0,0,0,0
34.040,disarm,0.000,0.042,-0.187,0.000,-0.308,0.000,0.5,0.6,15.84,0.001,0.000,0,0,0,0
34.060,disarm,0.000,0.042,-0.187,0.000,-0.308,0.000,0.5,0.6,15.84,0.001,0.000,0,0,0,0
