t,phase,h_ref,h,vz,err,integral,thrust,roll,pitch,batt_v,vz_tof,terrain_off,m1_FR,m2_RL,m3_FL,m4_RR
0.000,arming,0.000,0.042,0.025,0.000,0.000,0.000,-0.4,-0.2,16.20,-0.030,0.000,0,0,0,0
0.020,arming,0.000,0.042,0.025,0.000,0.000,0.000,-0.4,-0.2,16.20,-0.030,0.000,0,0,0,0
0.040,arming,0.000,0.046,0.026,0.000,0.000,0.000,-0.4,-0.2,16.20,0.012,0.000,0,0,0,0
0.060,arming,0.000,0.046,0.026,0.000,0.000,0.000,-0.4,-0.2,16.20,0.012,0.000,0,0,0,0
0.080,arming,0.000,0.049,0.026,0.000,0.000,0.000,-0.4,-0.2,16.20,0.043,0.000,0,0,0,0
0.100,arming,0.000,0.044,0.026,0.000,0.000,0.000,-0.4,-0.2,16.20,-0.014,0.000,0,0,0,0
0.120,arming,0.000,0.044,0.026,0.000,0.000,0.000,-0.4,-0.2,16.20,-0.014,0.000,0,0,0,0
0.140,arming,0.000,0.040,0.026,0.000,0.000,0.000,-0.4,-0.2,16.20,-0.037,0.000,0,0,0,0
0.160,arming,0.000,0.040,0.026,0.000,0.000,0.000,-0.4,-0.2,16.20,-0.037,0.000,0,0,0,0
0.180,arming,0.000,0.043,0.027,0.000,0.000,0.000,-0.4,-0.2,16.20,0.006,0.000,0,0,0,0
0.200,arming,0.000,0.041,0.027,0.000,0.000,0.000,-0.4,-0.2,16.20,-0.019,0.000,0,0,0,0
0.220,arming,0.000,0.041,0.028,0.000,0.000,0.000,-0.4,-0.3,16.20,-0.019,0.000,0,0,0,0
0.240,arming,0.000,0.040,0.028,0.000,0.000,0.000,-0.4,-0.3,16.20,-0.024,0.000,0,0,0,0
0.260,arming,0.000,0.040,0.028,0.000,0.000,0.000,-0.4,-0.3,16.20,-0.024,0.000,0,0,0,0
0.280,arming,0.000,0.045,0.029,0.000,0.000,0.000,-0.4,-0.3,16.20,0.027,0.000,0,0,0,0
0.300,arming,0.000,0.042,0.029,0.000,0.000,0.000,-0.4,-0.3,16.20,-0.004,0.000,0,0,0,0
0.320,arming,0.000,0.042,0.029,0.000,0.000,0.000,-0.4,-0.3,16.20,-0.004,0.000,0,0,0,0
0.340,arming,0.000,0.040,0.030,0.000,0.000,0.000,-0.4,-0.3,16.20,-0.021,0.000,0,0,0,0
0.360,arming,0.000,0.040,0.030,0.000,0.000,0.000,-0.4,-0.3,16.20,-0.021,0.000,0,0,0,0
0.380,arming,0.000,0.049,0.030,0.000,0.000,0.000,-0.4,-0.3,16.20,0.065,0.000,0,0,0,0
0.400,arming,0.000,0.043,0.030,0.000,0.000,0.000,-0.4,-0.3,16.20,-0.008,0.000,0,0,0,0
0.420,arming,0.000,0.043,0.031,0.000,0.000,0.000,-0.4,-0.3,16.20,-0.008,0.000,0,0,0,0
0.440,arming,0.000,0.042,0.031,0.000,0.000,0.000,-0.4,-0.3,16.20,-0.012,0.000,0,0,0,0
0.460,arming,0.000,0.042,0.031,0.000,0.000,0.000,-0.4,-0.3,16.20,-0.007,0.000,0,0,0,0
0.480,arming,0.000,0.042,0.032,0.000,0.000,0.000,-0.4,-0.3,16.20,-0.007,0.000,0,0,0,0
0.500,arming,0.000,0.045,0.032,0.000,0.000,0.000,-0.4,-0.3,16.20,0.014,0.000,0,0,0,0
0.520,arming,0.000,0.045,0.032,0.000,0.000,0.000,-0.4,-0.3,16.20,0.014,0.000,0,0,0,0
0.540,arming,0.000,0.040,0.033,0.000,0.000,0.000,-0.4,-0.3,16.20,-0.035,0.000,0,0,0,0
0.560,arming,0.000,0.040,0.033,0.000,0.000,0.000,-0.4,-0.3,16.20,-0.035,0.000,0,0,0,0
0.580,arming,0.000,0.043,0.033,0.000,0.000,0.000,-0.4,-0.3,16.20,0.007,0.000,0,0,0,0
0.600,arming,0.000,0.043,0.033,0.000,0.000,0.000,-0.4,-0.3,16.20,0.007,0.000,0,0,0,0
0.620,arming,0.000,0.043,0.034,0.000,0.000,0.000,-0.4,-0.3,16.20,0.007,0.000,0,0,0,0
0.640,arming,0.000,0.044,0.035,0.000,0.000,0.000,-0.4,-0.3,16.20,0.011,0.000,0,0,0,0
0.660,arming,0.000,0.044,0.035,0.000,0.000,0.000,-0.4,-0.3,16.20,0.011,0.000,0,0,0,0
0.680,arming,0.000,0.043,0.035,0.000,0.000,0.000,-0.4,-0.3,16.20,0.000,0.000,0,0,0,0
0.700,arming,0.000,0.043,0.035,0.000,0.000,0.000,-0.4,-0.3,16.20,-0.002,0.000,0,0,0,0
0.720,arming,0.000,0.043,0.036,0.000,0.000,0.000,-0.4,-0.3,16.20,-0.002,0.000,0,0,0,0
0.740,arming,0.000,0.040,0.036,0.000,0.000,0.000,-0.4,-0.3,16.20,-0.029,0.000,0,0,0,0
0.760,arming,0.000,0.042,0.036,0.000,0.000,0.000,-0.4,-0.3,16.20,0.002,0.000,0,0,0,0
0.780,arming,0.000,0.042,0.037,0.000,0.000,0.000,-0.4,-0.3,16.20,0.002,0.000,0,0,0,0
0.800,arming,0.000,0.045,0.037,0.000,0.000,0.000,-0.4,-0.3,16.20,0.022,0.000,0,0,0,0
0.820,arming,0.000,0.045,0.037,0.000,0.000,0.000,-0.4,-0.3,16.20,0.022,0.000,0,0,0,0
0.840,arming,0.000,0.041,0.038,0.000,0.000,0.000,-0.4,-0.3,16.20,-0.025,0.000,0,0,0,0
0.860,arming,0.000,0.048,0.038,0.000,0.000,0.000,-0.4,-0.3,16.20,0.046,0.000,0,0,0,0
0.880,arming,0.000,0.048,0.039,0.000,0.000,0.000,-0.4,-0.3,16.20,0.046,0.000,0,0,0,0
0.900,arming,0.000,0.043,0.039,0.000,0.000,0.000,-0.4,-0.3,16.20,-0.013,0.000,0,0,0,0
0.920,arming,0.000,0.043,0.040,0.000,0.000,0.000,-0.4,-0.3,16.20,-0.013,0.000,0,0,0,0
0.940,arming,0.000,0.045,0.041,0.000,0.000,0.000,-0.4,-0.3,16.20,0.006,0.000,0,0,0,0
0.960,arming,0.000,0.045,0.041,0.000,0.000,0.000,-0.4,-0.3,16.20,0.004,0.000,0,0,0,0
0.980,arming,0.000,0.045,0.042,0.000,0.000,0.000,-0.4,-0.3,16.20,0.004,0.000,150,150,150,150
1.000,arming,0.000,0.040,0.042,0.000,0.000,0.000,-0.4,-0.3,16.20,-0.044,0.000,150,150,150,150
1.020,arming,0.000,0.040,0.042,0.000,0.000,0.000,-0.4,-0.3,16.20,-0.044,0.000,150,150,150,150
1.040,arming,0.000,0.049,0.043,0.000,0.000,0.000,-0.4,-0.3,16.20,0.043,0.000,150,150,150,150
1.060,arming,0.000,0.046,0.043,0.000,0.000,0.000,-0.4,-0.3,16.20,0.007,0.000,150,150,150,150
1.080,arming,0.000,0.046,0.044,0.000,0.000,0.000,-0.4,-0.3,16.20,0.007,0.000,150,150,150,150
1.100,arming,0.000,0.040,0.044,0.000,0.000,0.000,-0.4,-0.3,16.20,-0.049,0.000,150,150,150,150
1.120,arming,0.000,0.040,0.045,0.000,0.000,0.000,-0.4,-0.3,16.20,-0.049,0.000,150,150,150,150
1.140,arming,0.000,0.043,0.046,0.000,0.000,0.000,-0.4,-0.3,16.20,-0.006,0.000,150,150,150,150
1.160,arming,0.000,0.043,0.046,0.000,0.000,0.000,-0.4,-0.3,16.20,-0.002,0.000,150,150,150,150
1.180,arming,0.000,0.043,0.046,0.000,0.000,0.000,-0.4,-0.3,16.20,-0.002,0.000,150,150,150,150
1.200,arming,0.000,0.040,0.046,0.000,0.000,0.000,-0.4,-0.3,16.20,-0.028,0.000,150,150,150,150
1.220,arming,0.000,0.040,0.047,0.000,0.000,0.000,-0.4,-0.3,16.20,-0.028,0.000,150,150,150,150
1.240,arming,0.000,0.040,0.048,0.000,0.000,0.000,-0.4,-0.3,16.20,-0.020,0.000,150,150,150,150
1.260,arming,0.000,0.046,0.048,0.000,0.000,0.000,-0.4,-0.3,16.20,0.055,0.000,150,150,150,150
1.280,arming,0.000,0.046,0.048,0.000,0.000,0.000,-0.4,-0.3,16.20,0.055,0.000,150,150,150,150
1.300,arming,0.000,0.040,0.048,0.000,0.000,0.000,-0.4,-0.3,16.20,-0.015,0.000,150,150,150,150
1.320,arming,0.000,0.040,0.048,0.000,0.000,0.000,-0.4,-0.3,16.20,-0.015,0.000,150,150,150,150
1.340,arming,0.000,0.040,0.049,0.000,0.000,0.000,-0.4,-0.3,16.20,-0.011,0.000,150,150,150,150
1.360,arming,0.000,0.041,0.049,0.000,0.000,0.000,-0.4,-0.3,16.20,0.003,0.000,150,150,150,150
1.380,arming,0.000,0.041,0.049,0.000,0.000,0.000,-0.4,-0.3,16.20,0.003,0.000,150,150,150,150
1.400,arming,0.000,0.044,0.049,0.000,0.000,0.000,-0.4,-0.3,16.20,0.025,0.000,150,150,150,150
1.420,arming,0.000,0.044,0.049,0.000,0.000,0.000,-0.4,-0.3,16.20,0.025,0.000,150,150,150,150
1.440,arming,0.000,0.041,0.049,0.000,0.000,0.000,-0.4,-0.3,16.20,-0.006,0.000,150,150,150,150
1.460,arming,0.000,0.042,0.049,0.000,0.000,0.000,-0.4,-0.3,16.20,0.003,0.000,150,150,150,150
1.480,arming,0.000,0.042,0.049,0.000,0.000,0.000,-0.4,-0.3,16.20,0.003,0.000,150,150,150,150
1.500,arming,0.000,0.046,0.049,0.000,0.000,0.000,-0.4,-0.3,16.20,0.031,0.000,150,150,150,150
1.520,arming,0.000,0.044,0.050,0.000,0.000,0.000,-0.4,-0.3,16.20,0.003,0.000,150,150,150,150
1.540,arming,0.000,0.044,0.050,0.000,0.000,0.000,-0.4,-0.3,16.20,0.003,0.000,150,150,150,150
1.560,arming,0.000,0.044,0.050,0.000,0.000,0.000,-0.4,-0.3,16.20,-0.000,0.000,150,150,150,150
1.580,arming,0.000,0.044,0.050,0.000,0.000,0.000,-0.4,-0.3,16.20,-0.000,0.000,150,150,150,150
1.600,arming,0.000,0.040,0.050,0.000,0.000,0.000,-0.4,-0.3,16.20,-0.030,0.000,150,150,150,150
1.620,arming,0.000,0.040,0.051,0.000,0.000,0.000,-0.4,-0.3,16.20,-0.030,0.000,150,150,150,150
1.640,arming,0.000,0.043,0.051,0.000,0.000,0.000,-0.4,-0.3,16.20,0.005,0.000,150,150,150,150
1.660,arming,0.000,0.041,0.051,0.000,0.000,0.000,-0.4,-0.3,16.20,-0.015,0.000,150,150,150,150
1.680,arming,0.000,0.041,0.052,0.000,0.000,0.000,-0.4,-0.3,16.20,-0.015,0.000,150,150,150,150
1.700,arming,0.000,0.042,0.052,0.000,0.000,0.000,-0.4,-0.3,16.20,-0.003,0.000,150,150,150,150
1.720,arming,0.000,0.043,0.052,0.000,0.000,0.000,-0.4,-0.4,16.20,0.006,0.000,150,150,150,150
1.740,arming,0.000,0.043,0.053,0.000,0.000,0.000,-0.4,-0.4,16.20,0.006,0.000,150,150,150,150
1.760,arming,0.000,0.045,0.053,0.000,0.000,0.000,-0.4,-0.4,16.20,0.021,0.000,150,150,150,150
1.780,arming,0.000,0.046,0.053,0.000,0.000,0.000,-0.4,-0.4,16.20,0.028,0.000,150,150,150,150
1.800,arming,0.000,0.046,0.053,0.000,0.000,0.000,-0.4,-0.4,16.20,0.028,0.000,150,150,150,150
1.820,arming,0.000,0.042,0.054,0.000,0.000,0.000,-0.4,-0.4,16.20,-0.016,0.000,150,150,150,150
1.840,arming,0.000,0.042,0.054,0.000,0.000,0.000,-0.4,-0.4,16.20,-0.016,0.000,150,150,150,150
1.860,arming,0.000,0.043,0.054,0.000,0.000,0.000,-0.4,-0.4,16.20,-0.002,0.000,150,150,150,150
1.880,find_hover,0.000,0.043,0.054,0.000,0.000,0.000,-0.4,-0.4,16.20,-0.002,0.000,150,150,150,150
1.900,find_hover,0.000,0.041,0.054,0.000,0.000,0.052,-0.4,-0.4,16.20,-0.026,0.000,150,150,150,150
1.920,find_hover,0.000,0.040,0.055,0.000,0.000,0.055,-0.4,-0.4,16.20,-0.025,0.000,150,150,150,150
1.940,find_hover,0.000,0.040,0.055,0.000,0.000,0.057,-0.4,-0.4,16.20,-0.025,0.000,150,150,150,150
1.960,find_hover,0.000,0.044,0.055,0.000,0.000,0.060,-0.4,-0.4,16.20,0.016,0.000,150,150,150,150
1.980,find_hover,0.000,0.044,0.056,0.000,0.000,0.062,-0.4,-0.4,16.20,0.016,0.000,259,265,290,300
2.000,find_hover,0.000,0.040,0.056,0.000,0.000,0.064,-0.4,-0.4,16.20,-0.031,0.000,259,265,290,300
2.020,find_hover,0.000,0.044,0.056,0.000,0.000,0.067,-0.4,-0.4,16.20,0.008,0.000,259,265,290,300
2.040,find_hover,0.000,0.044,0.057,0.000,0.000,0.069,-0.4,-0.4,16.20,0.008,0.000,259,265,290,300
2.060,find_hover,0.000,0.047,0.057,0.000,0.000,0.072,-0.4,-0.4,16.20,0.048,0.000,259,265,290,300
2.080,find_hover,0.000,0.045,0.057,0.000,0.000,0.074,-0.4,-0.4,16.20,0.013,0.000,285,291,319,328
2.100,find_hover,0.000,0.045,0.057,0.000,0.000,0.076,-0.4,-0.4,16.20,0.013,0.000,285,291,319,328
2.120,find_hover,0.000,0.044,0.058,0.000,0.000,0.079,-0.4,-0.4,16.20,0.000,0.000,285,291,319,328
2.140,find_hover,0.000,0.044,0.058,0.000,0.000,0.081,-0.4,-0.4,16.20,0.000,0.000,285,291,319,328
2.160,find_hover,0.000,0.045,0.058,0.000,0.000,0.084,-0.4,-0.4,16.20,0.015,0.000,285,291,319,328
2.180,find_hover,0.000,0.043,0.058,0.000,0.000,0.086,-0.4,-0.4,16.20,-0.009,0.000,310,316,348,357
2.200,find_hover,0.000,0.043,0.058,0.000,0.000,0.088,-0.4,-0.4,16.20,-0.009,0.000,310,316,348,357
2.220,find_hover,0.000,0.044,0.058,0.000,0.000,0.091,-0.4,-0.4,16.20,-0.002,0.000,310,316,348,357
2.240,find_hover,0.000,0.044,0.059,0.000,0.000,0.093,-0.4,-0.4,16.20,-0.002,0.000,310,316,348,357
2.260,find_hover,0.000,0.044,0.059,0.000,0.000,0.096,-0.4,-0.4,16.20,0.003,0.000,310,316,348,357
2.280,find_hover,0.000,0.043,0.059,0.000,0.000,0.098,-0.4,-0.4,16.20,-0.014,0.000,334,341,377,387
2.300,find_hover,0.000,0.043,0.059,0.000,0.000,0.100,-0.4,-0.4,16.20,-0.014,0.000,334,341,377,387
2.320,find_hover,0.000,0.043,0.059,0.000,0.000,0.103,-0.4,-0.4,16.20,-0.007,0.000,334,341,377,387
2.340,find_hover,0.000,0.045,0.059,0.000,0.000,0.105,-0.4,-0.4,16.20,0.016,0.000,334,341,377,387
2.360,find_hover,0.000,0.045,0.059,0.000,0.000,0.108,-0.4,-0.4,16.20,0.016,0.000,334,341,377,387
2.380,find_hover,0.000,0.040,0.060,0.000,0.000,0.110,-0.4,-0.4,16.20,-0.029,0.000,358,366,405,417
2.400,find_hover,0.000,0.040,0.060,0.000,0.000,0.112,-0.4,-0.4,16.20,-0.029,0.000,358,366,405,417
2.420,find_hover,0.000,0.040,0.060,0.000,0.000,0.115,-0.4,-0.4,16.20,-0.020,0.000,358,366,405,417
2.440,find_hover,0.000,0.046,0.060,0.000,0.000,0.117,-0.4,-0.4,16.20,0.046,0.000,358,366,405,417
2.460,find_hover,0.000,0.046,0.060,0.000,0.000,0.120,-0.4,-0.4,16.20,0.046,0.000,358,366,405,417
2.480,find_hover,0.000,0.046,0.060,0.000,0.000,0.122,-0.4,-0.4,16.20,0.035,0.000,383,391,433,447
2.500,find_hover,0.000,0.046,0.060,0.000,0.000,0.124,-0.4,-0.4,16.20,0.035,0.000,383,391,433,447
2.520,find_hover,0.000,0.044,0.061,0.000,0.000,0.127,-0.4,-0.4,16.20,-0.002,0.000,383,391,433,447
2.540,find_hover,0.000,0.044,0.062,0.000,0.000,0.129,-0.4,-0.4,16.20,-0.002,0.000,383,391,433,447
2.560,find_hover,0.000,0.042,0.062,0.000,0.000,0.132,-0.4,-0.4,16.20,-0.018,0.000,383,391,433,447
2.580,find_hover,0.000,0.048,0.063,0.000,0.000,0.134,-0.4,-0.4,16.20,0.056,0.000,408,417,461,476
2.600,find_hover,0.000,0.048,0.063,0.000,0.000,0.136,-0.4,-0.4,16.20,0.056,0.000,408,417,461,476
2.620,find_hover,0.000,0.044,0.064,0.000,0.000,0.139,-0.4,-0.4,16.20,0.013,0.000,408,417,461,476
2.640,find_hover,0.000,0.044,0.064,0.000,0.000,0.141,-0.4,-0.4,16.20,0.013,0.000,408,417,461,476
2.660,find_hover,0.000,0.041,0.064,0.000,0.000,0.144,-0.4,-0.4,16.20,-0.022,0.000,408,417,461,476
2.680,find_hover,0.000,0.043,0.065,0.000,0.000,0.146,-0.4,-0.4,16.20,0.014,0.000,432,444,490,506
2.700,find_hover,0.000,0.043,0.065,0.000,0.000,0.148,-0.4,-0.4,16.20,0.014,0.000,432,444,490,506
2.720,find_hover,0.000,0.043,0.066,0.000,0.000,0.151,-0.4,-0.4,16.20,0.008,0.000,432,444,490,506
2.740,find_hover,0.000,0.041,0.067,0.000,0.000,0.153,-0.4,-0.4,16.20,-0.021,0.000,432,444,490,506
2.760,find_hover,0.000,0.041,0.067,0.000,0.000,0.156,-0.4,-0.4,16.20,-0.021,0.000,432,444,490,506
2.780,find_hover,0.000,0.041,0.068,0.000,0.000,0.158,-0.4,-0.4,16.20,-0.012,0.000,457,469,518,535
2.800,find_hover,0.000,0.041,0.068,0.000,0.000,0.160,-0.4,-0.4,16.20,-0.012,0.000,457,469,518,535
2.820,find_hover,0.000,0.041,0.069,0.000,0.000,0.163,-0.4,-0.4,16.20,-0.010,0.000,457,469,518,535
2.840,find_hover,0.000,0.041,0.070,0.000,0.000,0.165,-0.4,-0.4,16.20,-0.010,0.000,457,469,518,535
2.860,find_hover,0.000,0.043,0.070,0.000,0.000,0.168,-0.4,-0.4,16.20,0.012,0.000,457,469,518,535
2.880,find_hover,0.000,0.047,0.070,0.000,0.000,0.170,-0.4,-0.4,16.17,0.047,0.000,481,495,546,564
2.900,find_hover,0.000,0.047,0.070,0.000,0.000,0.172,-0.4,-0.4,16.17,0.047,0.000,481,495,546,564
2.920,find_hover,0.000,0.044,0.071,0.000,0.000,0.175,-0.4,-0.4,16.17,0.009,0.000,481,495,546,564
2.940,find_hover,0.000,0.042,0.072,0.000,0.000,0.177,-0.4,-0.4,16.17,-0.015,0.000,481,495,546,564
2.960,find_hover,0.000,0.042,0.072,0.000,0.000,0.180,-0.4,-0.4,16.17,-0.015,0.000,481,495,546,564
2.980,find_hover,0.000,0.040,0.072,0.000,0.000,0.182,-0.4,-0.4,16.17,-0.025,0.000,506,520,575,594
3.000,find_hover,0.000,0.043,0.072,0.000,0.000,0.184,-0.4,-0.4,16.17,0.015,0.000,506,520,575,594
3.020,find_hover,0.000,0.043,0.073,0.000,0.000,0.187,-0.4,-0.4,16.17,0.015,0.000,506,520,575,594
3.040,find_hover,0.000,0.047,0.073,0.000,0.000,0.189,-0.4,-0.4,16.17,0.042,0.000,506,520,575,594
3.060,find_hover,0.000,0.047,0.073,0.000,0.000,0.192,-0.4,-0.4,16.17,0.042,0.000,506,520,575,594
3.080,find_hover,0.000,0.040,0.073,0.000,0.000,0.194,-0.4,-0.4,16.17,-0.053,0.000,531,546,602,624
3.100,find_hover,0.000,0.040,0.073,0.000,0.000,0.196,-0.4,-0.4,16.17,-0.053,0.000,531,546,602,624
3.120,find_hover,0.000,0.043,0.073,0.000,0.000,0.199,-0.4,-0.4,16.17,-0.016,0.000,531,546,602,624
3.140,find_hover,0.000,0.043,0.073,0.000,0.000,0.201,-0.4,-0.4,16.17,-0.005,0.000,531,546,602,624
3.160,find_hover,0.000,0.043,0.073,0.000,0.000,0.204,-0.4,-0.4,16.17,-0.005,0.000,531,546,602,624
3.180,find_hover,0.000,0.046,0.074,0.000,0.000,0.206,-0.4,-0.4,16.17,0.022,0.000,555,571,631,654
3.200,find_hover,0.000,0.046,0.074,0.000,0.000,0.208,-0.4,-0.4,16.17,0.022,0.000,555,571,631,654
3.220,find_hover,0.000,0.045,0.074,0.000,0.000,0.211,-0.4,-0.4,16.17,0.004,0.000,555,571,631,654
3.240,find_hover,0.000,0.042,0.074,0.000,0.000,0.213,-0.4,-0.4,16.17,-0.023,0.000,555,571,631,654
3.260,find_hover,0.000,0.042,0.074,0.000,0.000,0.216,-0.4,-0.4,16.17,-0.023,0.000,555,571,631,654
3.280,find_hover,0.000,0.042,0.074,0.000,0.000,0.218,-0.4,-0.4,16.17,-0.017,0.000,579,597,658,684
3.300,find_hover,0.000,0.042,0.074,0.000,0.000,0.220,-0.4,-0.4,16.17,-0.017,0.000,579,597,658,684
3.320,find_hover,0.000,0.043,0.075,0.000,0.000,0.223,-0.4,-0.4,16.17,-0.006,0.000,579,597,658,684
3.340,find_hover,0.000,0.046,0.075,0.000,0.000,0.225,-0.4,-0.4,16.17,0.023,0.000,579,597,658,684
3.360,find_hover,0.000,0.046,0.075,0.000,0.000,0.228,-0.4,-0.4,16.17,0.023,0.000,579,597,658,684
3.380,find_hover,0.000,0.044,0.075,0.000,0.000,0.230,-0.4,-0.4,16.17,-0.003,0.000,610,629,691,718
3.400,find_hover,0.000,0.040,0.075,0.000,0.000,0.232,-0.4,-0.4,16.17,-0.045,0.000,610,629,691,718
3.420,find_hover,0.000,0.040,0.076,0.000,0.000,0.235,-0.4,-0.4,16.17,-0.045,0.000,610,629,691,718
3.440,find_hover,0.000,0.043,0.076,0.000,0.000,0.237,-0.4,-0.4,16.17,-0.007,0.000,610,629,691,718
3.460,find_hover,0.000,0.043,0.076,0.000,0.000,0.240,-0.4,-0.4,16.17,-0.007,0.000,610,629,691,718
3.480,find_hover,0.000,0.040,0.077,0.000,0.000,0.242,-0.4,-0.4,16.17,-0.038,0.000,631,650,713,742
3.500,find_hover,0.000,0.040,0.077,0.000,0.000,0.244,-0.4,-0.4,16.17,-0.038,0.000,631,650,713,742
3.520,find_hover,0.000,0.040,0.077,0.000,0.000,0.247,-0.4,-0.4,16.17,-0.026,0.000,631,650,713,742
3.540,find_hover,0.000,0.043,0.078,0.000,0.000,0.249,-0.4,-0.4,16.17,0.012,0.000,631,650,713,742
3.560,find_hover,0.000,0.043,0.078,0.000,0.000,0.252,-0.4,-0.4,16.17,0.012,0.000,631,650,713,742
3.580,find_hover,0.000,0.049,0.079,0.000,0.000,0.254,-0.4,-0.4,16.17,0.054,0.000,656,676,739,771
3.600,find_hover,0.000,0.047,0.079,0.000,0.000,0.256,-0.4,-0.4,16.17,0.011,0.000,656,676,739,771
3.620,find_hover,0.000,0.047,0.079,0.000,0.000,0.259,-0.4,-0.4,16.17,0.011,0.000,656,676,739,771
3.640,find_hover,0.000,0.047,0.080,0.000,0.000,0.261,-0.4,-0.4,16.17,0.014,0.000,656,676,739,771
3.660,find_hover,0.000,0.047,0.080,0.000,0.000,0.264,-0.4,-0.4,16.17,0.014,0.000,656,676,739,771
3.680,find_hover,0.000,0.043,0.080,0.000,0.000,0.266,-0.4,-0.4,16.17,-0.027,0.000,682,703,766,800
3.700,find_hover,0.000,0.040,0.080,0.000,0.000,0.268,-0.4,-0.4,16.17,-0.044,0.000,682,703,766,800
3.720,find_hover,0.000,0.040,0.080,0.000,0.000,0.271,-0.4,-0.4,16.17,-0.044,0.000,682,703,766,800
3.740,find_hover,0.000,0.043,0.080,0.000,0.000,0.273,-0.4,-0.4,16.17,0.005,0.000,682,703,766,800
3.760,find_hover,0.000,0.043,0.080,0.000,0.000,0.276,-0.4,-0.4,16.17,0.005,0.000,682,703,766,800
3.780,find_hover,0.000,0.047,0.080,0.000,0.000,0.278,-0.4,-0.4,16.17,0.037,0.000,707,729,793,829
3.800,find_hover,0.000,0.040,0.080,0.000,0.000,0.280,-0.4,-0.4,16.17,-0.037,0.000,707,729,793,829
3.820,find_hover,0.000,0.040,0.080,0.000,0.000,0.283,-0.4,-0.4,16.17,-0.037,0.000,707,729,793,829
3.840,find_hover,0.000,0.041,0.080,0.000,0.000,0.285,-0.4,-0.4,16.17,-0.020,0.000,707,729,793,829
3.860,find_hover,0.000,0.041,0.080,0.000,0.000,0.288,-0.4,-0.4,16.17,-0.020,0.000,707,729,793,829
3.880,find_hover,0.000,0.046,0.080,0.000,0.000,0.290,-0.4,-0.4,16.17,0.037,0.000,733,756,819,858
3.900,find_hover,0.000,0.040,0.080,0.000,0.000,0.292,-0.4,-0.4,16.17,-0.044,0.000,733,756,819,858
3.920,find_hover,0.000,0.040,0.080,0.000,0.000,0.295,-0.4,-0.4,16.17,-0.044,0.000,733,756,819,858
3.940,find_hover,0.000,0.047,0.080,0.000,0.000,0.297,-0.4,-0.4,16.17,0.026,0.000,733,756,819,858
3.960,find_hover,0.000,0.047,0.080,0.000,0.000,0.300,-0.4,-0.4,16.17,0.026,0.000,733,756,819,858
3.980,find_hover,0.000,0.047,0.080,0.000,0.000,0.302,-0.4,-0.4,16.17,0.020,0.000,759,783,846,887
4.000,find_hover,0.000,0.042,0.080,0.000,0.000,0.304,-0.4,-0.4,16.17,-0.038,0.000,759,783,846,887
4.020,find_hover,0.000,0.042,0.081,0.000,0.000,0.307,-0.4,-0.4,16.17,-0.038,0.000,759,783,846,887
4.040,find_hover,0.000,0.047,0.081,0.000,0.000,0.309,-0.4,-0.4,16.17,0.014,0.000,759,783,846,887
4.060,find_hover,0.000,0.046,0.081,0.000,0.000,0.312,-0.4,-0.4,16.17,0.002,0.000,759,783,846,887
4.080,find_hover,0.000,0.046,0.081,0.000,0.000,0.314,-0.4,-0.4,16.17,0.002,0.000,784,810,873,916
4.100,find_hover,0.000,0.045,0.081,0.000,0.000,0.316,-0.4,-0.4,16.17,-0.005,0.000,784,810,873,916
4.120,find_hover,0.000,0.045,0.081,0.000,0.000,0.319,-0.4,-0.4,16.17,-0.005,0.000,784,810,873,916
4.140,find_hover,0.000,0.041,0.081,0.000,0.000,0.321,-0.4,-0.4,16.17,-0.036,0.000,784,810,873,916
4.160,find_hover,0.000,0.045,0.081,0.000,0.000,0.324,-0.4,-0.4,16.17,0.006,0.000,784,810,873,916
4.180,find_hover,0.000,0.045,0.081,0.000,0.000,0.326,-0.4,-0.4,16.17,0.006,0.000,809,836,900,945
4.200,find_hover,0.000,0.043,0.081,0.000,0.000,0.328,-0.4,-0.4,16.17,-0.015,0.000,809,836,900,945
4.220,find_hover,0.000,0.043,0.081,0.000,0.000,0.331,-0.4,-0.4,16.17,-0.015,0.000,809,836,900,945
4.240,find_hover,0.000,0.043,0.081,0.000,0.000,0.333,-0.4,-0.4,16.17,-0.011,0.000,809,836,900,945
4.260,find_hover,0.000,0.052,0.081,0.000,0.000,0.336,-0.4,-0.4,16.17,0.089,0.000,809,836,900,945
4.280,find_hover,0.000,0.052,0.081,0.000,0.000,0.338,-0.4,-0.4,16.17,0.089,0.000,839,868,934,980
4.300,find_hover,0.000,0.040,0.081,0.000,0.000,0.340,-0.4,-0.4,16.17,-0.053,0.000,839,868,934,980
4.320,find_hover,0.000,0.040,0.081,0.000,0.000,0.343,-0.4,-0.4,16.17,-0.053,0.000,839,868,934,980
4.340,find_hover,0.000,0.042,0.081,0.000,0.000,0.345,-0.4,-0.4,16.17,-0.021,0.000,839,868,934,980
4.360,find_hover,0.000,0.042,0.081,0.000,0.000,0.348,-0.4,-0.4,16.17,-0.013,0.000,839,868,934,980
4.380,find_hover,0.000,0.042,0.081,0.000,0.000,0.350,-0.4,-0.4,16.17,-0.013,0.000,859,889,956,1004
4.400,find_hover,0.000,0.040,0.081,0.000,0.000,0.352,-0.4,-0.4,16.17,-0.034,0.000,859,889,956,1004
4.420,find_hover,0.000,0.040,0.081,0.000,0.000,0.355,-0.4,-0.4,16.17,-0.034,0.000,859,889,956,1004
4.440,find_hover,0.000,0.040,0.080,0.000,0.000,0.357,-0.4,-0.4,16.17,-0.024,0.000,859,889,956,1004
4.460,find_hover,0.000,0.040,0.080,0.000,0.000,0.360,-0.4,-0.4,16.17,-0.015,0.000,859,889,956,1004
4.480,find_hover,0.000,0.040,0.080,0.000,0.000,0.362,-0.4,-0.4,16.17,-0.015,0.000,883,915,983,1033
4.500,find_hover,0.000,0.043,0.080,0.000,0.000,0.364,-0.4,-0.4,16.17,0.013,0.000,883,915,983,1033
4.520,find_hover,0.000,0.043,0.080,0.000,0.000,0.367,-0.4,-0.4,16.17,0.013,0.000,883,915,983,1033
4.540,find_hover,0.000,0.042,0.080,0.000,0.000,0.369,-0.4,-0.4,16.17,0.004,0.000,883,915,983,1033
4.560,find_hover,0.000,0.048,0.080,0.000,0.000,0.372,-0.4,-0.4,16.17,0.049,0.000,883,915,983,1033
4.580,find_hover,0.000,0.048,0.080,0.000,0.000,0.374,-0.4,-0.4,16.17,0.049,0.000,910,943,1009,1061
4.600,find_hover,0.000,0.044,0.080,0.000,0.000,0.376,-0.4,-0.4,16.17,-0.009,0.000,910,943,1009,1061
4.620,find_hover,0.000,0.042,0.081,0.000,0.000,0.379,-0.4,-0.4,16.17,-0.022,0.000,910,943,1009,1061
4.640,find_hover,0.000,0.042,0.081,0.000,0.000,0.381,-0.4,-0.5,16.17,-0.022,0.000,910,943,1009,1061
4.660,find_hover,0.000,0.047,0.081,0.000,0.000,0.384,-0.4,-0.5,16.17,0.024,0.000,910,943,1009,1061
4.680,find_hover,0.000,0.047,0.082,0.000,0.000,0.386,-0.4,-0.5,16.17,0.024,0.000,935,970,1035,1090
4.700,find_hover,0.000,0.048,0.082,0.000,0.000,0.388,-0.4,-0.5,16.17,0.026,0.000,935,970,1035,1090
4.720,find_hover,0.000,0.042,0.083,0.000,0.000,0.391,-0.4,-0.5,16.17,-0.040,0.000,935,970,1035,1090
4.740,find_hover,0.000,0.042,0.083,0.000,0.000,0.393,-0.4,-0.5,16.17,-0.040,0.000,935,970,1035,1090
4.760,find_hover,0.000,0.045,0.083,0.000,0.000,0.396,-0.4,-0.5,16.17,-0.004,0.000,935,970,1035,1090
4.780,find_hover,0.000,0.045,0.084,0.000,0.000,0.398,-0.4,-0.5,16.17,-0.004,0.000,961,997,1062,1119
4.800,find_hover,0.000,0.046,0.084,0.000,0.000,0.400,-0.4,-0.5,16.17,0.007,0.000,961,997,1062,1119
4.820,find_hover,0.000,0.046,0.085,0.000,0.000,0.403,-0.4,-0.5,16.17,0.007,0.000,961,997,1062,1119
4.840,find_hover,0.000,0.044,0.085,0.000,0.000,0.405,-0.4,-0.5,16.17,-0.016,0.000,961,997,1062,1119
4.860,find_hover,0.000,0.045,0.085,0.000,0.000,0.408,-0.4,-0.5,16.17,0.004,0.000,961,997,1062,1119
4.880,find_hover,0.000,0.045,0.086,0.000,0.000,0.410,-0.4,-0.5,16.11,0.004,0.000,986,1024,1089,1148
4.900,find_hover,0.000,0.042,0.086,0.000,0.000,0.412,-0.4,-0.5,16.11,-0.020,0.000,986,1024,1089,1148
4.920,find_hover,0.000,0.043,0.087,0.000,0.000,0.415,-0.4,-0.5,16.11,-0.004,0.000,986,1024,1089,1148
4.940,find_hover,0.000,0.043,0.088,0.000,0.000,0.417,-0.4,-0.5,16.11,-0.004,0.000,986,1024,1089,1148
4.960,find_hover,0.000,0.046,0.088,0.000,0.000,0.420,-0.4,-0.5,16.11,0.029,0.000,986,1024,1089,1148
4.980,find_hover,0.000,0.046,0.089,0.000,0.000,0.422,-0.4,-0.5,16.11,0.029,0.000,1018,1057,1119,1181
5.000,find_hover,0.000,0.044,0.089,0.000,0.000,0.424,-0.4,-0.5,16.11,-0.002,0.000,1018,1057,1119,1181
5.020,find_hover,0.000,0.042,0.090,0.000,0.000,0.427,-0.4,-0.5,16.11,-0.017,0.000,1018,1057,1119,1181
5.040,find_hover,0.000,0.042,0.091,0.000,0.000,0.429,-0.4,-0.5,16.11,-0.017,0.000,1018,1057,1119,1181
5.060,find_hover,0.000,0.044,0.091,0.000,0.000,0.432,-0.4,-0.5,16.11,0.013,0.000,1018,1057,1119,1181
5.080,find_hover,0.000,0.044,0.092,0.000,0.000,0.434,-0.4,-0.5,16.11,0.013,0.000,1046,1087,1143,1209
5.100,find_hover,0.000,0.044,0.092,0.000,0.000,0.436,-0.4,-0.5,16.11,0.005,0.000,1046,1087,1143,1209
5.120,find_hover,0.000,0.046,0.093,0.000,0.000,0.439,-0.4,-0.5,16.11,0.030,0.000,1046,1087,1143,1209
5.140,find_hover,0.000,0.046,0.094,0.000,0.000,0.441,-0.4,-0.5,16.11,0.030,0.000,1046,1087,1143,1209
5.160,find_hover,0.000,0.047,0.094,0.000,0.000,0.444,-0.4,-0.5,16.11,0.027,0.000,1046,1087,1143,1209
5.180,find_hover,0.000,0.045,0.094,0.000,0.000,0.446,-0.4,-0.5,16.11,0.003,0.000,1069,1111,1162,1230
5.200,find_hover,0.000,0.045,0.094,0.000,0.000,0.448,-0.4,-0.5,16.11,0.003,0.000,1069,1111,1162,1230
5.220,find_hover,0.000,0.040,0.095,0.000,0.000,0.451,-0.4,-0.5,16.11,-0.041,0.000,1069,1111,1162,1230
5.240,find_hover,0.000,0.040,0.096,0.000,0.000,0.453,-0.4,-0.5,16.11,-0.041,0.000,1069,1111,1162,1230
5.260,find_hover,0.000,0.049,0.096,0.000,0.000,0.456,-0.4,-0.5,16.11,0.044,0.000,1069,1111,1162,1230
5.280,find_hover,0.000,0.049,0.096,0.000,0.000,0.458,-0.4,-0.5,16.11,0.044,0.000,1101,1145,1191,1263
5.300,find_hover,0.000,0.042,0.096,0.000,0.000,0.460,-0.4,-0.5,16.11,-0.029,0.000,1101,1145,1191,1263
5.320,find_hover,0.000,0.041,0.097,0.000,0.000,0.463,-0.4,-0.5,16.11,-0.032,0.000,1101,1145,1191,1263
5.340,find_hover,0.000,0.041,0.097,0.000,0.000,0.465,-0.3,-0.5,16.11,-0.032,0.000,1101,1145,1191,1263
5.360,find_hover,0.000,0.042,0.097,0.000,0.000,0.468,-0.3,-0.5,16.11,-0.016,0.000,1101,1145,1191,1263
5.380,find_hover,0.000,0.040,0.098,0.000,0.000,0.470,-0.3,-0.5,16.11,-0.026,0.000,1123,1168,1211,1285
5.400,find_hover,0.000,0.040,0.098,0.000,0.000,0.472,-0.3,-0.5,16.11,-0.026,0.000,1123,1168,1211,1285
5.420,find_hover,0.000,0.044,0.098,0.000,0.000,0.475,-0.3,-0.5,16.11,0.019,0.000,1123,1168,1211,1285
5.440,find_hover,0.000,0.044,0.098,0.000,0.000,0.477,-0.3,-0.5,16.11,0.019,0.000,1123,1168,1211,1285
5.460,find_hover,0.000,0.041,0.098,0.000,0.000,0.480,-0.3,-0.5,16.11,-0.022,0.000,1123,1168,1211,1285
5.480,find_hover,0.000,0.043,0.099,0.000,0.000,0.482,-0.3,-0.5,16.11,0.010,0.000,1151,1196,1235,1312
5.500,find_hover,0.000,0.043,0.099,0.000,0.000,0.484,-0.3,-0.5,16.11,0.010,0.000,1151,1196,1235,1312
5.520,find_hover,0.000,0.045,0.099,0.000,0.000,0.487,-0.3,-0.5,16.11,0.024,0.000,1151,1196,1235,1312
5.540,find_hover,0.000,0.045,0.099,0.000,0.000,0.489,-0.3,-0.5,16.11,0.024,0.000,1151,1196,1235,1312
5.560,find_hover,0.000,0.042,0.099,0.000,0.000,0.492,-0.3,-0.5,16.11,-0.017,0.000,1151,1196,1235,1312
5.580,find_hover,0.000,0.041,0.100,0.000,0.000,0.494,-0.3,-0.5,16.11,-0.021,0.000,1179,1225,1260,1340
5.600,find_hover,0.000,0.041,0.100,0.000,0.000,0.496,-0.3,-0.5,16.11,-0.021,0.000,1179,1225,1260,1340
5.620,find_hover,0.000,0.042,0.100,0.000,0.000,0.499,-0.3,-0.5,16.11,-0.004,0.000,1179,1225,1260,1340
5.641,find_hover,0.000,0.042,0.101,0.000,0.000,0.501,-0.3,-0.5,16.11,-0.004,0.000,1179,1225,1260,1340
5.660,find_hover,0.000,0.043,0.101,0.000,0.000,0.504,-0.3,-0.5,16.11,0.001,0.000,1179,1225,1260,1340
5.680,find_hover,0.000,0.051,0.101,0.000,0.000,0.506,-0.3,-0.5,16.11,0.078,0.000,1206,1253,1285,1368
5.700,find_hover,0.000,0.051,0.101,0.000,0.000,0.508,-0.3,-0.5,16.11,0.078,0.000,1206,1253,1285,1368
5.720,find_hover,0.000,0.042,0.102,0.000,0.000,0.511,-0.3,-0.5,16.11,-0.021,0.000,1206,1253,1285,1368
5.740,find_hover,0.000,0.042,0.102,0.000,0.000,0.513,-0.3,-0.5,16.11,-0.021,0.000,1206,1253,1285,1368
5.760,find_hover,0.000,0.040,0.102,0.000,0.000,0.516,-0.3,-0.5,16.11,-0.036,0.000,1206,1253,1285,1368
5.780,find_hover,0.000,0.046,0.102,0.000,0.000,0.518,-0.3,-0.5,16.11,0.037,0.000,1232,1281,1310,1396
5.800,find_hover,0.000,0.046,0.102,0.000,0.000,0.520,-0.3,-0.5,16.11,0.037,0.000,1232,1281,1310,1396
5.820,find_hover,0.000,0.042,0.103,0.000,0.000,0.523,-0.3,-0.5,16.11,-0.007,0.000,1232,1281,1310,1396
5.840,find_hover,0.000,0.042,0.106,0.000,0.000,0.525,-0.3,-0.4,16.11,-0.007,0.000,1232,1281,1310,1396
5.860,find_hover,0.000,0.052,0.106,0.000,0.000,0.528,-0.3,-0.4,16.11,0.090,0.000,1232,1281,1310,1396
5.880,find_hover,0.000,0.045,0.110,0.000,0.000,0.530,-0.3,-0.3,16.11,-0.009,0.000,1290,1293,1367,1399
5.900,find_hover,0.000,0.045,0.110,0.000,0.000,0.532,-0.3,-0.3,16.11,-0.009,0.000,1290,1293,1367,1399
5.920,find_hover,0.000,0.047,0.115,0.000,0.000,0.535,-0.4,-0.2,16.11,0.007,0.000,1290,1293,1367,1399
5.940,find_hover,0.000,0.047,0.122,0.000,0.000,0.537,-0.4,-0.0,16.11,0.007,0.000,1290,1293,1367,1399
5.960,find_hover,0.000,0.048,0.122,0.000,0.000,0.540,-0.5,0.1,16.11,0.016,0.000,1290,1293,1367,1399
5.980,find_hover,0.000,0.046,0.132,0.000,0.000,0.542,-0.5,0.2,16.11,-0.007,0.000,1346,1344,1373,1372
6.000,find_hover,0.000,0.046,0.132,0.000,0.000,0.544,-0.5,0.3,16.11,-0.007,0.000,1346,1344,1373,1372
6.020,find_hover,0.000,0.046,0.147,0.000,0.000,0.547,-0.5,0.3,16.11,-0.006,0.000,1346,1344,1373,1372
6.040,find_hover,0.000,0.046,0.166,0.000,0.000,0.549,-0.6,0.4,16.11,-0.006,0.000,1346,1344,1373,1372
6.060,find_hover,0.000,0.047,0.166,0.000,0.000,0.552,-0.6,0.4,16.11,0.009,0.000,1346,1344,1373,1372
6.080,find_hover,0.000,0.051,0.189,0.000,0.000,0.554,-0.6,0.4,16.11,0.036,0.000,1395,1393,1390,1386
6.100,find_hover,0.000,0.051,0.189,0.000,0.000,0.556,-0.6,0.5,16.11,0.036,0.000,1395,1393,1390,1386
6.120,find_hover,0.000,0.055,0.223,0.000,0.000,0.559,-0.6,0.5,16.11,0.063,0.000,1395,1393,1390,1386
6.140,find_hover,0.000,0.055,0.256,0.000,0.000,0.561,-0.6,0.5,16.11,0.063,0.000,1395,1393,1390,1386
6.160,find_hover,0.000,0.065,0.256,0.000,0.000,0.564,-0.6,0.5,16.11,0.127,0.000,1395,1393,1390,1386
6.180,find_hover,0.000,0.071,0.292,0.000,0.000,0.566,-0.6,0.5,16.11,0.169,0.000,1420,1419,1407,1405
6.200,find_hover,0.000,0.071,0.292,0.000,0.000,0.568,-0.6,0.5,16.11,0.169,0.000,1420,1419,1407,1405
6.220,find_hover,0.000,0.076,0.332,0.000,0.000,0.571,-0.6,0.5,16.11,0.161,0.000,1420,1419,1407,1405
6.240,find_hover,0.000,0.077,0.378,0.000,0.000,0.573,-0.6,0.5,16.11,0.121,0.000,1420,1419,1407,1405
6.260,find_hover,0.000,0.077,0.378,0.000,0.000,0.576,-0.6,0.5,16.11,0.121,0.000,1420,1419,1407,1405
6.280,find_hover,0.000,0.091,0.427,0.000,0.000,0.578,-0.6,0.4,16.11,0.208,0.000,1446,1446,1433,1434
6.300,find_hover,0.000,0.091,0.427,0.000,0.000,0.580,-0.6,0.4,16.11,0.208,0.000,1446,1446,1433,1434
6.320,find_hover,0.000,0.102,0.495,0.000,0.000,0.583,-0.6,0.4,16.11,0.250,0.000,1446,1446,1433,1434
6.340,find_hover,0.000,0.117,0.554,0.000,0.000,0.585,-0.6,0.4,16.11,0.304,0.000,1446,1446,1433,1434
6.360,find_hover,0.000,0.117,0.554,0.000,0.000,0.588,-0.6,0.4,16.11,0.304,0.000,1446,1446,1433,1434
6.380,takeoff,0.128,0.128,0.618,0.000,0.000,0.590,-0.6,0.4,16.11,0.301,0.000,1472,1472,1462,1461
6.400,takeoff,0.134,0.128,0.618,0.006,0.000,0.571,-0.6,0.4,16.11,0.301,0.000,1472,1472,1462,1461
6.420,takeoff,0.140,0.147,0.686,-0.007,0.000,0.556,-0.6,0.4,16.11,0.419,0.000,1472,1472,1462,1461
6.440,takeoff,0.146,0.170,0.756,-0.025,0.000,0.540,-0.5,0.4,16.11,0.541,0.000,1472,1472,1462,1461
6.460,takeoff,0.152,0.170,0.756,-0.019,0.000,0.541,-0.5,0.4,16.11,0.541,0.000,1472,1472,1462,1461
6.480,takeoff,0.158,0.196,0.806,-0.038,0.000,0.531,-0.4,0.4,16.11,0.597,0.000,1363,1372,1366,1357
6.500,takeoff,0.164,0.218,0.806,-0.055,0.000,0.525,-0.4,0.4,16.11,0.618,0.000,1363,1372,1366,1357
6.520,takeoff,0.170,0.218,0.840,-0.049,0.000,0.526,-0.3,0.4,16.11,0.618,0.000,1363,1372,1366,1357
6.540,takeoff,0.176,0.246,0.853,-0.071,0.000,0.515,-0.3,0.4,16.11,0.675,0.000,1363,1372,1366,1357
6.560,takeoff,0.182,0.246,0.853,-0.065,0.000,0.516,-0.3,0.4,16.11,0.675,0.000,1363,1372,1366,1357
6.580,takeoff,0.188,0.266,0.856,-0.078,0.000,0.514,-0.2,0.4,16.11,0.667,0.000,1314,1313,1310,1310
6.600,takeoff,0.194,0.292,0.856,-0.098,0.000,0.506,-0.2,0.4,16.11,0.698,0.000,1314,1313,1310,1310
6.620,takeoff,0.200,0.292,0.852,-0.092,0.000,0.507,-0.2,0.4,16.11,0.698,0.000,1314,1313,1310,1310
6.640,takeoff,0.206,0.316,0.842,-0.110,0.000,0.504,-0.2,0.4,16.11,0.689,0.000,1314,1313,1310,1310
6.660,takeoff,0.212,0.316,0.842,-0.104,0.000,0.505,-0.2,0.4,16.11,0.689,0.000,1314,1313,1310,1310
6.680,takeoff,0.218,0.338,0.825,-0.120,0.000,0.498,-0.1,0.4,16.11,0.716,0.000,1284,1283,1282,1282
6.700,takeoff,0.224,0.362,0.825,-0.138,0.000,0.494,-0.1,0.4,16.11,0.712,0.000,1284,1283,1282,1282
6.720,takeoff,0.230,0.362,0.800,-0.132,0.000,0.496,-0.1,0.4,16.11,0.712,0.000,1284,1283,1282,1282
6.740,takeoff,0.236,0.383,0.775,-0.147,0.000,0.497,-0.1,0.4,16.11,0.659,0.000,1284,1283,1282,1282
6.760,takeoff,0.242,0.383,0.775,-0.141,0.000,0.499,-0.1,0.4,16.11,0.659,0.000,1284,1283,1282,1282
6.780,takeoff,0.248,0.401,0.746,-0.153,0.000,0.500,-0.1,0.4,16.11,0.620,0.000,1269,1269,1269,1268
6.800,takeoff,0.254,0.427,0.746,-0.173,0.000,0.486,-0.1,0.3,16.11,0.708,0.000,1269,1269,1269,1268
6.820,takeoff,0.260,0.427,0.718,-0.167,0.000,0.487,-0.1,0.3,16.11,0.708,0.000,1269,1269,1269,1268
6.840,takeoff,0.266,0.451,0.690,-0.185,0.000,0.486,-0.1,0.3,16.11,0.680,0.000,1269,1269,1269,1268
6.860,takeoff,0.272,0.451,0.690,-0.179,0.000,0.487,-0.1,0.3,16.11,0.680,0.000,1269,1269,1269,1268
6.880,takeoff,0.278,0.461,0.654,-0.184,0.000,0.496,-0.1,0.3,16.05,0.582,0.000,1243,1243,1243,1243
6.900,takeoff,0.284,0.461,0.654,-0.178,0.000,0.497,-0.1,0.3,16.05,0.582,0.000,1243,1243,1243,1243
6.920,takeoff,0.290,0.480,0.607,-0.191,0.000,0.496,-0.1,0.3,16.05,0.566,0.000,1243,1243,1243,1243
6.940,takeoff,0.296,0.493,0.575,-0.197,0.000,0.497,-0.1,0.3,16.05,0.538,0.000,1243,1243,1243,1243
6.960,takeoff,0.302,0.493,0.575,-0.191,0.000,0.498,-0.1,0.3,16.05,0.538,0.000,1243,1243,1243,1243
6.980,takeoff,0.308,0.506,0.546,-0.198,0.000,0.501,-0.1,0.3,16.05,0.495,0.000,1271,1271,1273,1271
7.000,takeoff,0.314,0.522,0.546,-0.209,0.000,0.499,-0.1,0.3,16.05,0.489,0.000,1271,1271,1273,1271
7.020,takeoff,0.320,0.522,0.517,-0.203,0.000,0.500,-0.1,0.3,16.05,0.489,0.000,1271,1271,1273,1271
7.040,takeoff,0.326,0.538,0.491,-0.212,0.000,0.499,-0.1,0.3,16.05,0.483,0.000,1271,1271,1273,1271
7.060,takeoff,0.332,0.538,0.491,-0.206,0.000,0.500,-0.1,0.3,16.05,0.483,0.000,1271,1271,1273,1271
7.080,takeoff,0.338,0.548,0.464,-0.211,0.000,0.504,-0.1,0.2,16.05,0.437,0.000,1272,1272,1273,1272
7.100,takeoff,0.344,0.559,0.464,-0.215,0.000,0.506,-0.1,0.2,16.05,0.404,0.000,1272,1272,1273,1272
7.120,takeoff,0.350,0.559,0.431,-0.209,0.000,0.507,-0.1,0.2,16.05,0.404,0.000,1272,1272,1273,1272
7.140,takeoff,0.356,0.573,0.409,-0.217,0.000,0.506,-0.1,0.2,16.05,0.400,0.000,1272,1272,1273,1272
7.160,takeoff,0.362,0.573,0.409,-0.211,0.000,0.507,-0.1,0.2,16.05,0.400,0.000,1272,1272,1273,1272
7.180,takeoff,0.368,0.578,0.389,-0.210,0.000,0.515,-0.0,0.2,16.05,0.327,0.000,1290,1291,1292,1291
7.200,takeoff,0.374,0.579,0.389,-0.206,0.000,0.524,-0.0,0.2,16.05,0.242,0.000,1290,1291,1292,1291
7.220,takeoff,0.380,0.579,0.369,-0.200,0.000,0.526,-0.0,0.2,16.05,0.242,0.000,1290,1291,1292,1291
7.240,takeoff,0.386,0.599,0.358,-0.213,0.000,0.514,-0.0,0.2,16.05,0.332,0.000,1290,1291,1292,1291
7.260,takeoff,0.392,0.603,0.358,-0.212,0.000,0.519,-0.0,0.2,16.05,0.281,0.000,1290,1291,1292,1291
7.280,takeoff,0.398,0.603,0.355,-0.206,0.000,0.520,-0.0,0.2,16.05,0.281,0.000,1305,1306,1306,1305
7.300,takeoff,0.404,0.614,0.355,-0.210,0.000,0.518,-0.0,0.2,16.05,0.290,0.000,1305,1306,1306,1305
7.320,takeoff,0.410,0.614,0.346,-0.204,0.000,0.520,-0.0,0.2,16.05,0.290,0.000,1305,1306,1306,1305
7.340,takeoff,0.416,0.617,0.340,-0.201,0.000,0.527,-0.0,0.2,16.05,0.231,0.000,1305,1306,1306,1305
7.360,takeoff,0.422,0.617,0.340,-0.196,0.000,0.534,-0.0,0.2,16.05,0.168,0.000,1305,1306,1306,1305
7.380,takeoff,0.428,0.617,0.335,-0.190,0.000,0.536,-0.0,0.2,16.05,0.168,0.000,1335,1335,1336,1333
7.400,takeoff,0.434,0.633,0.335,-0.199,0.000,0.526,-0.0,0.2,16.05,0.239,0.000,1335,1335,1336,1333
7.420,takeoff,0.440,0.633,0.338,-0.193,0.000,0.528,-0.0,0.2,16.05,0.239,0.000,1335,1335,1336,1333
7.440,takeoff,0.446,0.636,0.346,-0.191,0.000,0.532,-0.0,0.2,16.05,0.202,0.000,1335,1335,1336,1333
7.460,takeoff,0.452,0.652,0.346,-0.200,0.000,0.522,-0.0,0.1,16.05,0.282,0.000,1335,1335,1336,1333
7.480,takeoff,0.458,0.652,0.350,-0.194,0.000,0.523,-0.0,0.1,16.05,0.282,0.000,1348,1348,1347,1346
7.500,takeoff,0.464,0.659,0.350,-0.196,0.000,0.525,-0.0,0.1,16.05,0.262,0.000,1348,1348,1347,1346
7.520,takeoff,0.470,0.659,0.354,-0.190,0.000,0.526,-0.0,0.1,16.05,0.262,0.000,1348,1348,1347,1346
7.540,takeoff,0.476,0.669,0.353,-0.193,0.000,0.525,-0.0,0.1,16.05,0.273,0.000,1348,1348,1347,1346
7.560,takeoff,0.482,0.671,0.353,-0.189,0.000,0.532,-0.0,0.1,16.05,0.207,0.000,1348,1348,1347,1346
7.580,takeoff,0.488,0.671,0.354,-0.183,0.000,0.534,-0.0,0.1,16.05,0.207,0.000,1331,1331,1331,1328
7.600,takeoff,0.494,0.677,0.354,-0.183,0.000,0.533,-0.0,0.1,16.05,0.210,0.000,1331,1331,1331,1328
7.620,takeoff,0.500,0.677,0.357,-0.177,0.000,0.535,-0.0,0.1,16.05,0.210,0.000,1331,1331,1331,1328
7.640,takeoff,0.506,0.688,0.365,-0.182,0.000,0.530,-0.0,0.1,16.05,0.246,0.000,1331,1331,1331,1328
7.660,takeoff,0.512,0.700,0.365,-0.188,0.000,0.525,-0.0,0.1,16.05,0.284,0.000,1331,1331,1331,1328
7.680,takeoff,0.518,0.700,0.374,-0.182,0.000,0.526,-0.0,0.1,16.05,0.284,0.000,1342,1343,1342,1341
7.700,takeoff,0.524,0.707,0.374,-0.184,0.000,0.529,-0.0,0.1,16.05,0.253,0.000,1342,1343,1342,1341
7.720,takeoff,0.530,0.711,0.380,-0.181,0.000,0.532,-0.0,0.1,16.05,0.230,0.000,1342,1343,1342,1341
7.740,takeoff,0.536,0.711,0.383,-0.175,0.000,0.533,-0.0,0.1,16.05,0.230,0.000,1342,1343,1342,1341
7.760,takeoff,0.542,0.725,0.383,-0.184,0.000,0.527,-0.0,0.1,16.05,0.274,0.000,1342,1343,1342,1341
7.780,takeoff,0.548,0.725,0.390,-0.178,0.000,0.528,-0.0,0.1,16.05,0.274,0.000,1350,1350,1350,1349
7.800,takeoff,0.554,0.735,0.390,-0.181,0.000,0.526,-0.0,0.1,16.05,0.282,0.000,1350,1350,1350,1349
7.820,takeoff,0.560,0.735,0.396,-0.175,0.000,0.528,-0.0,0.1,16.05,0.282,0.000,1350,1350,1350,1349
7.840,takeoff,0.566,0.743,0.401,-0.178,0.000,0.529,-0.0,0.1,16.05,0.263,0.000,1350,1350,1350,1349
7.860,takeoff,0.572,0.752,0.401,-0.180,0.000,0.529,-0.0,0.1,16.05,0.261,0.000,1350,1350,1350,1349
7.880,takeoff,0.578,0.752,0.404,-0.174,0.000,0.530,-0.0,0.1,16.05,0.261,0.000,1340,1341,1341,1341
7.900,takeoff,0.584,0.756,0.404,-0.172,0.000,0.534,-0.0,0.1,16.05,0.227,0.000,1340,1341,1341,1341
7.920,takeoff,0.590,0.756,0.409,-0.166,0.000,0.536,-0.0,0.1,16.05,0.227,0.000,1340,1341,1341,1341
7.940,takeoff,0.596,0.770,0.416,-0.174,0.000,0.529,-0.0,0.1,16.05,0.277,0.000,1340,1341,1341,1341
7.960,takeoff,0.602,0.782,0.416,-0.180,0.000,0.525,-0.0,0.1,16.05,0.303,0.000,1340,1341,1341,1341
7.980,takeoff,0.608,0.782,0.426,-0.174,0.000,0.526,-0.0,0.1,16.05,0.303,0.000,1339,1339,1342,1339
8.000,takeoff,0.614,0.791,0.426,-0.177,0.000,0.526,-0.0,0.1,16.05,0.301,0.000,1339,1339,1342,1339
8.020,takeoff,0.620,0.805,0.432,-0.185,0.000,0.520,-0.0,0.1,16.05,0.335,0.000,1339,1339,1342,1339
8.040,takeoff,0.626,0.805,0.435,-0.179,0.000,0.522,-0.0,0.1,16.05,0.335,0.000,1339,1339,1342,1339
8.060,takeoff,0.632,0.817,0.435,-0.185,0.000,0.520,-0.0,0.1,16.05,0.336,0.000,1339,1339,1342,1339
8.080,takeoff,0.638,0.817,0.434,-0.179,0.000,0.522,-0.0,0.1,16.05,0.336,0.000,1323,1324,1325,1324
8.100,takeoff,0.644,0.821,0.434,-0.177,0.000,0.528,-0.0,0.1,16.05,0.281,0.000,1323,1324,1325,1324
8.120,takeoff,0.650,0.831,0.431,-0.182,0.000,0.526,-0.0,0.1,16.05,0.283,0.000,1323,1324,1325,1324
8.140,takeoff,0.656,0.831,0.430,-0.176,0.000,0.528,-0.0,0.1,16.05,0.283,0.000,1323,1324,1325,1324
8.160,takeoff,0.662,0.846,0.430,-0.184,0.000,0.519,-0.0,0.1,16.05,0.348,0.000,1323,1324,1325,1324
8.180,takeoff,0.668,0.846,0.432,-0.178,0.000,0.521,-0.0,0.1,16.05,0.348,0.000,1337,1337,1338,1337
8.200,takeoff,0.674,0.857,0.432,-0.183,0.000,0.521,-0.0,0.1,16.05,0.332,0.000,1337,1337,1338,1337
8.220,takeoff,0.680,0.864,0.434,-0.184,0.000,0.524,-0.0,0.1,16.05,0.301,0.000,1337,1337,1338,1337
8.240,takeoff,0.686,0.864,0.431,-0.178,0.000,0.525,-0.0,0.1,16.05,0.301,0.000,1337,1337,1338,1337
8.260,takeoff,0.692,0.875,0.431,-0.184,0.000,0.522,-0.0,0.1,16.05,0.323,0.000,1337,1337,1338,1337
8.280,takeoff,0.698,0.875,0.430,-0.178,0.000,0.523,-0.0,0.0,16.05,0.323,0.000,1332,1332,1333,1331
8.300,takeoff,0.704,0.885,0.430,-0.182,0.000,0.523,-0.0,0.0,16.05,0.311,0.000,1332,1332,1333,1331
8.320,takeoff,0.710,0.897,0.430,-0.188,0.000,0.522,-0.0,0.0,16.05,0.315,0.000,1332,1332,1333,1331
8.340,takeoff,0.716,0.897,0.429,-0.182,0.000,0.523,-0.0,0.0,16.05,0.315,0.000,1332,1332,1333,1331
8.360,takeoff,0.722,0.907,0.429,-0.185,0.000,0.522,-0.0,0.0,16.05,0.311,0.000,1332,1332,1333,1331
8.380,takeoff,0.728,0.907,0.427,-0.179,0.000,0.524,-0.0,0.0,16.05,0.311,0.000,1327,1327,1328,1326
8.400,takeoff,0.734,0.915,0.427,-0.181,0.000,0.525,-0.0,0.0,16.05,0.294,0.000,1327,1327,1328,1326
8.420,takeoff,0.740,0.923,0.426,-0.183,0.000,0.527,-0.0,0.0,16.05,0.276,0.000,1327,1327,1328,1326
8.440,takeoff,0.746,0.923,0.425,-0.177,0.000,0.528,-0.0,0.0,16.05,0.276,0.000,1327,1327,1328,1326
8.460,takeoff,0.752,0.934,0.425,-0.182,0.000,0.525,-0.0,0.0,16.05,0.294,0.000,1327,1327,1328,1326
8.480,takeoff,0.758,0.934,0.427,-0.176,0.000,0.527,-0.0,0.0,16.05,0.294,0.000,1337,1338,1339,1338
8.500,takeoff,0.764,0.948,0.427,-0.184,0.000,0.522,-0.0,0.0,16.05,0.318,0.000,1337,1338,1339,1338
8.520,takeoff,0.770,0.953,0.431,-0.183,0.000,0.527,-0.0,0.0,16.05,0.270,0.000,1337,1338,1339,1338
8.540,takeoff,0.776,0.953,0.432,-0.177,0.000,0.529,-0.0,0.0,16.05,0.270,0.000,1337,1338,1339,1338
8.560,takeoff,0.782,0.964,0.432,-0.182,0.000,0.522,-0.0,0.0,16.05,0.321,0.000,1337,1338,1339,1338
8.580,takeoff,0.788,0.964,0.434,-0.176,0.000,0.524,-0.0,0.0,16.05,0.321,0.000,1325,1325,1327,1325
8.600,takeoff,0.794,0.975,0.434,-0.181,0.000,0.524,-0.0,0.0,16.05,0.305,0.000,1325,1325,1327,1325
8.620,takeoff,0.800,0.983,0.436,-0.183,0.000,0.525,-0.0,0.0,16.05,0.292,0.000,1325,1325,1327,1325
8.640,takeoff,0.806,0.983,0.436,-0.177,0.000,0.526,-0.0,0.0,16.05,0.292,0.000,1325,1325,1327,1325
8.660,takeoff,0.812,0.999,0.436,-0.188,0.000,0.517,-0.0,0.0,16.05,0.356,0.000,1325,1325,1327,1325
8.680,takeoff,0.818,1.006,0.437,-0.189,0.000,0.520,-0.0,0.0,16.05,0.327,0.000,1314,1314,1315,1313
8.700,takeoff,0.824,1.006,0.437,-0.183,0.000,0.522,-0.0,0.0,16.05,0.327,0.000,1314,1314,1315,1313
8.720,takeoff,0.830,1.018,0.436,-0.189,0.000,0.522,-0.0,0.0,16.05,0.310,0.000,1314,1314,1315,1313
8.740,takeoff,0.836,1.018,0.433,-0.183,0.000,0.523,-0.0,0.0,16.05,0.310,0.000,1314,1314,1315,1313
8.760,takeoff,0.842,1.026,0.433,-0.184,0.000,0.523,-0.0,0.0,16.05,0.309,0.000,1314,1314,1315,1313
8.780,takeoff,0.848,1.039,0.430,-0.191,0.000,0.519,-0.0,0.0,16.05,0.332,0.000,1327,1327,1329,1327
8.800,takeoff,0.854,1.039,0.430,-0.185,0.000,0.521,-0.0,0.0,16.05,0.332,0.000,1327,1327,1329,1327
8.820,takeoff,0.860,1.043,0.429,-0.183,0.000,0.528,-0.0,0.0,16.05,0.267,0.000,1327,1327,1329,1327
8.840,takeoff,0.866,1.043,0.425,-0.177,0.000,0.529,-0.0,0.0,16.05,0.267,0.000,1327,1327,1329,1327
8.860,takeoff,0.872,1.065,0.425,-0.193,0.000,0.515,-0.0,0.0,16.05,0.369,0.000,1327,1327,1329,1327
8.880,takeoff,0.878,1.067,0.425,-0.190,0.000,0.524,-0.0,0.0,15.99,0.285,0.000,1340,1340,1341,1340
8.900,takeoff,0.884,1.067,0.425,-0.184,0.000,0.526,-0.0,0.0,15.99,0.285,0.000,1340,1340,1341,1340
8.920,takeoff,0.890,1.079,0.426,-0.189,0.000,0.522,-0.0,0.0,15.99,0.306,0.000,1340,1340,1341,1340
8.940,takeoff,0.896,1.087,0.425,-0.192,0.000,0.522,-0.0,0.0,15.99,0.301,0.000,1340,1340,1341,1340
8.960,takeoff,0.902,1.087,0.425,-0.186,0.000,0.523,-0.0,0.0,15.99,0.301,0.000,1340,1340,1341,1340
8.980,takeoff,0.908,1.097,0.424,-0.190,0.000,0.524,-0.0,0.0,15.99,0.284,0.000,1325,1325,1325,1323
9.000,takeoff,0.914,1.097,0.424,-0.184,0.000,0.526,-0.0,0.0,15.99,0.284,0.000,1325,1325,1325,1323
9.020,takeoff,0.920,1.110,0.423,-0.191,0.000,0.518,-0.0,0.0,15.99,0.332,0.000,1325,1325,1325,1323
9.040,takeoff,0.925,1.110,0.422,-0.185,0.000,0.519,-0.0,0.0,15.99,0.332,0.000,1325,1325,1325,1323
9.060,takeoff,0.931,1.115,0.422,-0.185,0.000,0.524,-0.0,0.0,15.99,0.273,0.000,1325,1325,1325,1323
9.080,takeoff,0.936,1.121,0.421,-0.185,0.000,0.525,-0.0,0.0,15.99,0.248,0.000,1318,1318,1318,1316
9.100,takeoff,0.941,1.121,0.421,-0.180,0.000,0.526,-0.0,0.0,15.99,0.248,0.000,1318,1318,1318,1316
9.120,takeoff,0.946,1.134,0.417,-0.188,0.000,0.520,-0.0,0.0,15.99,0.276,0.000,1318,1318,1318,1316
9.140,takeoff,0.951,1.134,0.417,-0.183,0.000,0.520,0.0,0.0,15.99,0.276,0.000,1318,1318,1318,1316
9.160,takeoff,0.955,1.147,0.417,-0.192,0.000,0.512,0.0,0.0,15.99,0.324,0.000,1318,1318,1318,1316
9.180,takeoff,0.959,1.159,0.415,-0.200,0.000,0.507,-0.0,0.0,15.99,0.345,0.000,1320,1321,1320,1318
9.200,takeoff,0.963,1.159,0.415,-0.195,0.000,0.507,-0.0,0.0,15.99,0.345,0.000,1320,1321,1320,1318
9.220,takeoff,0.967,1.161,0.408,-0.194,0.000,0.515,-0.0,0.0,15.99,0.261,0.000,1320,1321,1320,1318
9.240,takeoff,0.971,1.161,0.394,-0.190,0.000,0.514,-0.0,0.0,15.99,0.261,0.000,1320,1321,1320,1318
9.260,takeoff,0.974,1.173,0.394,-0.198,0.000,0.509,-0.0,0.0,15.99,0.283,0.000,1320,1321,1320,1318
9.280,takeoff,0.977,1.171,0.380,-0.193,0.000,0.520,-0.0,0.0,15.99,0.175,0.000,1308,1308,1308,1306
9.300,takeoff,0.980,1.171,0.380,-0.190,0.000,0.520,-0.0,0.0,15.99,0.175,0.000,1308,1308,1308,1306
9.320,takeoff,0.983,1.186,0.365,-0.203,0.000,0.507,-0.0,0.0,15.99,0.263,0.000,1308,1308,1308,1306
9.340,takeoff,0.986,1.195,0.359,-0.210,0.000,0.503,-0.0,0.0,15.99,0.274,0.000,1308,1308,1308,1306
9.360,takeoff,0.988,1.195,0.359,-0.207,0.000,0.503,-0.0,0.0,15.99,0.274,0.000,1308,1308,1308,1306
9.380,takeoff,0.990,1.202,0.348,-0.212,0.000,0.504,-0.0,0.0,15.99,0.244,0.000,1282,1282,1283,1281
9.400,takeoff,0.992,1.202,0.348,-0.210,0.000,0.503,-0.0,0.0,15.99,0.244,0.000,1282,1282,1283,1281
9.420,takeoff,0.994,1.204,0.329,-0.210,0.000,0.508,-0.0,0.0,15.99,0.188,0.000,1282,1282,1283,1281
9.440,takeoff,0.996,1.211,0.308,-0.216,0.000,0.503,-0.0,0.0,15.99,0.204,0.000,1282,1282,1283,1281
9.460,takeoff,0.997,1.211,0.308,-0.215,0.000,0.503,-0.0,0.0,15.99,0.204,0.000,1282,1282,1283,1281
9.480,takeoff,1.000,1.222,0.289,-0.222,-0.004,0.491,-0.0,0.0,15.99,0.225,0.000,1283,1282,1283,1281
9.500,takeoff,1.000,1.222,0.289,-0.222,-0.009,0.491,-0.0,0.0,15.99,0.225,0.000,1283,1282,1283,1281
9.520,takeoff,1.000,1.219,0.262,-0.219,-0.013,0.500,-0.0,0.0,15.99,0.134,0.000,1283,1282,1283,1281
9.540,takeoff,1.000,1.227,0.234,-0.227,-0.018,0.494,-0.0,0.0,15.99,0.169,0.000,1283,1282,1283,1281
9.560,takeoff,1.000,1.227,0.234,-0.227,-0.022,0.493,-0.0,0.0,15.99,0.169,0.000,1283,1282,1283,1281
9.580,takeoff,1.000,1.229,0.207,-0.229,-0.027,0.496,-0.0,0.0,15.99,0.132,0.000,1287,1287,1232,1231
9.600,takeoff,1.000,1.229,0.207,-0.229,-0.031,0.495,-0.0,0.0,15.99,0.132,0.000,1287,1287,1232,1231
9.620,takeoff,1.000,1.231,0.177,-0.231,-0.036,0.496,0.0,0.0,15.99,0.112,0.000,1287,1287,1232,1231
9.640,takeoff,1.000,1.226,0.147,-0.226,-0.041,0.503,0.0,0.0,15.99,0.041,0.000,1287,1287,1232,1231
9.660,takeoff,1.000,1.226,0.147,-0.226,-0.045,0.503,0.0,0.0,15.99,0.041,0.000,1287,1287,1232,1231
9.680,takeoff,1.000,1.226,0.118,-0.226,-0.050,0.503,0.0,0.0,15.99,0.027,0.000,1280,1280,1284,1284
9.700,takeoff,1.000,1.227,0.118,-0.227,-0.054,0.502,0.0,0.0,15.99,0.028,0.000,1280,1280,1284,1284
9.720,takeoff,1.000,1.227,0.089,-0.227,-0.059,0.502,0.0,0.0,15.99,0.028,0.000,1280,1280,1284,1284
9.740,takeoff,1.000,1.224,0.066,-0.224,-0.063,0.506,0.0,0.0,15.99,-0.010,0.000,1280,1280,1284,1284
9.760,takeoff,1.000,1.224,0.066,-0.224,-0.068,0.505,0.0,0.0,15.99,-0.010,0.000,1280,1280,1284,1284
9.780,takeoff,1.000,1.221,0.044,-0.221,-0.072,0.507,0.0,0.0,15.99,-0.027,0.000,1276,1276,1300,1297
9.800,takeoff,1.000,1.221,0.044,-0.221,-0.077,0.506,0.0,0.0,15.99,-0.027,0.000,1276,1276,1300,1297
9.820,takeoff,1.000,1.219,0.023,-0.219,-0.081,0.507,0.0,0.0,15.99,-0.038,0.000,1276,1276,1300,1297
9.840,takeoff,1.000,1.215,0.003,-0.215,-0.085,0.510,0.0,0.0,15.99,-0.066,0.000,1276,1276,1300,1297
9.860,takeoff,1.000,1.215,0.003,-0.215,-0.090,0.509,0.0,0.0,15.99,-0.066,0.000,1276,1276,1300,1297
9.880,takeoff,1.000,1.214,-0.016,-0.214,-0.094,0.509,0.0,0.0,15.99,-0.061,0.000,1285,1285,1311,1309
9.900,takeoff,1.000,1.214,-0.016,-0.214,-0.098,0.508,0.0,0.0,15.99,-0.061,0.000,1285,1285,1311,1309
9.920,takeoff,1.000,1.205,-0.037,-0.205,-0.102,0.515,0.0,0.0,15.99,-0.117,0.000,1285,1285,1311,1309
9.940,takeoff,1.000,1.205,-0.054,-0.205,-0.106,0.515,0.0,0.0,15.99,-0.117,0.000,1285,1285,1311,1309
9.960,takeoff,1.000,1.192,-0.054,-0.192,-0.110,0.524,0.0,0.0,15.99,-0.187,0.000,1285,1285,1311,1309
9.980,takeoff,1.000,1.187,-0.067,-0.187,-0.114,0.525,0.0,0.0,15.99,-0.191,0.000,1302,1303,1314,1312
10.000,takeoff,1.000,1.184,-0.067,-0.184,-0.118,0.522,0.0,0.0,15.99,-0.160,0.000,1302,1303,1314,1312
10.020,takeoff,1.000,1.184,-0.074,-0.184,-0.121,0.522,0.0,0.0,15.99,-0.160,0.000,1302,1303,1314,1312
10.040,takeoff,1.000,1.181,-0.075,-0.181,-0.125,0.520,0.0,0.0,15.99,-0.138,0.000,1302,1303,1314,1312
10.060,takeoff,1.000,1.181,-0.075,-0.181,-0.128,0.519,0.0,0.0,15.99,-0.138,0.000,1302,1303,1314,1312
10.080,takeoff,1.000,1.169,-0.077,-0.169,-0.132,0.528,0.0,0.0,15.99,-0.206,0.000,1323,1323,1317,1315
10.100,takeoff,1.000,1.164,-0.077,-0.164,-0.135,0.528,0.0,0.0,15.99,-0.190,0.000,1323,1323,1317,1315
10.120,takeoff,1.000,1.164,-0.082,-0.164,-0.138,0.527,0.0,0.0,15.99,-0.190,0.000,1323,1323,1317,1315
10.140,takeoff,1.000,1.151,-0.081,-0.151,-0.141,0.536,0.0,0.0,15.99,-0.254,0.000,1323,1323,1317,1315
10.160,takeoff,1.000,1.151,-0.081,-0.151,-0.144,0.536,0.0,0.0,15.99,-0.254,0.000,1323,1323,1317,1315
10.180,takeoff,1.000,1.145,-0.077,-0.145,-0.147,0.535,0.0,0.0,15.99,-0.231,0.000,1364,1364,1350,1349
10.200,takeoff,1.000,1.141,-0.077,-0.141,-0.150,0.532,0.0,0.0,15.99,-0.194,0.000,1364,1364,1350,1349
10.220,takeoff,1.000,1.141,-0.067,-0.141,-0.153,0.531,-0.0,0.0,15.99,-0.194,0.000,1364,1364,1350,1349
10.240,takeoff,1.000,1.131,-0.056,-0.131,-0.156,0.538,-0.0,0.0,15.99,-0.236,0.000,1364,1364,1350,1349
10.260,takeoff,1.000,1.131,-0.056,-0.131,-0.158,0.537,-0.0,0.0,15.99,-0.236,0.000,1364,1364,1350,1349
10.280,takeoff,1.000,1.122,-0.048,-0.122,-0.161,0.540,-0.0,0.0,15.99,-0.244,0.000,1364,1364,1354,1352
10.300,takeoff,1.000,1.119,-0.048,-0.119,-0.163,0.536,-0.0,0.0,15.99,-0.203,0.000,1364,1364,1354,1352
10.320,takeoff,1.000,1.119,-0.033,-0.119,-0.165,0.536,-0.0,0.0,15.99,-0.203,0.000,1364,1364,1354,1352
10.340,takeoff,1.000,1.112,-0.019,-0.112,-0.168,0.537,-0.0,0.0,15.99,-0.207,0.000,1364,1364,1354,1352
10.360,takeoff,1.000,1.106,-0.019,-0.106,-0.170,0.539,-0.0,0.0,15.99,-0.204,0.000,1364,1364,1354,1352
10.380,takeoff,1.000,1.106,-0.006,-0.106,-0.172,0.538,-0.0,0.0,15.99,-0.204,0.000,1361,1361,1359,1356
10.400,takeoff,1.000,1.106,-0.006,-0.106,-0.174,0.531,-0.0,0.0,15.99,-0.134,0.000,1361,1361,1359,1356
10.420,takeoff,1.000,1.106,0.007,-0.106,-0.176,0.530,-0.0,0.0,15.99,-0.134,0.000,1361,1361,1359,1356
10.440,hold,1.000,1.095,0.020,-0.095,-0.178,0.538,-0.0,0.0,15.99,-0.188,0.000,1361,1361,1359,1356
10.460,hold,1.000,1.095,0.020,-0.095,-0.180,0.538,-0.0,0.0,15.99,-0.188,0.000,1361,1361,1359,1356
10.480,hold,1.000,1.090,0.029,-0.090,-0.182,0.538,-0.0,0.0,15.99,-0.177,0.000,1360,1359,1364,1362
10.500,hold,1.000,1.089,0.029,-0.089,-0.184,0.534,-0.0,0.0,15.99,-0.133,0.000,1360,1359,1364,1362
10.520,hold,1.000,1.089,0.045,-0.089,-0.185,0.533,-0.0,0.0,15.99,-0.133,0.000,1360,1359,1364,1362
10.540,hold,1.000,1.082,0.058,-0.082,-0.187,0.538,-0.0,0.0,15.99,-0.165,0.000,1360,1359,1364,1362
10.560,hold,1.000,1.082,0.058,-0.082,-0.189,0.538,-0.0,0.0,15.99,-0.165,0.000,1360,1359,1364,1362
10.580,hold,1.000,1.081,0.069,-0.081,-0.190,0.533,-0.0,0.0,15.99,-0.120,0.000,1355,1355,1368,1365
10.600,hold,1.000,1.080,0.069,-0.080,-0.192,0.530,-0.0,0.0,15.99,-0.089,0.000,1355,1355,1368,1365
10.620,hold,1.000,1.080,0.082,-0.080,-0.193,0.530,-0.0,0.0,15.99,-0.089,0.000,1355,1355,1368,1365
10.640,hold,1.000,1.079,0.095,-0.079,-0.195,0.529,-0.0,0.0,15.99,-0.076,0.000,1355,1355,1368,1365
10.660,hold,1.000,1.079,0.095,-0.079,-0.197,0.528,-0.0,0.0,15.99,-0.076,0.000,1355,1355,1368,1365
10.680,hold,1.000,1.079,0.100,-0.079,-0.198,0.526,-0.0,-0.0,15.99,-0.057,0.000,1333,1334,1346,1344
10.700,hold,1.000,1.081,0.100,-0.081,-0.200,0.521,-0.0,-0.0,15.99,-0.017,0.000,1333,1334,1346,1344
10.720,hold,1.000,1.081,0.106,-0.081,-0.201,0.521,-0.0,-0.0,15.99,-0.017,0.000,1333,1334,1346,1344
10.740,hold,1.000,1.073,0.108,-0.073,-0.203,0.532,-0.0,-0.0,15.99,-0.106,0.000,1333,1334,1346,1344
10.760,hold,1.000,1.075,0.108,-0.075,-0.204,0.526,-0.0,-0.0,15.99,-0.057,0.000,1333,1334,1346,1344
10.780,hold,1.000,1.075,0.108,-0.075,-0.206,0.526,-0.0,-0.0,15.99,-0.057,0.000,1343,1343,1352,1350
10.800,hold,1.000,1.072,0.108,-0.072,-0.207,0.528,-0.0,-0.0,15.99,-0.066,0.000,1343,1343,1352,1350
10.820,hold,1.000,1.072,0.112,-0.072,-0.209,0.527,-0.0,-0.0,15.99,-0.066,0.000,1343,1343,1352,1350
10.840,hold,1.000,1.073,0.115,-0.073,-0.210,0.524,-0.0,0.0,15.99,-0.035,0.000,1343,1343,1352,1350
10.860,hold,1.000,1.073,0.115,-0.073,-0.212,0.524,-0.0,0.0,15.99,-0.035,0.000,1343,1343,1352,1350
10.880,hold,1.000,1.066,0.119,-0.066,-0.213,0.529,-0.0,0.0,15.93,-0.078,0.000,1326,1327,1331,1329
10.900,hold,1.000,1.072,0.119,-0.072,-0.214,0.520,-0.0,0.0,15.93,-0.002,0.000,1326,1327,1331,1329
10.920,hold,1.000,1.072,0.119,-0.072,-0.216,0.520,-0.0,0.0,15.93,-0.002,0.000,1326,1327,1331,1329
10.940,hold,1.000,1.068,0.121,-0.068,-0.217,0.525,-0.0,0.0,15.93,-0.047,0.000,1326,1327,1331,1329
10.960,hold,1.000,1.065,0.121,-0.065,-0.218,0.527,-0.0,0.0,15.93,-0.058,0.000,1326,1327,1331,1329
10.980,hold,1.000,1.065,0.118,-0.065,-0.220,0.526,-0.0,0.0,15.93,-0.058,0.000,1332,1332,1332,1329
11.000,hold,1.000,1.066,0.118,-0.066,-0.221,0.524,-0.0,0.0,15.93,-0.036,0.000,1332,1332,1332,1329
11.020,hold,1.000,1.066,0.118,-0.066,-0.222,0.524,-0.0,0.0,15.93,-0.036,0.000,1332,1332,1332,1329
11.040,hold,1.000,1.071,0.119,-0.071,-0.224,0.517,-0.0,0.0,15.93,0.021,0.000,1332,1332,1332,1329
11.060,hold,1.000,1.067,0.119,-0.067,-0.225,0.522,-0.0,0.0,15.93,-0.024,0.000,1332,1332,1332,1329
11.080,hold,1.000,1.067,0.117,-0.067,-0.226,0.522,-0.0,0.0,15.93,-0.024,0.000,1315,1316,1311,1309
11.100,hold,1.000,1.069,0.117,-0.069,-0.228,0.519,-0.0,0.0,15.93,-0.001,0.000,1315,1316,1311,1309
11.120,hold,1.000,1.069,0.112,-0.069,-0.229,0.519,-0.0,0.0,15.93,-0.001,0.000,1315,1316,1311,1309
11.140,hold,1.000,1.065,0.107,-0.065,-0.231,0.523,-0.0,0.0,15.93,-0.033,0.000,1315,1316,1311,1309
11.160,hold,1.000,1.056,0.107,-0.056,-0.232,0.532,-0.0,0.0,15.93,-0.107,0.000,1315,1316,1311,1309
11.180,hold,1.000,1.056,0.102,-0.056,-0.233,0.532,-0.0,0.0,15.93,-0.107,0.000,1350,1350,1344,1343
11.200,hold,1.000,1.058,0.102,-0.058,-0.234,0.526,-0.0,0.0,15.93,-0.055,0.000,1350,1350,1344,1343
11.220,hold,1.000,1.058,0.102,-0.058,-0.235,0.526,0.0,0.0,15.93,-0.055,0.000,1350,1350,1344,1343
11.240,hold,1.000,1.059,0.108,-0.059,-0.236,0.523,0.0,0.0,15.93,-0.031,0.000,1350,1350,1344,1343
11.260,hold,1.000,1.059,0.108,-0.059,-0.237,0.522,0.0,0.0,15.93,-0.026,0.000,1350,1350,1344,1343
11.280,hold,1.000,1.059,0.111,-0.059,-0.239,0.522,0.0,0.0,15.93,-0.026,0.000,1328,1327,1324,1322
11.300,hold,1.000,1.060,0.111,-0.060,-0.240,0.519,0.0,0.0,15.93,-0.004,0.000,1328,1327,1324,1322
11.320,hold,1.000,1.060,0.109,-0.060,-0.241,0.519,0.0,0.0,15.93,0.000,0.000,1328,1327,1324,1322
11.340,hold,1.000,1.060,0.106,-0.060,-0.242,0.519,0.0,0.0,15.93,0.000,0.000,1328,1327,1324,1322
11.360,hold,1.000,1.055,0.106,-0.055,-0.243,0.524,0.0,0.0,15.93,-0.040,0.000,1328,1327,1324,1322
11.380,hold,1.000,1.055,0.100,-0.055,-0.244,0.524,0.0,0.0,15.93,-0.040,0.000,1329,1329,1329,1326
11.400,hold,1.000,1.058,0.100,-0.058,-0.246,0.518,0.0,0.0,15.93,0.004,0.000,1329,1329,1329,1326
11.420,hold,1.000,1.054,0.097,-0.054,-0.247,0.523,0.0,0.0,15.93,-0.036,0.000,1329,1329,1329,1326
11.440,hold,1.000,1.054,0.095,-0.054,-0.248,0.523,0.0,0.0,15.93,-0.036,0.000,1329,1329,1329,1326
11.460,hold,1.000,1.051,0.095,-0.051,-0.249,0.525,0.0,0.0,15.93,-0.054,0.000,1329,1329,1329,1326
11.480,hold,1.000,1.051,0.092,-0.051,-0.250,0.525,0.0,0.0,15.93,-0.054,0.000,1327,1327,1327,1326
11.501,hold,1.000,1.047,0.092,-0.047,-0.251,0.527,0.0,0.0,15.93,-0.068,0.000,1327,1327,1327,1326
11.520,hold,1.000,1.047,0.091,-0.047,-0.252,0.527,0.0,-0.0,15.93,-0.068,0.000,1327,1327,1327,1326
11.540,hold,1.000,1.047,0.092,-0.047,-0.253,0.525,0.0,-0.0,15.93,-0.048,0.000,1327,1327,1327,1326
11.560,hold,1.000,1.047,0.092,-0.047,-0.254,0.524,0.0,-0.0,15.93,-0.035,0.000,1327,1327,1327,1326
11.580,hold,1.000,1.047,0.095,-0.047,-0.255,0.524,0.0,-0.0,15.93,-0.035,0.000,1331,1331,1332,1331
11.600,hold,1.000,1.043,0.095,-0.043,-0.255,0.527,0.0,-0.0,15.93,-0.060,0.000,1331,1331,1332,1331
11.620,hold,1.000,1.039,0.095,-0.039,-0.256,0.530,0.0,-0.0,15.93,-0.083,0.000,1331,1331,1332,1331
11.640,hold,1.000,1.039,0.096,-0.039,-0.257,0.530,0.0,-0.0,15.93,-0.083,0.000,1331,1331,1332,1331
11.660,hold,1.000,1.042,0.096,-0.042,-0.258,0.523,0.0,-0.0,15.93,-0.026,0.000,1331,1331,1332,1331
11.680,hold,1.000,1.037,0.099,-0.037,-0.258,0.529,0.0,-0.0,15.93,-0.072,0.000,1326,1327,1330,1327
11.700,hold,1.000,1.037,0.099,-0.037,-0.259,0.529,-0.0,-0.0,15.93,-0.072,0.000,1326,1327,1330,1327
11.720,hold,1.000,1.034,0.103,-0.034,-0.260,0.530,-0.0,0.0,15.93,-0.074,0.000,1326,1327,1330,1327
11.740,hold,1.000,1.034,0.107,-0.034,-0.261,0.530,-0.0,0.0,15.93,-0.074,0.000,1326,1327,1330,1327
11.760,hold,1.000,1.034,0.107,-0.034,-0.261,0.528,-0.0,0.0,15.93,-0.052,0.000,1326,1327,1330,1327
11.780,hold,1.000,1.034,0.112,-0.034,-0.262,0.527,-0.0,0.0,15.93,-0.052,0.000,1335,1335,1340,1337
11.800,hold,1.000,1.034,0.112,-0.034,-0.263,0.525,-0.0,0.0,15.93,-0.031,0.000,1335,1335,1340,1337
11.820,hold,1.000,1.038,0.116,-0.038,-0.263,0.520,-0.0,0.0,15.93,0.008,0.000,1335,1335,1340,1337
11.840,hold,1.000,1.038,0.119,-0.038,-0.264,0.520,-0.0,0.0,15.93,0.008,0.000,1335,1335,1340,1337
11.860,hold,1.000,1.030,0.119,-0.030,-0.265,0.529,-0.0,0.0,15.93,-0.062,0.000,1335,1335,1340,1337
11.880,hold,1.000,1.025,0.118,-0.025,-0.265,0.533,-0.0,0.0,15.93,-0.095,0.000,1319,1318,1323,1321
11.900,hold,1.000,1.025,0.118,-0.025,-0.266,0.533,-0.0,0.0,15.93,-0.095,0.000,1319,1318,1323,1321
11.920,hold,1.000,1.029,0.118,-0.029,-0.266,0.526,-0.0,0.0,15.93,-0.037,0.000,1319,1318,1323,1321
11.940,hold,1.000,1.029,0.125,-0.029,-0.267,0.526,-0.0,0.0,15.93,-0.037,0.000,1319,1318,1323,1321
11.960,hold,1.000,1.023,0.125,-0.023,-0.267,0.533,-0.0,0.0,15.93,-0.092,0.000,1319,1318,1323,1321
11.980,hold,1.000,1.026,0.130,-0.026,-0.268,0.527,0.0,0.0,15.93,-0.037,0.000,1350,1349,1351,1349
12.000,hold,1.000,1.026,0.130,-0.026,-0.268,0.527,0.0,0.0,15.93,-0.037,0.000,1350,1349,1351,1349
12.020,hold,1.000,1.024,0.135,-0.024,-0.269,0.527,0.0,0.0,15.93,-0.037,0.000,1350,1349,1351,1349
12.040,hold,1.000,1.024,0.140,-0.024,-0.269,0.527,0.0,0.0,15.93,-0.037,0.000,1350,1349,1351,1349
12.060,hold,1.000,1.029,0.140,-0.029,-0.270,0.520,0.0,0.0,15.93,0.019,0.000,1350,1349,1351,1349
12.080,hold,1.000,1.026,0.143,-0.026,-0.270,0.525,0.0,0.0,15.93,-0.022,0.000,1321,1321,1322,1320
12.100,hold,1.000,1.026,0.143,-0.026,-0.271,0.525,0.0,0.0,15.93,-0.022,0.000,1321,1321,1322,1320
12.120,hold,1.000,1.025,0.143,-0.025,-0.271,0.525,0.0,0.0,15.93,-0.024,0.000,1321,1321,1322,1320
12.140,hold,1.000,1.025,0.143,-0.025,-0.272,0.525,0.0,0.0,15.93,-0.024,0.000,1321,1321,1322,1320
12.160,hold,1.000,1.025,0.143,-0.025,-0.272,0.524,0.0,0.0,15.93,-0.012,0.000,1321,1321,1322,1320
12.180,hold,1.000,1.026,0.143,-0.026,-0.273,0.523,0.0,0.0,15.93,-0.003,0.000,1330,1329,1329,1328
12.200,hold,1.000,1.026,0.143,-0.026,-0.274,0.523,0.0,0.0,15.93,-0.003,0.000,1330,1329,1329,1328
12.220,hold,1.000,1.021,0.143,-0.021,-0.274,0.528,0.0,0.0,15.93,-0.041,0.000,1330,1329,1329,1328
12.240,hold,1.000,1.021,0.141,-0.021,-0.274,0.528,0.0,0.0,15.93,-0.041,0.000,1330,1329,1329,1328
12.260,hold,1.000,1.028,0.141,-0.028,-0.275,0.519,0.0,-0.0,15.93,0.031,0.000,1330,1329,1329,1328
12.280,hold,1.000,1.029,0.142,-0.029,-0.276,0.518,0.0,-0.0,15.93,0.035,0.000,1318,1317,1317,1315
12.300,hold,1.000,1.029,0.142,-0.029,-0.276,0.518,0.0,0.0,15.93,0.035,0.000,1318,1317,1317,1315
12.320,hold,1.000,1.030,0.141,-0.030,-0.277,0.518,0.0,-0.0,15.93,0.030,0.000,1318,1317,1317,1315
12.340,hold,1.000,1.030,0.134,-0.030,-0.277,0.518,0.0,-0.0,15.93,0.030,0.000,1318,1317,1317,1315
12.360,hold,1.000,1.027,0.134,-0.027,-0.278,0.522,0.0,0.0,15.93,-0.002,0.000,1318,1317,1317,1315
12.380,hold,1.000,1.024,0.127,-0.024,-0.278,0.527,0.0,0.0,15.93,-0.048,0.000,1316,1316,1316,1314
12.400,hold,1.000,1.024,0.127,-0.024,-0.279,0.527,0.0,0.0,15.93,-0.048,0.000,1316,1316,1316,1314
12.420,hold,1.000,1.026,0.120,-0.026,-0.279,0.523,0.0,0.0,15.93,-0.013,0.000,1316,1316,1316,1314
12.440,hold,1.000,1.025,0.120,-0.025,-0.280,0.524,0.0,0.0,15.93,-0.020,0.000,1316,1316,1316,1314
12.460,hold,1.000,1.025,0.120,-0.025,-0.280,0.524,0.0,0.0,15.93,-0.020,0.000,1316,1316,1316,1314
12.480,hold,1.000,1.022,0.119,-0.022,-0.281,0.526,0.0,0.0,15.93,-0.038,0.000,1328,1329,1330,1327
12.500,hold,1.000,1.022,0.119,-0.022,-0.281,0.526,0.0,0.0,15.93,-0.038,0.000,1328,1329,1330,1327
12.520,hold,1.000,1.025,0.117,-0.025,-0.282,0.521,0.0,-0.0,15.93,-0.000,0.000,1328,1329,1330,1327
12.540,hold,1.000,1.025,0.117,-0.025,-0.282,0.521,0.0,0.0,15.93,-0.000,0.000,1328,1329,1330,1327
12.560,hold,1.000,1.019,0.117,-0.019,-0.283,0.529,0.0,0.0,15.93,-0.058,0.000,1328,1329,1330,1327
12.580,hold,1.000,1.020,0.115,-0.020,-0.283,0.525,0.0,0.0,15.93,-0.029,0.000,1322,1323,1325,1323
12.600,hold,1.000,1.020,0.115,-0.020,-0.283,0.525,0.0,0.0,15.93,-0.029,0.000,1322,1323,1325,1323
12.620,hold,1.000,1.018,0.114,-0.018,-0.284,0.527,-0.0,0.0,15.93,-0.039,0.000,1322,1323,1325,1323
12.640,hold,1.000,1.019,0.115,-0.019,-0.284,0.524,-0.0,0.0,15.93,-0.014,0.000,1322,1323,1325,1323
12.660,hold,1.000,1.019,0.115,-0.019,-0.285,0.524,-0.0,0.0,15.93,-0.014,0.000,1322,1323,1325,1323
12.680,hold,1.000,1.022,0.116,-0.022,-0.285,0.520,-0.0,0.0,15.93,0.015,0.000,1328,1328,1331,1328
12.700,hold,1.000,1.022,0.116,-0.022,-0.285,0.520,-0.0,0.0,15.93,0.015,0.000,1328,1328,1331,1328
12.720,hold,1.000,1.020,0.116,-0.020,-0.286,0.523,-0.0,0.0,15.93,-0.007,0.000,1328,1328,1331,1328
12.740,hold,1.000,1.019,0.113,-0.019,-0.286,0.524,-0.0,0.0,15.93,-0.014,0.000,1328,1328,1331,1328
12.760,hold,1.000,1.019,0.113,-0.019,-0.287,0.524,-0.0,0.0,15.93,-0.014,0.000,1328,1328,1331,1328
12.780,hold,1.000,1.019,0.110,-0.019,-0.287,0.523,-0.0,0.0,15.93,-0.012,0.000,1327,1328,1330,1328
12.800,hold,1.000,1.019,0.110,-0.019,-0.287,0.523,-0.0,0.0,15.93,-0.012,0.000,1327,1328,1330,1328
12.820,hold,1.000,1.016,0.109,-0.016,-0.288,0.525,-0.0,0.0,15.93,-0.027,0.000,1327,1328,1330,1328
12.840,hold,1.000,1.012,0.108,-0.012,-0.288,0.530,-0.0,0.0,15.93,-0.062,0.000,1327,1328,1330,1328
12.860,hold,1.000,1.012,0.108,-0.012,-0.288,0.530,-0.0,0.0,15.93,-0.062,0.000,1327,1328,1330,1328
12.880,hold,1.000,1.019,0.108,-0.019,-0.288,0.520,-0.0,0.0,15.87,0.021,0.000,1342,1342,1344,1342
12.900,hold,1.000,1.019,0.108,-0.019,-0.289,0.520,-0.0,0.0,15.87,0.021,0.000,1342,1342,1344,1342
12.920,hold,1.000,1.019,0.114,-0.019,-0.289,0.520,-0.0,0.0,15.87,0.015,0.000,1342,1342,1344,1342
12.940,hold,1.000,1.014,0.113,-0.014,-0.290,0.527,-0.0,0.0,15.87,-0.042,0.000,1342,1342,1344,1342
12.960,hold,1.000,1.014,0.113,-0.014,-0.290,0.527,-0.0,0.0,15.87,-0.042,0.000,1342,1342,1344,1342
12.980,hold,1.000,1.009,0.110,-0.009,-0.290,0.532,-0.0,0.0,15.87,-0.073,0.000,1335,1336,1338,1335
13.000,hold,1.000,1.014,0.110,-0.014,-0.290,0.522,-0.0,0.0,15.87,0.005,0.000,1335,1336,1338,1335
13.020,hold,1.000,1.014,0.113,-0.014,-0.291,0.522,-0.0,0.0,15.87,0.005,0.000,1335,1336,1338,1335
13.040,hold,1.000,1.008,0.118,-0.008,-0.291,0.529,-0.0,0.0,15.87,-0.044,0.000,1335,1336,1338,1335
13.060,hold,1.000,1.008,0.118,-0.008,-0.291,0.529,-0.0,0.0,15.87,-0.044,0.000,1335,1336,1338,1335
13.080,hold,1.000,1.008,0.119,-0.008,-0.291,0.528,-0.0,0.0,15.87,-0.038,0.000,1340,1339,1341,1339
13.100,hold,1.000,1.008,0.119,-0.008,-0.291,0.528,-0.0,0.0,15.87,-0.038,0.000,1340,1339,1341,1339
13.120,hold,1.000,1.008,0.124,-0.008,-0.291,0.527,-0.0,0.0,15.87,-0.024,0.000,1340,1339,1341,1339
13.140,hold,1.000,1.010,0.128,-0.010,-0.292,0.524,-0.0,0.0,15.87,0.000,0.000,1340,1339,1341,1339
13.160,hold,1.000,1.010,0.128,-0.010,-0.292,0.524,-0.0,0.0,15.87,0.000,0.000,1340,1339,1341,1339
13.180,hold,1.000,1.008,0.131,-0.008,-0.292,0.526,-0.0,0.0,15.87,-0.018,0.000,1329,1329,1330,1327
13.200,hold,1.000,1.000,0.131,-0.000,-0.292,0.534,0.0,0.0,15.87,-0.084,0.000,1329,1329,1330,1327
13.220,hold,1.000,1.000,0.132,-0.000,-0.292,0.534,0.0,0.0,15.87,-0.084,0.000,1329,1329,1330,1327
13.240,hold,1.000,1.006,0.135,-0.006,-0.292,0.526,0.0,0.0,15.87,-0.015,0.000,1329,1329,1330,1327
13.260,hold,1.000,1.006,0.135,-0.006,-0.292,0.526,0.0,0.0,15.87,-0.015,0.000,1329,1329,1330,1327
13.280,hold,1.000,1.004,0.145,-0.004,-0.292,0.528,0.0,0.0,15.87,-0.024,0.000,1334,1335,1335,1332
13.300,hold,1.000,1.007,0.145,-0.007,-0.292,0.523,0.0,0.0,15.87,0.013,0.000,1334,1335,1335,1332
13.320,hold,1.000,1.007,0.150,-0.007,-0.292,0.523,0.0,0.0,15.87,0.013,0.000,1334,1335,1335,1332
13.340,hold,1.000,1.000,0.151,0.000,-0.292,0.531,0.0,0.0,15.87,-0.048,0.000,1334,1335,1335,1332
13.360,hold,1.000,1.000,0.151,0.000,-0.292,0.531,0.0,0.0,15.87,-0.048,0.000,1334,1335,1335,1332
13.380,hold,1.000,1.012,0.151,-0.012,-0.293,0.516,0.0,0.0,15.87,0.068,0.000,1345,1345,1345,1343
13.400,hold,1.000,1.006,0.151,-0.006,-0.293,0.527,0.0,0.0,15.87,-0.022,0.000,1345,1345,1345,1343
13.420,hold,1.000,1.006,0.156,-0.006,-0.293,0.527,-0.0,0.0,15.87,-0.022,0.000,1345,1345,1345,1343
13.440,hold,1.000,1.008,0.156,-0.008,-0.293,0.523,-0.0,0.0,15.87,0.005,0.000,1345,1345,1345,1343
13.460,hold,1.000,1.008,0.156,-0.008,-0.293,0.523,-0.0,0.0,15.87,0.005,0.000,1345,1345,1345,1343
13.480,hold,1.000,1.005,0.157,-0.005,-0.293,0.527,-0.0,0.0,15.87,-0.026,0.000,1328,1328,1329,1326
13.500,hold,1.000,1.007,0.157,-0.007,-0.293,0.524,-0.0,0.0,15.87,-0.000,0.000,1328,1328,1329,1326
13.520,hold,1.000,1.007,0.157,-0.007,-0.294,0.524,-0.0,0.0,15.87,-0.000,0.000,1328,1328,1329,1326
13.540,hold,1.000,1.008,0.157,-0.008,-0.294,0.523,-0.0,0.0,15.87,0.007,0.000,1328,1328,1329,1326
13.560,hold,1.000,1.012,0.157,-0.012,-0.294,0.518,-0.0,0.0,15.87,0.053,0.000,1328,1328,1329,1326
13.580,hold,1.000,1.012,0.156,-0.012,-0.294,0.518,-0.0,0.0,15.87,0.053,0.000,1327,1327,1329,1327
13.600,hold,1.000,1.005,0.156,-0.005,-0.294,0.526,-0.0,0.0,15.87,-0.017,0.000,1327,1327,1329,1327
13.620,hold,1.000,1.005,0.153,-0.005,-0.294,0.526,-0.0,0.0,15.87,-0.017,0.000,1327,1327,1329,1327
13.640,hold,1.000,1.011,0.149,-0.011,-0.295,0.519,-0.0,0.0,15.87,0.042,0.000,1327,1327,1329,1327
13.660,hold,1.000,1.011,0.149,-0.011,-0.295,0.519,-0.0,0.0,15.87,0.042,0.000,1327,1327,1329,1327
13.680,hold,1.000,1.010,0.149,-0.010,-0.295,0.521,-0.0,0.0,15.87,0.025,0.000,1317,1317,1319,1317
13.700,hold,1.000,1.009,0.149,-0.009,-0.295,0.523,-0.0,0.0,15.87,0.007,0.000,1317,1317,1319,1317
13.720,hold,1.000,1.009,0.143,-0.009,-0.295,0.523,-0.0,0.0,15.87,0.007,0.000,1317,1317,1319,1317
13.740,hold,1.000,1.011,0.139,-0.011,-0.296,0.521,-0.0,0.0,15.87,0.016,0.000,1317,1317,1319,1317
13.760,hold,1.000,1.011,0.139,-0.011,-0.296,0.521,-0.0,0.0,15.87,0.016,0.000,1317,1317,1319,1317
13.780,hold,1.000,1.012,0.136,-0.012,-0.296,0.521,-0.0,0.0,15.87,0.019,0.000,1322,1323,1325,1322
13.800,hold,1.000,1.006,0.136,-0.006,-0.296,0.529,-0.0,0.0,15.87,-0.046,0.000,1322,1323,1325,1322
13.820,hold,1.000,1.006,0.133,-0.006,-0.296,0.529,-0.0,0.0,15.87,-0.046,0.000,1322,1323,1325,1322
13.840,hold,1.000,1.012,0.130,-0.012,-0.297,0.519,-0.0,0.0,15.87,0.034,0.000,1322,1323,1325,1322
13.860,hold,1.000,1.007,0.130,-0.007,-0.297,0.526,-0.0,0.0,15.87,-0.023,0.000,1322,1323,1325,1322
13.880,hold,1.000,1.007,0.133,-0.007,-0.297,0.526,-0.0,0.0,15.87,-0.023,0.000,1318,1318,1319,1316
13.900,hold,1.000,1.008,0.133,-0.008,-0.297,0.524,-0.0,0.0,15.87,-0.003,0.000,1318,1318,1319,1316
13.920,hold,1.000,1.008,0.133,-0.008,-0.297,0.524,-0.0,0.0,15.87,-0.003,0.000,1318,1318,1319,1316
13.940,hold,1.000,1.011,0.133,-0.011,-0.297,0.521,0.0,0.0,15.87,0.019,0.000,1318,1318,1319,1316
13.960,hold,1.000,1.011,0.133,-0.011,-0.298,0.521,0.0,0.0,15.87,0.019,0.000,1318,1318,1319,1316
13.980,hold,1.000,1.007,0.131,-0.007,-0.298,0.525,0.0,0.0,15.87,-0.014,0.000,1322,1322,1323,1321
14.000,hold,1.000,1.002,0.131,-0.002,-0.298,0.530,0.0,0.0,15.87,-0.052,0.000,1322,1322,1323,1321
14.020,hold,1.000,1.002,0.128,-0.002,-0.298,0.530,0.0,0.0,15.87,-0.052,0.000,1322,1322,1323,1321
14.040,hold,1.000,1.012,0.128,-0.012,-0.298,0.517,0.0,0.0,15.87,0.056,0.000,1322,1322,1323,1321
14.060,hold,1.000,1.012,0.128,-0.012,-0.298,0.517,0.0,0.0,15.87,0.056,0.000,1322,1322,1323,1321
14.080,hold,1.000,1.009,0.131,-0.009,-0.298,0.522,0.0,0.0,15.87,0.011,0.000,1313,1313,1313,1312
14.100,hold,1.000,1.005,0.131,-0.005,-0.299,0.529,0.0,0.0,15.87,-0.047,0.000,1313,1313,1313,1312
14.120,hold,1.000,1.005,0.127,-0.005,-0.299,0.529,0.0,0.0,15.87,-0.047,0.000,1313,1313,1313,1312
14.140,hold,1.000,1.008,0.125,-0.008,-0.299,0.525,0.0,0.0,15.87,-0.016,0.000,1313,1313,1313,1312
14.160,hold,1.000,1.008,0.125,-0.008,-0.299,0.525,0.0,0.0,15.87,-0.016,0.000,1313,1313,1313,1312
14.180,hold,1.000,1.007,0.127,-0.007,-0.299,0.524,0.0,0.0,15.87,-0.011,0.000,1331,1331,1332,1329
14.200,hold,1.000,1.002,0.127,-0.002,-0.299,0.532,0.0,0.0,15.87,-0.075,0.000,1331,1331,1332,1329
14.220,hold,1.000,1.002,0.127,-0.002,-0.299,0.532,0.0,0.0,15.87,-0.075,0.000,1331,1331,1332,1329
14.240,hold,1.000,1.010,0.128,-0.010,-0.299,0.520,0.0,0.0,15.87,0.025,0.000,1331,1331,1332,1329
14.260,hold,1.000,1.010,0.128,-0.010,-0.300,0.520,0.0,0.0,15.87,0.025,0.000,1331,1331,1332,1329
14.280,hold,1.000,1.005,0.134,-0.005,-0.300,0.525,-0.0,0.0,15.87,-0.016,0.000,1320,1320,1321,1320
14.300,hold,1.000,1.009,0.134,-0.009,-0.300,0.518,-0.0,0.0,15.87,0.044,0.000,1320,1320,1321,1320
14.320,hold,1.000,1.009,0.132,-0.009,-0.300,0.518,-0.0,0.0,15.87,0.044,0.000,1320,1320,1321,1320
14.340,hold,1.000,1.008,0.130,-0.008,-0.300,0.521,-0.0,0.0,15.87,0.015,0.000,1320,1320,1321,1320
14.360,hold,1.000,1.004,0.130,-0.004,-0.300,0.526,-0.0,0.0,15.87,-0.024,0.000,1320,1320,1321,1320
14.380,hold,1.000,1.004,0.124,-0.004,-0.300,0.526,-0.0,0.0,15.87,-0.024,0.000,1323,1324,1324,1322
14.400,hold,1.000,1.007,0.124,-0.007,-0.301,0.522,-0.0,0.0,15.87,0.013,0.000,1323,1324,1324,1322
14.420,hold,1.000,1.007,0.122,-0.007,-0.301,0.522,-0.0,0.0,15.87,0.013,0.000,1323,1324,1324,1322
14.440,hold,1.000,0.999,0.121,0.001,-0.301,0.532,-0.0,0.0,15.87,-0.071,0.000,1323,1324,1324,1322
14.460,hold,1.000,1.001,0.121,-0.001,-0.301,0.527,-0.0,0.0,15.87,-0.021,0.000,1323,1324,1324,1322
14.480,hold,1.000,1.001,0.120,-0.001,-0.301,0.527,-0.0,0.0,15.87,-0.021,0.000,1348,1348,1348,1347
14.500,hold,1.000,1.009,0.120,-0.009,-0.301,0.518,-0.0,0.0,15.87,0.045,0.000,1348,1348,1348,1347
14.520,hold,1.000,1.009,0.125,-0.009,-0.301,0.518,-0.0,-0.0,15.87,0.045,0.000,1348,1348,1348,1347
14.540,hold,1.000,1.003,0.125,-0.003,-0.301,0.525,-0.0,-0.0,15.87,-0.013,0.000,1348,1348,1348,1347
14.560,hold,1.000,1.002,0.125,-0.002,-0.301,0.527,-0.0,-0.0,15.87,-0.021,0.000,1348,1348,1348,1347
14.580,hold,1.000,1.002,0.121,-0.002,-0.301,0.527,-0.0,-0.0,15.87,-0.021,0.000,1334,1335,1336,1333
14.600,hold,1.000,0.999,0.121,0.001,-0.301,0.529,-0.0,0.0,15.87,-0.041,0.000,1334,1335,1336,1333
14.620,hold,1.000,1.004,0.121,-0.004,-0.301,0.521,-0.0,0.0,15.87,0.027,0.000,1334,1335,1336,1333
14.640,hold,1.000,1.004,0.123,-0.004,-0.301,0.521,-0.0,0.0,15.87,0.027,0.000,1334,1335,1336,1333
14.660,hold,1.000,1.001,0.123,-0.001,-0.301,0.525,-0.0,0.0,15.87,-0.002,0.000,1334,1335,1336,1333
14.680,hold,1.000,1.001,0.123,-0.001,-0.301,0.525,-0.0,0.0,15.87,-0.002,0.000,1331,1330,1331,1329
14.700,hold,1.000,0.996,0.123,0.004,-0.301,0.532,-0.0,0.0,15.87,-0.061,0.000,1331,1330,1331,1329
14.720,hold,1.000,1.004,0.121,-0.004,-0.301,0.522,-0.0,0.0,15.87,0.021,0.000,1331,1330,1331,1329
14.740,hold,1.000,1.004,0.123,-0.004,-0.301,0.522,-0.0,-0.0,15.87,0.021,0.000,1331,1330,1331,1329
14.760,hold,1.000,1.000,0.123,-0.000,-0.301,0.527,-0.0,-0.0,15.87,-0.019,0.000,1331,1330,1331,1329
14.780,hold,1.000,1.000,0.124,-0.000,-0.301,0.527,-0.0,-0.0,15.87,-0.019,0.000,1324,1324,1325,1322
14.800,hold,1.000,1.006,0.124,-0.006,-0.302,0.519,-0.0,-0.0,15.87,0.040,0.000,1324,1324,1325,1322
14.820,hold,1.000,1.002,0.124,-0.002,-0.302,0.527,-0.0,0.0,15.87,-0.023,0.000,1324,1324,1325,1322
14.840,hold,1.000,1.002,0.124,-0.002,-0.302,0.527,-0.0,0.0,15.87,-0.023,0.000,1324,1324,1325,1322
14.860,hold,1.000,1.000,0.124,0.000,-0.302,0.528,-0.0,-0.0,15.87,-0.035,0.000,1324,1324,1325,1322
14.880,hold,1.000,1.000,0.124,0.000,-0.302,0.528,-0.0,-0.0,15.84,-0.035,0.000,1335,1335,1336,1334
14.900,hold,1.000,0.998,0.124,0.002,-0.302,0.529,-0.0,-0.0,15.84,-0.034,0.000,1335,1335,1336,1334
14.920,hold,1.000,0.998,0.127,0.002,-0.302,0.529,-0.0,-0.0,15.84,-0.034,0.000,1335,1335,1336,1334
14.940,hold,1.000,1.000,0.130,-0.000,-0.302,0.526,-0.0,-0.0,15.84,-0.010,0.000,1335,1335,1336,1334
14.960,hold,1.000,0.996,0.130,0.004,-0.301,0.532,-0.0,-0.0,15.84,-0.058,0.000,1335,1335,1336,1334
14.980,hold,1.000,0.996,0.133,0.004,-0.301,0.532,-0.0,-0.0,15.84,-0.058,0.000,1334,1333,1334,1331
15.000,hold,1.000,0.993,0.133,0.007,-0.301,0.533,-0.0,-0.0,15.84,-0.069,0.000,1334,1333,1334,1331
15.020,hold,1.000,0.996,0.137,0.004,-0.301,0.527,-0.0,-0.0,15.84,-0.015,0.000,1334,1333,1334,1331
15.040,hold,1.000,0.996,0.145,0.004,-0.301,0.527,-0.0,-0.0,15.84,-0.015,0.000,1334,1333,1334,1331
15.060,hold,1.000,1.002,0.145,-0.002,-0.301,0.521,-0.0,-0.0,15.84,0.039,0.000,1334,1333,1334,1331
15.080,hold,1.000,0.999,0.152,0.001,-0.301,0.525,-0.0,-0.0,15.84,0.000,0.000,1336,1337,1337,1335
15.100,hold,1.000,0.999,0.152,0.001,-0.301,0.525,-0.0,-0.0,15.84,0.000,0.000,1336,1337,1337,1335
15.120,hold,1.000,1.005,0.154,-0.005,-0.301,0.519,-0.0,-0.0,15.84,0.047,0.000,1336,1337,1337,1335
15.140,hold,1.000,1.005,0.154,-0.005,-0.301,0.519,-0.0,-0.0,15.84,0.047,0.000,1336,1337,1337,1335
15.160,hold,1.000,1.000,0.154,-0.000,-0.301,0.527,-0.0,-0.0,15.84,-0.019,0.000,1336,1337,1337,1335
15.180,hold,1.000,1.000,0.152,-0.000,-0.301,0.527,-0.0,-0.0,15.84,-0.019,0.000,1317,1318,1319,1317
15.200,hold,1.000,1.008,0.152,-0.008,-0.301,0.518,-0.0,-0.0,15.84,0.050,0.000,1317,1318,1319,1317
15.220,hold,1.000,1.008,0.150,-0.008,-0.302,0.520,-0.0,-0.0,15.84,0.027,0.000,1317,1318,1319,1317
15.240,hold,1.000,1.008,0.150,-0.008,-0.302,0.520,-0.0,-0.0,15.84,0.027,0.000,1317,1318,1319,1317
15.260,hold,1.000,1.009,0.150,-0.009,-0.302,0.520,-0.0,-0.0,15.84,0.027,0.000,1317,1318,1319,1317
15.280,hold,1.000,1.013,0.147,-0.013,-0.302,0.515,-0.0,-0.0,15.84,0.065,0.000,1320,1320,1322,1319
15.300,hold,1.000,1.013,0.147,-0.013,-0.302,0.515,-0.0,-0.0,15.84,0.065,0.000,1320,1320,1322,1319
15.320,hold,1.000,1.006,0.140,-0.006,-0.303,0.524,-0.0,-0.0,15.84,-0.014,0.000,1320,1320,1322,1319
15.340,hold,1.000,1.006,0.132,-0.006,-0.303,0.524,-0.0,-0.0,15.84,-0.014,0.000,1320,1320,1322,1319
15.360,hold,1.000,1.013,0.132,-0.013,-0.303,0.517,-0.0,-0.0,15.84,0.046,0.000,1320,1320,1322,1319
15.380,hold,1.000,1.007,0.128,-0.007,-0.303,0.526,-0.0,-0.0,15.84,-0.029,0.000,1330,1330,1331,1329
15.400,hold,1.000,1.007,0.128,-0.007,-0.303,0.526,-0.0,-0.0,15.84,-0.029,0.000,1330,1330,1331,1329
15.420,hold,1.000,1.006,0.125,-0.006,-0.303,0.526,-0.0,0.0,15.84,-0.028,0.000,1330,1330,1331,1329
15.441,hold,1.000,1.006,0.124,-0.006,-0.303,0.526,-0.0,0.0,15.84,-0.028,0.000,1330,1330,1331,1329
15.460,hold,1.000,1.003,0.124,-0.003,-0.304,0.528,-0.0,0.0,15.84,-0.042,0.000,1330,1330,1331,1329
15.480,hold,1.000,1.010,0.125,-0.010,-0.304,0.518,-0.0,0.0,15.84,0.037,0.000,1333,1333,1335,1331
15.500,hold,1.000,1.010,0.125,-0.010,-0.304,0.518,-0.0,0.0,15.84,0.037,0.000,1333,1333,1335,1331
15.520,hold,1.000,1.004,0.127,-0.004,-0.304,0.528,-0.0,-0.0,15.84,-0.042,0.000,1333,1333,1335,1331
15.540,hold,1.000,1.009,0.124,-0.009,-0.304,0.520,-0.0,-0.0,15.84,0.021,0.000,1333,1333,1335,1331
15.560,hold,1.000,1.009,0.124,-0.009,-0.304,0.520,-0.0,-0.0,15.84,0.021,0.000,1333,1333,1335,1331
15.580,hold,1.000,1.003,0.123,-0.003,-0.304,0.527,-0.0,-0.0,15.84,-0.032,0.000,1320,1320,1321,1318
15.600,hold,1.000,1.003,0.123,-0.003,-0.304,0.527,-0.0,-0.0,15.84,-0.032,0.000,1320,1320,1321,1318
15.620,hold,1.000,1.002,0.120,-0.002,-0.305,0.526,-0.0,-0.0,15.84,-0.027,0.000,1320,1320,1321,1318
15.640,hold,1.000,1.005,0.120,-0.005,-0.305,0.522,-0.0,-0.0,15.84,0.007,0.000,1320,1320,1321,1318
15.660,hold,1.000,1.005,0.120,-0.005,-0.305,0.522,-0.0,-0.0,15.84,0.007,0.000,1320,1320,1321,1318
15.680,hold,1.000,1.008,0.122,-0.008,-0.305,0.519,-0.0,-0.0,15.84,0.033,0.000,1325,1325,1326,1324
15.700,hold,1.000,1.008,0.122,-0.008,-0.305,0.519,-0.0,-0.0,15.84,0.033,0.000,1325,1325,1326,1324
15.720,hold,1.000,1.004,0.120,-0.004,-0.305,0.525,-0.0,-0.0,15.84,-0.022,0.000,1325,1325,1326,1324
15.740,hold,1.000,1.005,0.116,-0.005,-0.305,0.523,0.0,0.0,15.84,-0.003,0.000,1325,1325,1326,1324
15.760,hold,1.000,1.005,0.116,-0.005,-0.305,0.523,0.0,0.0,15.84,-0.003,0.000,1325,1325,1326,1324
15.780,hold,1.000,1.005,0.114,-0.005,-0.305,0.523,0.0,0.0,15.84,-0.001,0.000,1327,1328,1328,1325
15.800,hold,1.000,1.005,0.114,-0.005,-0.306,0.523,0.0,0.0,15.84,-0.001,0.000,1327,1328,1328,1325
15.820,hold,1.000,1.004,0.112,-0.004,-0.306,0.524,0.0,0.0,15.84,-0.012,0.000,1327,1328,1328,1325
15.840,hold,1.000,1.004,0.110,-0.004,-0.306,0.524,0.0,0.0,15.84,-0.012,0.000,1327,1328,1328,1325
15.860,hold,1.000,0.994,0.110,0.006,-0.306,0.535,0.0,0.0,15.84,-0.094,0.000,1327,1328,1328,1325
15.880,hold,1.000,0.999,0.109,0.001,-0.306,0.526,0.0,0.0,15.84,-0.015,0.000,1354,1355,1354,1352
15.900,hold,1.000,0.999,0.109,0.001,-0.306,0.526,0.0,0.0,15.84,-0.015,0.000,1354,1355,1354,1352
15.920,hold,1.000,0.998,0.113,0.002,-0.306,0.527,0.0,0.0,15.84,-0.024,0.000,1354,1355,1354,1352
15.940,hold,1.000,1.001,0.117,-0.001,-0.306,0.522,0.0,0.0,15.84,0.015,0.000,1354,1355,1354,1352
15.960,hold,1.000,1.001,0.117,-0.001,-0.306,0.522,0.0,-0.0,15.84,0.015,0.000,1354,1355,1354,1352
15.980,hold,1.000,1.004,0.119,-0.004,-0.306,0.520,0.0,-0.0,15.84,0.030,0.000,1326,1326,1325,1324
16.000,hold,1.000,1.004,0.119,-0.004,-0.306,0.520,0.0,-0.0,15.84,0.030,0.000,1326,1326,1325,1324
16.020,hold,1.000,0.994,0.118,0.006,-0.306,0.533,0.0,-0.0,15.84,-0.075,0.000,1326,1326,1325,1324
16.040,hold,1.000,0.997,0.114,0.003,-0.306,0.527,0.0,0.0,15.84,-0.019,0.000,1326,1326,1325,1324
16.060,hold,1.000,0.997,0.114,0.003,-0.305,0.527,0.0,-0.0,15.84,-0.019,0.000,1326,1326,1325,1324
16.080,hold,1.000,0.995,0.116,0.005,-0.305,0.528,0.0,-0.0,15.84,-0.029,0.000,1336,1336,1336,1333
16.100,hold,1.000,0.995,0.116,0.005,-0.305,0.528,0.0,-0.0,15.84,-0.029,0.000,1336,1336,1336,1333
16.120,hold,1.000,0.995,0.120,0.005,-0.305,0.528,0.0,-0.0,15.84,-0.021,0.000,1336,1336,1336,1333
16.140,hold,1.000,0.991,0.124,0.009,-0.305,0.533,0.0,0.0,15.84,-0.064,0.000,1336,1336,1336,1333
16.160,hold,1.000,0.991,0.124,0.009,-0.305,0.533,0.0,0.0,15.84,-0.064,0.000,1336,1336,1336,1333
16.180,hold,1.000,0.997,0.128,0.003,-0.305,0.525,0.0,0.0,15.84,-0.001,0.000,1349,1350,1350,1347
16.200,hold,1.000,0.997,0.128,0.003,-0.305,0.525,0.0,0.0,15.84,-0.001,0.000,1349,1350,1350,1347
16.220,hold,1.000,0.996,0.135,0.004,-0.305,0.526,0.0,0.0,15.84,-0.010,0.000,1349,1350,1350,1347
16.240,hold,1.000,0.995,0.139,0.005,-0.305,0.527,0.0,0.0,15.84,-0.015,0.000,1349,1350,1350,1347
16.260,hold,1.000,0.995,0.139,0.005,-0.304,0.527,0.0,0.0,15.84,-0.015,0.000,1349,1350,1350,1347
16.280,hold,1.000,0.998,0.141,0.002,-0.304,0.523,0.0,0.0,15.84,0.017,0.000,1336,1336,1337,1335
16.300,hold,1.000,0.998,0.141,0.002,-0.304,0.523,0.0,0.0,15.84,0.017,0.000,1336,1336,1337,1335
16.320,hold,1.000,0.996,0.143,0.004,-0.304,0.526,0.0,0.0,15.84,-0.004,0.000,1336,1336,1337,1335
16.340,hold,1.000,0.995,0.143,0.005,-0.304,0.527,0.0,0.0,15.84,-0.011,0.000,1336,1336,1337,1335
16.360,hold,1.000,0.995,0.143,0.005,-0.304,0.527,0.0,0.0,15.84,-0.011,0.000,1336,1336,1337,1335
16.380,hold,1.000,1.004,0.143,-0.004,-0.304,0.518,0.0,0.0,15.84,0.055,0.000,1335,1334,1337,1334
16.400,hold,1.000,1.005,0.143,-0.005,-0.304,0.518,0.0,0.0,15.84,0.048,0.000,1335,1334,1337,1334
16.420,hold,1.000,1.005,0.145,-0.005,-0.304,0.518,0.0,0.0,15.84,0.048,0.000,1335,1334,1337,1334
16.440,hold,1.000,0.997,0.143,0.003,-0.304,0.528,0.0,0.0,15.84,-0.027,0.000,1335,1334,1337,1334
16.460,hold,1.000,0.997,0.143,0.003,-0.304,0.528,0.0,0.0,15.84,-0.027,0.000,1335,1334,1337,1334
16.480,hold,1.000,1.000,0.138,0.000,-0.304,0.524,0.0,0.0,15.84,0.007,0.000,1337,1337,1340,1337
16.500,hold,1.000,0.996,0.138,0.004,-0.304,0.528,0.0,0.0,15.84,-0.029,0.000,1337,1337,1340,1337
16.520,hold,1.000,0.996,0.141,0.004,-0.304,0.528,0.0,0.0,15.84,-0.029,0.000,1337,1337,1340,1337
16.540,hold,1.000,1.000,0.143,-0.000,-0.304,0.522,0.0,0.0,15.84,0.018,0.000,1337,1337,1340,1337
16.560,hold,1.000,1.000,0.143,-0.000,-0.304,0.522,0.0,0.0,15.84,0.018,0.000,1337,1337,1340,1337
16.580,hold,1.000,0.994,0.146,0.006,-0.304,0.530,0.0,0.0,15.84,-0.042,0.000,1324,1325,1328,1325
16.600,hold,1.000,1.003,0.146,-0.003,-0.304,0.518,0.0,0.0,15.84,0.059,0.000,1324,1325,1328,1325
16.620,hold,1.000,1.003,0.146,-0.003,-0.304,0.518,0.0,0.0,15.84,0.059,0.000,1324,1325,1328,1325
16.640,hold,1.000,1.004,0.148,-0.004,-0.304,0.518,0.0,0.0,15.84,0.050,0.000,1324,1325,1328,1325
16.660,hold,1.000,1.004,0.148,-0.004,-0.304,0.518,0.0,0.0,15.84,0.050,0.000,1324,1325,1328,1325
16.680,hold,1.000,1.005,0.144,-0.005,-0.304,0.520,0.0,0.0,15.84,0.037,0.000,1316,1316,1318,1315
16.700,hold,1.000,0.997,0.144,0.003,-0.304,0.530,0.0,0.0,15.84,-0.053,0.000,1316,1316,1318,1315
16.720,hold,1.000,0.997,0.137,0.003,-0.304,0.530,0.0,0.0,15.84,-0.053,0.000,1316,1316,1318,1315
16.740,hold,1.000,1.005,0.136,-0.005,-0.304,0.519,0.0,0.0,15.84,0.038,0.000,1316,1316,1318,1315
16.760,hold,1.000,1.005,0.136,-0.005,-0.304,0.519,0.0,0.0,15.84,0.038,0.000,1316,1316,1318,1315
16.780,hold,1.000,0.998,0.140,0.002,-0.304,0.528,0.0,0.0,15.84,-0.035,0.000,1317,1319,1319,1317
16.800,hold,1.000,1.004,0.140,-0.004,-0.305,0.521,0.0,0.0,15.84,0.027,0.000,1317,1319,1319,1317
16.820,hold,1.000,1.004,0.137,-0.004,-0.305,0.521,0.0,0.0,15.84,0.027,0.000,1317,1319,1319,1317
16.840,hold,1.000,1.004,0.137,-0.004,-0.305,0.522,0.0,0.0,15.84,0.012,0.000,1317,1319,1319,1317
16.860,hold,1.000,0.999,0.137,0.001,-0.305,0.529,0.0,0.0,15.84,-0.042,0.000,1317,1319,1319,1317
16.880,hold,1.000,0.999,0.135,0.001,-0.305,0.529,0.0,0.0,15.84,-0.042,0.000,1325,1325,1326,1324
16.900,hold,1.000,1.009,0.135,-0.009,-0.305,0.517,0.0,0.0,15.84,0.055,0.000,1325,1325,1326,1324
16.920,hold,1.000,1.009,0.134,-0.009,-0.305,0.517,0.0,0.0,15.84,0.055,0.000,1325,1325,1326,1324
16.940,hold,1.000,1.003,0.135,-0.003,-0.305,0.524,0.0,0.0,15.84,-0.002,0.000,1325,1325,1326,1324
16.960,hold,1.000,1.003,0.135,-0.003,-0.305,0.524,0.0,0.0,15.84,-0.002,0.000,1325,1325,1326,1324
16.980,hold,1.000,1.005,0.129,-0.005,-0.305,0.521,0.0,0.0,15.84,0.015,0.000,1328,1329,1329,1326
17.000,hold,1.000,1.001,0.129,-0.001,-0.305,0.527,0.0,0.0,15.84,-0.029,0.000,1328,1329,1329,1326
17.020,hold,1.000,1.001,0.127,-0.001,-0.305,0.527,0.0,0.0,15.84,-0.029,0.000,1328,1329,1329,1326
17.040,hold,1.000,1.002,0.125,-0.002,-0.305,0.524,0.0,0.0,15.84,-0.006,0.000,1328,1329,1329,1326
17.060,hold,1.000,1.002,0.125,-0.002,-0.305,0.524,0.0,0.0,15.84,-0.006,0.000,1328,1329,1329,1326
17.080,hold,1.000,1.003,0.127,-0.003,-0.305,0.523,0.0,0.0,15.84,0.006,0.000,1330,1330,1331,1328
17.100,hold,1.000,0.999,0.127,0.001,-0.305,0.528,0.0,0.0,15.84,-0.036,0.000,1330,1330,1331,1328
17.120,hold,1.000,0.999,0.127,0.001,-0.305,0.528,0.0,0.0,15.84,-0.036,0.000,1330,1330,1331,1328
17.140,hold,1.000,0.998,0.127,0.002,-0.305,0.529,0.0,0.0,15.84,-0.041,0.000,1330,1330,1331,1328
17.160,hold,1.000,1.006,0.127,-0.006,-0.305,0.518,0.0,0.0,15.84,0.041,0.000,1330,1330,1331,1328
17.180,hold,1.000,1.006,0.130,-0.006,-0.306,0.518,0.0,0.0,15.84,0.041,0.000,1340,1341,1340,1338
17.200,hold,1.000,0.997,0.130,0.003,-0.306,0.530,0.0,0.0,15.84,-0.047,0.000,1340,1341,1340,1338
17.220,hold,1.000,0.997,0.131,0.003,-0.305,0.530,0.0,0.0,15.84,-0.047,0.000,1340,1341,1340,1338
17.240,hold,1.000,0.997,0.129,0.003,-0.305,0.528,0.0,0.0,15.84,-0.030,0.000,1340,1341,1340,1338
17.260,hold,1.000,1.001,0.129,-0.001,-0.305,0.523,0.0,0.0,15.84,0.011,0.000,1340,1341,1340,1338
17.280,hold,1.000,1.001,0.133,-0.001,-0.305,0.523,0.0,0.0,15.84,0.011,0.000,1337,1338,1339,1336
17.300,hold,1.000,1.005,0.133,-0.005,-0.306,0.518,-0.0,0.0,15.84,0.045,0.000,1337,1338,1339,1336
17.320,hold,1.000,1.005,0.136,-0.005,-0.306,0.518,-0.0,0.0,15.84,0.045,0.000,1337,1338,1339,1336
17.340,hold,1.000,0.999,0.134,0.001,-0.306,0.527,0.0,0.0,15.84,-0.023,0.000,1337,1338,1339,1336
17.360,hold,1.000,0.999,0.134,0.001,-0.306,0.527,0.0,0.0,15.84,-0.023,0.000,1337,1338,1339,1336
17.380,hold,1.000,1.001,0.130,-0.001,-0.306,0.523,0.0,0.0,15.84,0.004,0.000,1335,1335,1337,1334
17.400,hold,1.000,1.001,0.130,-0.001,-0.306,0.523,0.0,0.0,15.84,0.007,0.000,1335,1335,1337,1334
17.420,hold,1.000,1.001,0.131,-0.001,-0.306,0.523,0.0,0.0,15.84,0.007,0.000,1335,1335,1337,1334
17.440,hold,1.000,0.996,0.130,0.004,-0.306,0.531,0.0,0.0,15.84,-0.054,0.000,1335,1335,1337,1334
17.460,hold,1.000,1.002,0.130,-0.002,-0.306,0.521,0.0,0.0,15.84,0.021,0.000,1335,1335,1337,1334
17.480,hold,1.000,1.002,0.129,-0.002,-0.306,0.521,0.0,0.0,15.84,0.021,0.000,1344,1344,1345,1343
17.500,hold,1.000,0.997,0.129,0.003,-0.306,0.529,0.0,0.0,15.84,-0.036,0.000,1344,1344,1345,1343
17.520,hold,1.000,0.997,0.131,0.003,-0.306,0.529,0.0,0.0,15.84,-0.036,0.000,1344,1344,1345,1343
17.540,hold,1.000,0.997,0.131,0.003,-0.305,0.527,0.0,0.0,15.84,-0.025,0.000,1344,1344,1345,1343
17.560,hold,1.000,1.002,0.131,-0.002,-0.306,0.521,0.0,0.0,15.84,0.028,0.000,1344,1344,1345,1343
17.580,hold,1.000,1.002,0.134,-0.002,-0.306,0.521,0.0,0.0,15.84,0.028,0.000,1337,1337,1338,1335
17.600,hold,1.000,0.998,0.134,0.002,-0.306,0.527,0.0,0.0,15.84,-0.028,0.000,1337,1337,1338,1335
17.620,hold,1.000,0.998,0.135,0.002,-0.305,0.527,0.0,0.0,15.84,-0.028,0.000,1337,1337,1338,1335
17.640,hold,1.000,1.001,0.133,-0.001,-0.306,0.524,0.0,0.0,15.84,0.000,0.000,1337,1337,1338,1335
17.660,hold,1.000,1.001,0.133,-0.001,-0.306,0.524,0.0,0.0,15.84,-0.001,0.000,1337,1337,1338,1335
17.680,hold,1.000,1.001,0.135,-0.001,-0.306,0.524,0.0,0.0,15.84,-0.001,0.000,1329,1329,1330,1328
17.700,hold,1.000,1.001,0.135,-0.001,-0.306,0.524,0.0,0.0,15.84,-0.001,0.000,1329,1329,1330,1328
17.720,hold,1.000,1.001,0.135,-0.001,-0.306,0.524,0.0,0.0,15.84,-0.001,0.000,1329,1329,1330,1328
17.740,hold,1.000,1.004,0.135,-0.004,-0.306,0.521,0.0,0.0,15.84,0.024,0.000,1329,1329,1330,1328
17.760,hold,1.000,1.003,0.135,-0.003,-0.306,0.522,0.0,0.0,15.84,0.011,0.000,1329,1329,1330,1328
17.780,hold,1.000,1.003,0.134,-0.003,-0.306,0.522,0.0,0.0,15.84,0.011,0.000,1325,1326,1327,1324
17.800,hold,1.000,1.001,0.134,-0.001,-0.306,0.525,0.0,0.0,15.84,-0.011,0.000,1325,1326,1327,1324
17.820,hold,1.000,1.002,0.132,-0.002,-0.306,0.524,0.0,0.0,15.84,-0.003,0.000,1325,1326,1327,1324
17.840,hold,1.000,1.002,0.130,-0.002,-0.306,0.524,0.0,0.0,15.84,-0.003,0.000,1325,1326,1327,1324
17.860,hold,1.000,1.002,0.130,-0.002,-0.306,0.523,0.0,0.0,15.84,0.004,0.000,1325,1326,1327,1324
17.880,hold,1.000,1.002,0.130,-0.002,-0.306,0.523,0.0,0.0,15.84,0.004,0.000,1329,1330,1330,1327
17.900,hold,1.000,1.001,0.130,-0.001,-0.306,0.524,0.0,0.0,15.84,-0.003,0.000,1329,1330,1330,1327
17.920,hold,1.000,1.000,0.129,0.000,-0.306,0.526,0.0,0.0,15.84,-0.021,0.000,1329,1330,1330,1327
17.940,hold,1.000,1.000,0.127,0.000,-0.306,0.526,0.0,0.0,15.84,-0.021,0.000,1329,1330,1330,1327
17.960,hold,1.000,1.001,0.127,-0.001,-0.306,0.525,0.0,0.0,15.84,-0.008,0.000,1329,1330,1330,1327
17.980,hold,1.000,1.001,0.128,-0.001,-0.306,0.525,0.0,0.0,15.84,-0.008,0.000,1334,1335,1335,1332
18.000,hold,1.000,0.996,0.128,0.004,-0.306,0.531,0.0,0.0,15.84,-0.058,0.000,1334,1335,1335,1332
18.020,hold,1.000,0.996,0.129,0.004,-0.306,0.529,0.0,0.0,15.84,-0.039,0.000,1334,1335,1335,1332
18.040,hold,1.000,0.996,0.130,0.004,-0.306,0.529,0.0,0.0,15.84,-0.039,0.000,1334,1335,1335,1332
18.060,hold,1.000,1.001,0.130,-0.001,-0.306,0.521,0.0,0.0,15.84,0.026,0.000,1334,1335,1335,1332
18.080,hold,1.000,1.001,0.135,-0.001,-0.306,0.521,0.0,0.0,15.84,0.026,0.000,1341,1341,1341,1339
18.100,hold,1.000,0.998,0.135,0.002,-0.306,0.525,0.0,0.0,15.84,-0.005,0.000,1341,1341,1341,1339
18.120,hold,1.000,0.997,0.138,0.003,-0.306,0.526,0.0,0.0,15.84,-0.015,0.000,1341,1341,1341,1339
18.140,hold,1.000,0.997,0.137,0.003,-0.306,0.526,0.0,0.0,15.84,-0.015,0.000,1341,1341,1341,1339
18.160,hold,1.000,1.001,0.137,-0.001,-0.306,0.522,0.0,0.0,15.84,0.022,0.000,1341,1341,1341,1339
18.180,hold,1.000,1.001,0.138,-0.001,-0.306,0.522,0.0,0.0,15.84,0.022,0.000,1335,1334,1336,1333
18.200,hold,1.000,1.001,0.138,-0.001,-0.306,0.523,0.0,0.0,15.84,0.013,0.000,1335,1334,1336,1333
18.220,hold,1.000,0.997,0.137,0.003,-0.306,0.529,0.0,0.0,15.84,-0.036,0.000,1335,1334,1336,1333
18.240,hold,1.000,0.997,0.135,0.003,-0.305,0.529,0.0,0.0,15.84,-0.036,0.000,1335,1334,1336,1333
18.260,hold,1.000,0.999,0.135,0.001,-0.305,0.524,0.0,0.0,15.84,-0.001,0.000,1335,1334,1336,1333
18.280,hold,1.000,1.004,0.136,-0.004,-0.306,0.519,0.0,0.0,15.84,0.040,0.000,1329,1330,1331,1329
18.300,hold,1.000,1.004,0.136,-0.004,-0.306,0.519,0.0,0.0,15.84,0.040,0.000,1329,1330,1331,1329
18.320,hold,1.000,0.998,0.138,0.002,-0.306,0.527,0.0,0.0,15.84,-0.023,0.000,1329,1330,1331,1329
18.340,hold,1.000,0.998,0.135,0.002,-0.306,0.527,-0.0,0.0,15.84,-0.023,0.000,1329,1330,1331,1329
18.360,hold,1.000,0.998,0.135,0.002,-0.306,0.526,-0.0,0.0,15.84,-0.018,0.000,1329,1330,1331,1329
18.380,hold,1.000,0.998,0.136,0.002,-0.305,0.526,-0.0,0.0,15.84,-0.018,0.000,1334,1335,1338,1336
18.400,hold,1.000,0.997,0.136,0.003,-0.305,0.528,-0.0,0.0,15.84,-0.025,0.000,1334,1335,1338,1336
18.420,hold,1.000,0.994,0.137,0.006,-0.305,0.531,-0.0,0.0,15.84,-0.047,0.000,1334,1335,1338,1336
18.440,hold,1.000,0.994,0.138,0.006,-0.305,0.531,-0.0,0.0,15.84,-0.047,0.000,1334,1335,1338,1336
18.460,hold,1.000,0.998,0.138,0.002,-0.305,0.523,-0.0,0.0,15.84,0.020,0.000,1334,1335,1338,1336
18.480,hold,1.000,1.000,0.142,0.000,-0.305,0.522,-0.0,0.0,15.84,0.026,0.000,1343,1343,1346,1344
18.500,hold,1.000,1.000,0.142,0.000,-0.305,0.522,-0.0,0.0,15.84,0.026,0.000,1343,1343,1346,1344
18.520,hold,1.000,0.995,0.146,0.005,-0.305,0.528,-0.0,0.0,15.84,-0.024,0.000,1343,1343,1346,1344
18.540,hold,1.000,0.995,0.144,0.005,-0.305,0.528,-0.0,0.0,15.84,-0.024,0.000,1343,1343,1346,1344
18.560,hold,1.000,0.994,0.144,0.006,-0.305,0.528,-0.0,0.0,15.84,-0.024,0.000,1343,1343,1346,1344
18.580,hold,1.000,0.994,0.146,0.006,-0.305,0.528,-0.0,0.0,15.84,-0.024,0.000,1337,1338,1340,1338
18.600,hold,1.000,0.995,0.146,0.005,-0.305,0.527,-0.0,0.0,15.84,-0.013,0.000,1337,1338,1340,1338
18.620,hold,1.000,1.002,0.149,-0.002,-0.305,0.518,-0.0,0.0,15.84,0.054,0.000,1337,1338,1340,1338
18.640,hold,1.000,1.002,0.152,-0.002,-0.305,0.518,-0.0,0.0,15.84,0.054,0.000,1337,1338,1340,1338
18.660,hold,1.000,0.996,0.152,0.004,-0.305,0.528,-0.0,0.0,15.84,-0.029,0.000,1337,1338,1340,1338
18.680,hold,1.000,1.001,0.152,-0.001,-0.305,0.522,-0.0,0.0,15.84,0.021,0.000,1338,1338,1340,1338
18.700,hold,1.000,1.001,0.152,-0.001,-0.305,0.522,-0.0,0.0,15.84,0.021,0.000,1338,1338,1340,1338
18.720,hold,1.000,1.001,0.151,-0.001,-0.305,0.522,-0.0,0.0,15.84,0.020,0.000,1338,1338,1340,1338
18.740,hold,1.000,1.001,0.150,-0.001,-0.305,0.522,-0.0,0.0,15.84,0.020,0.000,1338,1338,1340,1338
18.760,hold,1.000,0.998,0.150,0.002,-0.305,0.527,0.0,0.0,15.84,-0.019,0.000,1338,1338,1340,1338
18.780,hold,1.000,1.004,0.148,-0.004,-0.305,0.520,0.0,0.0,15.84,0.032,0.000,1324,1325,1326,1323
18.800,hold,1.000,1.004,0.148,-0.004,-0.305,0.520,0.0,0.0,15.84,0.032,0.000,1324,1325,1326,1323
18.820,hold,1.000,0.999,0.147,0.001,-0.305,0.528,0.0,0.0,15.84,-0.030,0.000,1324,1325,1326,1323
18.840,hold,1.000,1.002,0.145,-0.002,-0.305,0.523,0.0,0.0,15.84,0.005,0.000,1324,1325,1326,1323
18.860,hold,1.000,1.002,0.145,-0.002,-0.305,0.523,0.0,0.0,15.84,0.005,0.000,1324,1325,1326,1323
18.880,hold,1.000,1.006,0.144,-0.006,-0.305,0.519,0.0,0.0,15.84,0.038,0.000,1327,1328,1329,1326
18.900,hold,1.000,1.006,0.144,-0.006,-0.305,0.519,0.0,0.0,15.84,0.038,0.000,1327,1328,1329,1326
18.920,hold,1.000,1.001,0.143,-0.001,-0.305,0.526,0.0,0.0,15.84,-0.024,0.000,1327,1328,1329,1326
18.940,hold,1.000,1.006,0.138,-0.006,-0.305,0.520,0.0,0.0,15.84,0.030,0.000,1327,1328,1329,1326
18.960,hold,1.000,1.006,0.138,-0.006,-0.305,0.520,0.0,0.0,15.84,0.030,0.000,1327,1328,1329,1326
18.980,hold,1.000,1.000,0.135,0.000,-0.305,0.528,0.0,0.0,15.84,-0.035,0.000,1319,1320,1320,1318
19.000,hold,1.000,1.000,0.135,0.000,-0.305,0.528,0.0,0.0,15.84,-0.035,0.000,1319,1320,1320,1318
19.020,hold,1.000,1.003,0.131,-0.003,-0.305,0.523,0.0,0.0,15.84,0.005,0.000,1319,1320,1320,1318
19.040,hold,1.000,1.003,0.131,-0.003,-0.305,0.523,0.0,0.0,15.84,0.005,0.000,1319,1320,1320,1318
19.060,hold,1.000,1.000,0.131,-0.000,-0.305,0.526,-0.0,0.0,15.84,-0.022,0.000,1319,1320,1320,1318
19.080,hold,1.000,1.001,0.131,-0.001,-0.305,0.525,-0.0,0.0,15.84,-0.011,0.000,1327,1327,1327,1325
19.100,hold,1.000,1.001,0.131,-0.001,-0.305,0.525,-0.0,0.0,15.84,-0.011,0.000,1327,1327,1327,1325
19.120,hold,1.000,1.002,0.130,-0.002,-0.305,0.523,-0.0,0.0,15.84,0.005,0.000,1327,1327,1327,1325
19.140,hold,1.000,1.004,0.130,-0.004,-0.306,0.521,-0.0,0.0,15.84,0.020,0.000,1327,1327,1327,1325
19.160,hold,1.000,1.004,0.130,-0.004,-0.306,0.521,-0.0,0.0,15.84,0.020,0.000,1327,1327,1327,1325
19.180,hold,1.000,1.003,0.129,-0.003,-0.306,0.523,-0.0,0.0,15.84,0.006,0.000,1322,1324,1324,1322
19.200,hold,1.000,1.003,0.129,-0.003,-0.306,0.523,-0.0,0.0,15.84,0.006,0.000,1322,1324,1324,1322
19.220,hold,1.000,1.002,0.125,-0.002,-0.306,0.524,-0.0,0.0,15.84,-0.005,0.000,1322,1324,1324,1322
19.240,hold,1.000,1.002,0.122,-0.002,-0.306,0.524,-0.0,0.0,15.84,-0.005,0.000,1322,1324,1324,1322
19.260,hold,1.000,1.003,0.122,-0.003,-0.306,0.522,-0.0,0.0,15.84,0.011,0.000,1322,1324,1324,1322
19.280,hold,1.000,1.004,0.120,-0.004,-0.306,0.522,-0.0,0.0,15.84,0.011,0.000,1330,1330,1330,1328
19.300,hold,1.000,1.004,0.120,-0.004,-0.306,0.522,-0.0,0.0,15.84,0.011,0.000,1330,1330,1330,1328
19.320,hold,1.000,0.998,0.118,0.002,-0.306,0.530,-0.0,0.0,15.84,-0.050,0.000,1330,1330,1330,1328
19.340,hold,1.000,0.998,0.115,0.002,-0.306,0.530,0.0,0.0,15.84,-0.050,0.000,1330,1330,1330,1328
19.360,hold,1.000,0.998,0.115,0.002,-0.306,0.528,0.0,0.0,15.84,-0.032,0.000,1330,1330,1330,1328
19.380,hold,1.000,0.997,0.117,0.003,-0.306,0.529,0.0,0.0,15.84,-0.037,0.000,1341,1342,1343,1340
19.400,hold,1.000,0.997,0.117,0.003,-0.306,0.529,0.0,0.0,15.84,-0.037,0.000,1341,1342,1343,1340
19.420,hold,1.000,0.999,0.120,0.001,-0.306,0.526,0.0,0.0,15.84,-0.014,0.000,1341,1342,1343,1340
19.440,hold,1.000,1.003,0.123,-0.003,-0.306,0.521,0.0,0.0,15.84,0.024,0.000,1341,1342,1343,1340
19.460,hold,1.000,1.003,0.123,-0.003,-0.306,0.521,0.0,0.0,15.84,0.024,0.000,1341,1342,1343,1340
19.480,hold,1.000,0.998,0.125,0.002,-0.306,0.527,0.0,0.0,15.84,-0.028,0.000,1322,1322,1324,1321
19.500,hold,1.000,0.998,0.125,0.002,-0.306,0.527,0.0,0.0,15.84,-0.028,0.000,1322,1322,1324,1321
19.520,hold,1.000,1.003,0.123,-0.003,-0.306,0.521,0.0,0.0,15.84,0.025,0.000,1322,1322,1324,1321
19.540,hold,1.000,1.002,0.124,-0.002,-0.306,0.523,0.0,0.0,15.84,0.008,0.000,1322,1322,1324,1321
19.560,hold,1.000,1.002,0.124,-0.002,-0.306,0.523,0.0,0.0,15.84,0.008,0.000,1322,1322,1324,1321
19.581,hold,1.000,0.999,0.122,0.001,-0.306,0.526,-0.0,0.0,15.84,-0.022,0.000,1326,1326,1328,1325
19.600,hold,1.000,0.999,0.122,0.001,-0.306,0.526,-0.0,0.0,15.84,-0.022,0.000,1326,1326,1328,1325
19.620,hold,1.000,0.995,0.120,0.005,-0.306,0.531,-0.0,0.0,15.84,-0.058,0.000,1326,1326,1328,1325
19.640,hold,1.000,1.000,0.121,-0.000,-0.306,0.523,-0.0,0.0,15.84,0.009,0.000,1326,1326,1328,1325
19.660,hold,1.000,1.000,0.121,-0.000,-0.306,0.523,-0.0,0.0,15.84,0.009,0.000,1326,1326,1328,1325
19.680,hold,1.000,0.996,0.124,0.004,-0.306,0.528,-0.0,0.0,15.84,-0.029,0.000,1326,1327,1329,1326
19.700,hold,1.000,0.996,0.124,0.004,-0.306,0.528,-0.0,0.0,15.84,-0.029,0.000,1326,1327,1329,1326
19.720,hold,1.000,0.994,0.124,0.006,-0.306,0.530,-0.0,-0.0,15.84,-0.040,0.000,1326,1327,1329,1326
19.740,hold,1.000,0.999,0.127,0.001,-0.305,0.523,-0.0,-0.0,15.84,0.018,0.000,1326,1327,1329,1326
19.760,hold,1.000,0.999,0.127,0.001,-0.305,0.523,-0.0,0.0,15.84,0.018,0.000,1326,1327,1329,1326
19.780,hold,1.000,0.994,0.130,0.006,-0.305,0.529,-0.0,0.0,15.84,-0.034,0.000,1325,1326,1328,1325
19.800,hold,1.000,1.005,0.130,-0.005,-0.305,0.515,-0.0,0.0,15.84,0.080,0.000,1325,1326,1328,1325
19.820,hold,1.000,1.005,0.130,-0.005,-0.306,0.515,-0.0,0.0,15.84,0.080,0.000,1325,1326,1328,1325
19.840,hold,1.000,1.000,0.131,-0.000,-0.306,0.522,-0.0,0.0,15.84,0.019,0.000,1325,1326,1328,1325
19.860,hold,1.000,1.000,0.131,-0.000,-0.306,0.522,-0.0,0.0,15.84,0.019,0.000,1325,1326,1328,1325
19.880,hold,1.000,1.000,0.126,0.000,-0.306,0.523,-0.0,0.0,15.84,0.009,0.000,1324,1325,1326,1324
19.900,hold,1.000,0.997,0.126,0.003,-0.305,0.527,-0.0,0.0,15.84,-0.022,0.000,1324,1325,1326,1324
19.920,hold,1.000,0.997,0.121,0.003,-0.305,0.527,-0.0,0.0,15.84,-0.022,0.000,1324,1325,1326,1324
19.940,hold,1.000,1.003,0.120,-0.003,-0.305,0.520,-0.0,0.0,15.84,0.030,0.000,1324,1325,1326,1324
19.960,hold,1.000,1.003,0.120,-0.003,-0.306,0.520,-0.0,0.0,15.84,0.030,0.000,1324,1325,1326,1324
19.980,hold,1.000,1.001,0.121,-0.001,-0.306,0.523,-0.0,0.0,15.84,0.005,0.000,1320,1320,1323,1320
20.000,hold,1.000,0.997,0.121,0.003,-0.306,0.530,-0.0,0.0,15.84,-0.052,0.000,1320,1320,1323,1320
20.020,hold,1.000,0.997,0.118,0.003,-0.305,0.530,-0.0,0.0,15.84,-0.052,0.000,1320,1320,1323,1320
20.040,hold,1.000,0.997,0.118,0.003,-0.305,0.528,-0.0,0.0,15.84,-0.033,0.000,1320,1320,1323,1320
20.060,hold,1.000,0.997,0.118,0.003,-0.305,0.528,-0.0,0.0,15.84,-0.033,0.000,1320,1320,1323,1320
20.080,hold,1.000,0.999,0.122,0.001,-0.305,0.525,-0.0,0.0,15.84,-0.005,0.000,1338,1338,1340,1338
20.100,hold,1.000,1.000,0.122,0.000,-0.305,0.524,-0.0,0.0,15.84,0.005,0.000,1338,1338,1340,1338
20.120,hold,1.000,1.000,0.127,0.000,-0.305,0.524,-0.0,0.0,15.84,0.005,0.000,1338,1338,1340,1338
20.140,hold,1.000,1.005,0.129,-0.005,-0.305,0.517,-0.0,0.0,15.84,0.055,0.000,1338,1338,1340,1338
20.160,hold,1.000,1.002,0.129,-0.002,-0.305,0.524,-0.0,0.0,15.84,0.001,0.000,1338,1338,1340,1338
20.180,hold,1.000,1.002,0.127,-0.002,-0.305,0.524,-0.0,0.0,15.84,0.001,0.000,1313,1313,1316,1313
20.200,hold,1.000,1.003,0.127,-0.003,-0.306,0.522,-0.0,0.0,15.84,0.012,0.000,1313,1313,1316,1313
20.220,hold,1.000,1.003,0.124,-0.003,-0.306,0.522,-0.0,0.0,15.84,0.012,0.000,1313,1313,1316,1313
20.240,hold,1.000,0.999,0.122,0.001,-0.306,0.527,-0.0,0.0,15.84,-0.024,0.000,1313,1313,1316,1313
20.260,hold,1.000,0.999,0.122,0.001,-0.306,0.527,-0.0,0.0,15.84,-0.024,0.000,1313,1313,1316,1313
20.280,hold,1.000,0.996,0.120,0.004,-0.306,0.530,-0.0,0.0,15.84,-0.048,0.000,1334,1335,1337,1334
20.300,hold,1.000,0.994,0.120,0.006,-0.305,0.531,-0.0,0.0,15.84,-0.055,0.000,1334,1335,1337,1334
20.320,hold,1.000,0.994,0.122,0.006,-0.305,0.531,-0.0,0.0,15.84,-0.055,0.000,1334,1335,1337,1334
20.340,hold,1.000,0.992,0.128,0.008,-0.305,0.531,-0.0,0.0,15.84,-0.051,0.000,1334,1335,1337,1334
20.360,hold,1.000,0.992,0.128,0.008,-0.305,0.531,-0.0,0.0,15.84,-0.051,0.000,1334,1335,1337,1334
20.380,hold,1.000,0.999,0.135,0.001,-0.305,0.520,-0.0,0.0,15.84,0.039,0.000,1345,1346,1346,1344
20.400,hold,1.000,1.005,0.135,-0.005,-0.305,0.515,-0.0,0.0,15.84,0.078,0.000,1345,1346,1346,1344
20.420,hold,1.000,1.005,0.142,-0.005,-0.305,0.515,-0.0,0.0,15.84,0.078,0.000,1345,1346,1346,1344
20.440,hold,1.000,0.997,0.142,0.003,-0.305,0.526,0.0,0.0,15.84,-0.012,0.000,1345,1346,1346,1344
20.460,hold,1.000,0.997,0.142,0.003,-0.305,0.526,0.0,0.0,15.84,-0.012,0.000,1345,1346,1346,1344
20.480,hold,1.000,1.000,0.136,-0.000,-0.305,0.522,0.0,0.0,15.84,0.022,0.000,1336,1335,1334,1331
20.500,hold,1.000,0.999,0.136,0.001,-0.305,0.524,0.0,0.0,15.84,0.005,0.000,1336,1335,1334,1331
20.520,hold,1.000,0.999,0.136,0.001,-0.305,0.524,0.0,0.0,15.84,0.005,0.000,1336,1335,1334,1331
20.540,hold,1.000,1.006,0.136,-0.006,-0.305,0.513,0.0,0.0,15.84,0.091,0.000,1336,1335,1334,1331
20.560,hold,1.000,0.998,0.136,0.002,-0.305,0.525,0.0,0.0,15.84,-0.009,0.000,1336,1335,1334,1331
20.580,hold,1.000,0.998,0.134,0.002,-0.305,0.525,0.0,0.0,15.84,-0.009,0.000,1307,1307,1305,1302
20.600,hold,1.000,0.997,0.134,0.003,-0.305,0.526,0.0,0.0,15.84,-0.015,0.000,1307,1307,1305,1302
20.620,hold,1.000,0.997,0.131,0.003,-0.305,0.526,0.0,0.0,15.84,-0.015,0.000,1307,1307,1305,1302
20.640,hold,1.000,1.002,0.131,-0.002,-0.305,0.520,0.0,0.0,15.84,0.033,0.000,1307,1307,1305,1302
20.660,hold,1.000,1.002,0.131,-0.002,-0.305,0.521,0.0,-0.0,15.84,0.029,0.000,1307,1307,1305,1302
20.680,hold,1.000,1.002,0.132,-0.002,-0.305,0.521,0.0,-0.0,15.84,0.029,0.000,1323,1322,1321,1319
20.700,hold,1.000,1.004,0.132,-0.004,-0.305,0.520,0.0,0.0,15.84,0.034,0.000,1323,1322,1321,1319
20.720,hold,1.000,1.004,0.129,-0.004,-0.305,0.520,0.0,-0.0,15.84,0.034,0.000,1323,1322,1321,1319
20.740,hold,1.000,1.001,0.125,-0.001,-0.305,0.524,0.0,-0.0,15.84,0.000,0.000,1323,1322,1321,1319
20.760,hold,1.000,1.005,0.125,-0.005,-0.305,0.520,0.0,0.0,15.84,0.035,0.000,1323,1322,1321,1319
20.780,hold,1.000,1.005,0.120,-0.005,-0.305,0.519,0.0,0.0,15.84,0.035,0.000,1329,1330,1330,1327
20.800,hold,1.000,1.006,0.120,-0.006,-0.306,0.520,0.0,0.0,15.84,0.032,0.000,1329,1330,1330,1327
20.820,hold,1.000,1.007,0.117,-0.007,-0.306,0.519,0.0,0.0,15.84,0.033,0.000,1329,1330,1330,1327
20.840,hold,1.000,1.007,0.112,-0.007,-0.306,0.519,0.0,0.0,15.84,0.033,0.000,1329,1330,1330,1327
20.860,hold,1.000,1.003,0.112,-0.003,-0.306,0.524,0.0,0.0,15.84,-0.004,0.000,1329,1330,1330,1327
20.880,hold,1.000,1.003,0.107,-0.003,-0.306,0.524,0.0,0.0,15.84,-0.004,0.000,1318,1318,1319,1317
20.900,hold,1.000,0.993,0.107,0.007,-0.306,0.537,0.0,0.0,15.84,-0.108,0.000,1318,1318,1319,1317
20.920,hold,1.000,0.993,0.102,0.007,-0.306,0.537,0.0,0.0,15.84,-0.108,0.000,1318,1318,1319,1317
20.940,hold,1.000,1.001,0.104,-0.001,-0.306,0.525,0.0,0.0,15.84,-0.013,0.000,1318,1318,1319,1317
20.960,hold,1.000,1.007,0.104,-0.007,-0.306,0.518,0.0,0.0,15.84,0.042,0.000,1318,1318,1319,1317
20.980,hold,1.000,1.007,0.115,-0.007,-0.306,0.518,0.0,0.0,15.84,0.042,0.000,1332,1332,1333,1331
21.000,hold,1.000,0.996,0.115,0.004,-0.306,0.533,0.0,0.0,15.84,-0.077,0.000,1332,1332,1333,1331
21.020,hold,1.000,0.996,0.118,0.004,-0.306,0.533,0.0,0.0,15.84,-0.077,0.000,1332,1332,1333,1331
21.040,hold,1.000,0.995,0.118,0.005,-0.306,0.531,0.0,0.0,15.84,-0.061,0.000,1332,1332,1333,1331
21.060,hold,1.000,0.998,0.118,0.002,-0.306,0.526,0.0,0.0,15.84,-0.016,0.000,1332,1332,1333,1331
21.080,hold,1.000,0.998,0.125,0.002,-0.306,0.526,0.0,0.0,15.84,-0.016,0.000,1345,1346,1347,1345
21.100,hold,1.000,0.991,0.125,0.009,-0.305,0.534,0.0,0.0,15.84,-0.075,0.000,1345,1346,1347,1345
21.120,hold,1.000,0.991,0.133,0.009,-0.305,0.534,0.0,0.0,15.84,-0.075,0.000,1345,1346,1347,1345
21.140,hold,1.000,0.997,0.138,0.003,-0.305,0.525,0.0,0.0,15.84,-0.005,0.000,1345,1346,1347,1345
21.160,hold,1.000,0.995,0.138,0.005,-0.305,0.528,0.0,0.0,15.84,-0.029,0.000,1345,1346,1347,1345
21.180,hold,1.000,0.995,0.146,0.005,-0.305,0.528,0.0,0.0,15.84,-0.029,0.000,1332,1332,1333,1332
21.200,hold,1.000,0.998,0.146,0.002,-0.305,0.523,0.0,0.0,15.84,0.013,0.000,1332,1332,1333,1332
21.220,hold,1.000,0.995,0.151,0.005,-0.305,0.528,0.0,0.0,15.84,-0.023,0.000,1332,1332,1333,1332
21.240,hold,1.000,0.995,0.155,0.005,-0.305,0.528,0.0,0.0,15.84,-0.023,0.000,1332,1332,1333,1332
21.260,hold,1.000,0.997,0.155,0.003,-0.305,0.526,0.0,0.0,15.84,-0.004,0.000,1332,1332,1333,1332
21.280,hold,1.000,0.997,0.157,0.003,-0.305,0.526,0.0,0.0,15.84,-0.004,0.000,1337,1338,1338,1337
21.300,hold,1.000,1.002,0.157,-0.002,-0.305,0.520,0.0,0.0,15.84,0.043,0.000,1337,1338,1338,1337
21.320,hold,1.000,0.996,0.160,0.004,-0.305,0.529,0.0,0.0,15.84,-0.033,0.000,1337,1338,1338,1337
21.340,hold,1.000,0.996,0.160,0.004,-0.305,0.529,0.0,0.0,15.84,-0.033,0.000,1337,1338,1338,1337
21.360,hold,1.000,0.993,0.160,0.007,-0.304,0.531,0.0,0.0,15.84,-0.052,0.000,1337,1338,1338,1337
21.380,hold,1.000,0.993,0.162,0.007,-0.304,0.531,0.0,0.0,15.84,-0.052,0.000,1339,1339,1341,1338
21.400,hold,1.000,1.000,0.162,0.000,-0.304,0.523,0.0,0.0,15.84,0.017,0.000,1339,1339,1341,1338
21.420,hold,1.000,1.001,0.167,-0.001,-0.304,0.522,0.0,0.0,15.84,0.021,0.000,1339,1339,1341,1338
21.440,hold,1.000,1.001,0.172,-0.001,-0.304,0.522,0.0,0.0,15.84,0.021,0.000,1339,1339,1341,1338
21.460,hold,1.000,1.002,0.172,-0.002,-0.304,0.521,0.0,0.0,15.84,0.026,0.000,1339,1339,1341,1338
21.480,hold,1.000,1.002,0.172,-0.002,-0.304,0.521,0.0,0.0,15.84,0.026,0.000,1323,1323,1323,1322
21.500,hold,1.000,1.013,0.172,-0.013,-0.305,0.511,0.0,0.0,15.84,0.100,0.000,1323,1323,1323,1322
21.520,hold,1.000,1.006,0.170,-0.006,-0.305,0.524,0.0,0.0,15.84,-0.011,0.000,1323,1323,1323,1322
21.540,hold,1.000,1.006,0.164,-0.006,-0.305,0.524,0.0,0.0,15.84,-0.011,0.000,1323,1323,1323,1322
21.560,hold,1.000,1.004,0.164,-0.004,-0.305,0.525,0.0,0.0,15.84,-0.023,0.000,1323,1323,1323,1322
21.580,hold,1.000,1.004,0.160,-0.004,-0.305,0.525,0.0,0.0,15.84,-0.023,0.000,1332,1332,1333,1331
21.600,hold,1.000,1.007,0.160,-0.007,-0.305,0.521,0.0,0.0,15.84,0.017,0.000,1332,1332,1333,1331
21.620,hold,1.000,1.006,0.160,-0.006,-0.305,0.523,0.0,0.0,15.84,-0.001,0.000,1332,1332,1333,1331
21.640,hold,1.000,1.006,0.160,-0.006,-0.305,0.523,0.0,0.0,15.84,-0.001,0.000,1332,1332,1333,1331
21.660,hold,1.000,1.008,0.160,-0.008,-0.306,0.520,0.0,0.0,15.84,0.018,0.000,1332,1332,1333,1331
21.680,hold,1.000,1.008,0.158,-0.008,-0.306,0.520,0.0,0.0,15.84,0.018,0.000,1326,1327,1327,1325
21.700,hold,1.000,1.004,0.158,-0.004,-0.306,0.525,0.0,0.0,15.84,-0.020,0.000,1326,1327,1327,1325
21.720,hold,1.000,1.012,0.154,-0.012,-0.306,0.513,0.0,0.0,15.84,0.077,0.000,1326,1327,1327,1325
21.740,hold,1.000,1.012,0.152,-0.012,-0.306,0.513,0.0,0.0,15.84,0.077,0.000,1326,1327,1327,1325
21.760,hold,1.000,1.008,0.152,-0.008,-0.307,0.519,0.0,0.0,15.84,0.025,0.000,1326,1327,1327,1325
21.780,hold,1.000,1.013,0.147,-0.013,-0.307,0.514,0.0,0.0,15.84,0.066,0.000,1318,1319,1320,1317
21.800,hold,1.000,1.013,0.147,-0.013,-0.307,0.514,0.0,0.0,15.84,0.066,0.000,1318,1319,1320,1317
21.820,hold,1.000,1.007,0.140,-0.007,-0.307,0.524,0.0,0.0,15.84,-0.015,0.000,1318,1319,1320,1317
21.840,hold,1.000,1.007,0.131,-0.007,-0.307,0.524,0.0,0.0,15.84,-0.015,0.000,1318,1319,1320,1317
21.860,hold,1.000,1.006,0.131,-0.006,-0.307,0.524,0.0,0.0,15.84,-0.014,0.000,1318,1319,1320,1317
21.881,hold,1.000,1.013,0.126,-0.013,-0.308,0.515,0.0,0.0,15.84,0.054,0.000,1327,1329,1330,1328
21.900,hold,1.000,1.013,0.126,-0.013,-0.308,0.515,0.0,0.0,15.84,0.054,0.000,1327,1329,1330,1328
21.920,hold,1.000,1.014,0.125,-0.014,-0.308,0.516,0.0,0.0,15.84,0.047,0.000,1327,1329,1330,1328
21.940,hold,1.000,1.014,0.119,-0.014,-0.308,0.515,0.0,0.0,15.84,0.047,0.000,1327,1329,1330,1328
21.960,hold,1.000,1.008,0.119,-0.008,-0.309,0.525,0.0,0.0,15.84,-0.030,0.000,1327,1329,1330,1328
21.980,hold,1.000,1.011,0.111,-0.011,-0.309,0.521,0.0,0.0,15.84,0.005,0.000,1309,1310,1311,1309
22.000,hold,1.000,1.011,0.111,-0.011,-0.309,0.520,0.0,0.0,15.84,0.005,0.000,1309,1310,1311,1309
22.020,hold,1.000,1.009,0.106,-0.009,-0.309,0.523,0.0,0.0,15.84,-0.015,0.000,1309,1310,1311,1309
22.040,hold,1.000,1.009,0.102,-0.009,-0.309,0.523,0.0,0.0,15.84,-0.015,0.000,1309,1310,1311,1309
22.060,hold,1.000,1.004,0.102,-0.004,-0.309,0.528,-0.0,0.0,15.84,-0.053,0.000,1309,1310,1311,1309
22.080,hold,1.000,1.002,0.099,-0.002,-0.310,0.529,-0.0,0.0,15.84,-0.056,0.000,1325,1327,1328,1326
22.100,hold,1.000,1.002,0.099,-0.002,-0.310,0.529,-0.0,0.0,15.84,-0.056,0.000,1325,1327,1328,1326
22.120,hold,1.000,0.996,0.100,0.004,-0.309,0.533,-0.0,0.0,15.84,-0.090,0.000,1325,1327,1328,1326
22.140,hold,1.000,1.000,0.103,-0.000,-0.309,0.526,-0.0,0.0,15.84,-0.025,0.000,1325,1327,1328,1326
22.160,hold,1.000,1.000,0.103,-0.000,-0.309,0.526,-0.0,0.0,15.84,-0.025,0.000,1325,1327,1328,1326
22.180,hold,1.000,1.000,0.109,0.000,-0.309,0.525,-0.0,0.0,15.84,-0.018,0.000,1332,1334,1335,1333
22.200,hold,1.000,1.000,0.109,0.000,-0.309,0.525,-0.0,0.0,15.84,-0.018,0.000,1332,1334,1335,1333
22.220,hold,1.000,1.001,0.112,-0.001,-0.310,0.523,-0.0,0.0,15.84,-0.000,0.000,1332,1334,1335,1333
22.240,hold,1.000,1.001,0.114,-0.001,-0.310,0.523,-0.0,0.0,15.84,-0.000,0.000,1332,1334,1335,1333
22.260,hold,1.000,0.998,0.114,0.002,-0.309,0.527,-0.0,0.0,15.84,-0.027,0.000,1332,1334,1335,1333
22.280,hold,1.000,0.991,0.113,0.009,-0.309,0.535,-0.0,0.0,15.84,-0.089,0.000,1335,1335,1337,1334
22.300,hold,1.000,0.991,0.113,0.009,-0.309,0.535,0.0,0.0,15.84,-0.089,0.000,1335,1335,1337,1334
22.320,hold,1.000,0.988,0.114,0.012,-0.309,0.535,-0.0,0.0,15.84,-0.083,0.000,1335,1335,1337,1334
22.340,hold,1.000,0.989,0.122,0.011,-0.309,0.532,0.0,0.0,15.84,-0.056,0.000,1335,1335,1337,1334
22.360,hold,1.000,0.989,0.122,0.011,-0.308,0.532,0.0,0.0,15.84,-0.056,0.000,1335,1335,1337,1334
22.380,hold,1.000,0.989,0.132,0.011,-0.308,0.530,-0.0,0.0,15.84,-0.033,0.000,1347,1347,1348,1346
22.400,hold,1.000,0.989,0.132,0.011,-0.308,0.530,-0.0,0.0,15.84,-0.033,0.000,1347,1347,1348,1346
22.420,hold,1.000,0.988,0.141,0.012,-0.308,0.530,-0.0,0.0,15.84,-0.036,0.000,1347,1347,1348,1346
22.440,hold,1.000,0.992,0.148,0.008,-0.308,0.525,-0.0,0.0,15.84,0.011,0.000,1347,1347,1348,1346
22.460,hold,1.000,0.992,0.148,0.008,-0.307,0.525,-0.0,0.0,15.84,0.011,0.000,1347,1347,1348,1346
22.480,hold,1.000,0.995,0.153,0.005,-0.307,0.521,-0.0,0.0,15.84,0.039,0.000,1331,1332,1331,1329
22.500,hold,1.000,0.995,0.153,0.005,-0.307,0.521,-0.0,0.0,15.84,0.039,0.000,1331,1332,1331,1329
22.520,hold,1.000,0.992,0.156,0.008,-0.307,0.526,-0.0,0.0,15.84,-0.001,0.000,1331,1332,1331,1329
22.540,hold,1.000,0.996,0.154,0.004,-0.307,0.522,-0.0,0.0,15.84,0.030,0.000,1331,1332,1331,1329
22.560,hold,1.000,0.996,0.154,0.004,-0.307,0.522,-0.0,0.0,15.84,0.030,0.000,1331,1332,1331,1329
22.580,hold,1.000,0.993,0.153,0.007,-0.307,0.525,-0.0,0.0,15.84,0.004,0.000,1325,1325,1325,1323
22.600,hold,1.000,0.993,0.153,0.007,-0.307,0.525,-0.0,0.0,15.84,0.004,0.000,1325,1325,1325,1323
22.620,hold,1.000,0.990,0.151,0.010,-0.306,0.530,-0.0,0.0,15.84,-0.031,0.000,1325,1325,1325,1323
22.640,hold,1.000,0.994,0.150,0.006,-0.306,0.524,-0.0,0.0,15.84,0.017,0.000,1325,1325,1325,1323
22.660,hold,1.000,0.994,0.150,0.006,-0.306,0.524,0.0,0.0,15.84,0.017,0.000,1325,1325,1325,1323
22.680,hold,1.000,0.994,0.153,0.006,-0.306,0.524,0.0,0.0,15.84,0.016,0.000,1329,1330,1329,1327
22.700,hold,1.000,0.994,0.153,0.006,-0.306,0.524,0.0,0.0,15.84,0.016,0.000,1329,1330,1329,1327
22.720,hold,1.000,0.994,0.153,0.006,-0.306,0.524,0.0,0.0,15.84,0.012,0.000,1329,1330,1329,1327
22.740,hold,1.000,0.996,0.153,0.004,-0.306,0.522,0.0,-0.0,15.84,0.029,0.000,1329,1330,1329,1327
22.760,hold,1.000,0.996,0.153,0.004,-0.306,0.522,0.0,-0.0,15.84,0.029,0.000,1329,1330,1329,1327
22.780,hold,1.000,0.992,0.151,0.008,-0.306,0.528,0.0,-0.0,15.84,-0.020,0.000,1325,1326,1325,1323
22.800,hold,1.000,0.992,0.151,0.008,-0.305,0.528,0.0,-0.0,15.84,-0.020,0.000,1325,1326,1325,1323
22.820,hold,1.000,0.991,0.149,0.009,-0.305,0.529,0.0,-0.0,15.84,-0.027,0.000,1325,1326,1325,1323
22.840,hold,1.000,0.991,0.150,0.009,-0.305,0.529,0.0,-0.0,15.84,-0.027,0.000,1325,1326,1325,1323
22.860,hold,1.000,0.997,0.150,0.003,-0.305,0.521,0.0,-0.0,15.84,0.035,0.000,1325,1326,1325,1323
22.880,hold,1.000,0.997,0.154,0.003,-0.305,0.523,0.0,-0.0,15.84,0.022,0.000,1341,1342,1341,1339
22.900,hold,1.000,0.993,0.154,0.007,-0.305,0.528,0.0,-0.0,15.84,-0.023,0.000,1341,1342,1341,1339
22.920,hold,1.000,0.993,0.156,0.007,-0.305,0.528,0.0,-0.0,15.84,-0.023,0.000,1341,1342,1341,1339
22.940,hold,1.000,0.995,0.155,0.005,-0.305,0.526,0.0,-0.0,15.84,-0.002,0.000,1341,1342,1341,1339
22.960,hold,1.000,0.995,0.155,0.005,-0.304,0.526,0.0,-0.0,15.84,-0.002,0.000,1341,1342,1341,1339
22.980,hold,1.000,0.991,0.157,0.009,-0.304,0.530,0.0,-0.0,15.84,-0.037,0.000,1333,1334,1334,1332
23.000,hold,1.000,0.991,0.157,0.009,-0.304,0.530,0.0,-0.0,15.84,-0.037,0.000,1333,1334,1334,1332
23.020,hold,1.000,0.994,0.159,0.006,-0.304,0.526,0.0,-0.0,15.84,0.002,0.000,1333,1334,1334,1332
23.040,hold,1.000,0.993,0.162,0.007,-0.304,0.527,-0.0,-0.0,15.84,-0.005,0.000,1333,1334,1334,1332
23.060,hold,1.000,0.993,0.162,0.007,-0.304,0.527,-0.0,-0.0,15.84,-0.005,0.000,1333,1334,1334,1332
23.080,hold,1.000,0.996,0.165,0.004,-0.304,0.524,-0.0,-0.0,15.84,0.018,0.000,1335,1335,1336,1334
23.100,hold,1.000,0.996,0.165,0.004,-0.304,0.524,-0.0,-0.0,15.84,0.018,0.000,1335,1335,1336,1334
23.120,hold,1.000,0.998,0.166,0.002,-0.304,0.522,-0.0,-0.0,15.84,0.032,0.000,1335,1335,1336,1334
23.140,hold,1.000,0.999,0.165,0.001,-0.303,0.522,-0.0,-0.0,15.84,0.025,0.000,1335,1335,1336,1334
23.160,hold,1.000,0.999,0.165,0.001,-0.303,0.522,-0.0,-0.0,15.84,0.025,0.000,1335,1335,1336,1334
23.180,hold,1.000,1.001,0.162,-0.001,-0.303,0.519,-0.0,-0.0,15.84,0.050,0.000,1324,1326,1327,1324
23.200,hold,1.000,0.998,0.162,0.002,-0.303,0.525,-0.0,-0.0,15.84,0.005,0.000,1324,1326,1327,1324
23.220,hold,1.000,0.998,0.159,0.002,-0.303,0.525,-0.0,-0.0,15.84,0.005,0.000,1324,1326,1327,1324
23.240,hold,1.000,0.991,0.154,0.009,-0.303,0.531,-0.0,-0.0,15.84,-0.044,0.000,1324,1326,1327,1324
23.260,hold,1.000,0.991,0.154,0.009,-0.303,0.531,-0.0,-0.0,15.84,-0.044,0.000,1324,1326,1327,1324
23.280,hold,1.000,1.000,0.153,0.000,-0.303,0.519,-0.0,-0.0,15.84,0.058,0.000,1345,1344,1346,1345
23.300,hold,1.000,0.997,0.153,0.003,-0.303,0.524,-0.0,0.0,15.84,0.012,0.000,1345,1344,1346,1345
23.320,hold,1.000,0.997,0.158,0.003,-0.303,0.524,-0.0,0.0,15.84,0.012,0.000,1345,1344,1346,1345
23.340,hold,1.000,0.997,0.156,0.003,-0.303,0.525,-0.0,0.0,15.84,0.009,0.000,1345,1344,1346,1345
23.360,hold,1.000,0.997,0.156,0.003,-0.303,0.525,-0.0,0.0,15.84,0.009,0.000,1345,1344,1346,1345
23.380,hold,1.000,0.998,0.155,0.002,-0.303,0.523,-0.0,0.0,15.84,0.019,0.000,1329,1330,1332,1330
23.400,hold,1.000,1.002,0.155,-0.002,-0.303,0.519,-0.0,0.0,15.84,0.052,0.000,1329,1330,1332,1330
23.420,hold,1.000,1.002,0.153,-0.002,-0.303,0.519,-0.0,0.0,15.84,0.052,0.000,1329,1330,1332,1330
23.440,hold,1.000,1.000,0.151,-0.000,-0.303,0.522,-0.0,0.0,15.84,0.022,0.000,1329,1330,1332,1330
23.460,hold,1.000,1.000,0.151,-0.000,-0.303,0.522,-0.0,0.0,15.84,0.022,0.000,1329,1330,1332,1330
23.480,hold,1.000,1.002,0.145,-0.002,-0.303,0.521,-0.0,0.0,15.84,0.030,0.000,1324,1324,1327,1325
23.500,hold,1.000,1.002,0.145,-0.002,-0.303,0.521,-0.0,0.0,15.84,0.030,0.000,1324,1324,1327,1325
23.520,hold,1.000,1.003,0.140,-0.003,-0.303,0.520,-0.0,0.0,15.84,0.033,0.000,1324,1324,1327,1325
23.540,hold,1.000,1.005,0.136,-0.005,-0.303,0.520,-0.0,0.0,15.84,0.037,0.000,1324,1324,1327,1325
23.560,hold,1.000,1.005,0.136,-0.005,-0.303,0.520,-0.0,0.0,15.84,0.037,0.000,1324,1324,1327,1325
23.580,hold,1.000,1.005,0.131,-0.005,-0.303,0.520,-0.0,0.0,15.84,0.029,0.000,1318,1319,1321,1319
23.600,hold,1.000,1.007,0.131,-0.007,-0.303,0.519,-0.0,0.0,15.84,0.038,0.000,1318,1319,1321,1319
23.620,hold,1.000,1.007,0.125,-0.007,-0.304,0.519,0.0,0.0,15.84,0.038,0.000,1318,1319,1321,1319
23.640,hold,1.000,1.003,0.119,-0.003,-0.304,0.524,0.0,0.0,15.84,-0.004,0.000,1318,1319,1321,1319
23.660,hold,1.000,1.003,0.119,-0.003,-0.304,0.524,0.0,0.0,15.84,-0.004,0.000,1318,1319,1321,1319
23.680,hold,1.000,1.006,0.113,-0.006,-0.304,0.521,0.0,0.0,15.84,0.024,0.000,1329,1329,1330,1329
23.700,hold,1.000,1.003,0.113,-0.003,-0.304,0.526,0.0,0.0,15.84,-0.019,0.000,1329,1329,1330,1329
23.720,hold,1.000,1.003,0.110,-0.003,-0.304,0.526,0.0,-0.0,15.84,-0.019,0.000,1329,1329,1330,1329
23.740,hold,1.000,0.997,0.107,0.003,-0.304,0.531,0.0,-0.0,15.84,-0.063,0.000,1329,1329,1330,1329
23.760,hold,1.000,0.997,0.107,0.003,-0.304,0.531,0.0,-0.0,15.84,-0.063,0.000,1329,1329,1330,1329
23.780,hold,1.000,1.002,0.108,-0.002,-0.304,0.524,0.0,-0.0,15.84,-0.005,0.000,1346,1346,1346,1345
23.800,hold,1.000,0.995,0.108,0.005,-0.304,0.534,0.0,-0.0,15.84,-0.084,0.000,1346,1346,1346,1345
23.820,hold,1.000,0.995,0.113,0.005,-0.304,0.534,0.0,-0.0,15.84,-0.084,0.000,1346,1346,1346,1345
23.840,hold,1.000,0.999,0.117,0.001,-0.304,0.528,0.0,-0.0,15.84,-0.028,0.000,1346,1346,1346,1345
23.860,hold,1.000,1.003,0.117,-0.003,-0.304,0.522,0.0,-0.0,15.84,0.020,0.000,1346,1346,1346,1345
23.880,hold,1.000,1.003,0.126,-0.003,-0.304,0.522,0.0,-0.0,15.84,0.020,0.000,1337,1337,1337,1336
23.900,hold,1.000,1.000,0.126,0.000,-0.304,0.526,0.0,-0.0,15.84,-0.014,0.000,1337,1337,1337,1336
23.920,hold,1.000,1.000,0.129,0.000,-0.304,0.526,0.0,-0.0,15.84,-0.014,0.000,1337,1337,1337,1336
23.940,hold,1.000,0.998,0.128,0.002,-0.304,0.527,0.0,-0.0,15.84,-0.023,0.000,1337,1337,1337,1336
23.960,hold,1.000,0.999,0.128,0.001,-0.304,0.525,0.0,-0.0,15.84,-0.005,0.000,1337,1337,1337,1336
23.980,hold,1.000,0.999,0.129,0.001,-0.304,0.525,0.0,-0.0,15.84,-0.005,0.000,1336,1337,1337,1335
24.000,hold,1.000,1.002,0.129,-0.002,-0.304,0.522,0.0,-0.0,15.84,0.020,0.000,1336,1337,1337,1335
24.020,hold,1.000,1.002,0.130,-0.002,-0.304,0.522,0.0,-0.0,15.84,0.020,0.000,1336,1337,1337,1335
24.040,hold,1.000,1.002,0.130,-0.002,-0.304,0.523,0.0,-0.0,15.84,0.014,0.000,1336,1337,1337,1335
24.060,hold,1.000,1.003,0.130,-0.003,-0.304,0.521,0.0,-0.0,15.84,0.025,0.000,1336,1337,1337,1335
24.080,hold,1.000,1.003,0.127,-0.003,-0.304,0.521,0.0,-0.0,15.84,0.025,0.000,1322,1323,1323,1321
24.100,hold,1.000,1.003,0.127,-0.003,-0.304,0.522,0.0,-0.0,15.84,0.017,0.000,1322,1323,1323,1321
24.120,hold,1.000,1.003,0.123,-0.003,-0.304,0.523,0.0,-0.0,15.84,0.010,0.000,1322,1323,1323,1321
24.140,hold,1.000,1.003,0.119,-0.003,-0.304,0.523,0.0,-0.0,15.84,0.010,0.000,1322,1323,1323,1321
24.160,hold,1.000,1.002,0.119,-0.002,-0.304,0.524,0.0,0.0,15.84,-0.003,0.000,1322,1323,1323,1321
24.180,hold,1.000,1.002,0.115,-0.002,-0.304,0.524,0.0,0.0,15.84,-0.003,0.000,1326,1326,1327,1325
24.200,hold,1.000,1.003,0.115,-0.003,-0.304,0.522,0.0,0.0,15.84,0.015,0.000,1326,1326,1327,1325
24.220,hold,1.000,1.003,0.112,-0.003,-0.304,0.522,0.0,0.0,15.84,0.015,0.000,1326,1326,1327,1325
24.240,hold,1.000,0.998,0.110,0.002,-0.304,0.528,0.0,0.0,15.84,-0.034,0.000,1326,1326,1327,1325
24.260,hold,1.000,0.998,0.110,0.002,-0.304,0.527,0.0,0.0,15.84,-0.022,0.000,1326,1326,1327,1325
24.280,hold,1.000,0.998,0.107,0.002,-0.304,0.527,0.0,0.0,15.84,-0.022,0.000,1338,1339,1339,1338
24.300,hold,1.000,1.006,0.107,-0.006,-0.304,0.519,0.0,0.0,15.84,0.035,0.000,1338,1339,1339,1338
24.320,hold,1.000,1.006,0.108,-0.006,-0.304,0.519,0.0,0.0,15.84,0.035,0.000,1338,1339,1339,1338
24.340,hold,1.000,1.003,0.108,-0.003,-0.304,0.524,0.0,0.0,15.84,-0.005,0.000,1338,1339,1339,1338
24.360,hold,1.000,1.003,0.108,-0.003,-0.305,0.524,0.0,0.0,15.84,-0.005,0.000,1338,1339,1339,1338
24.380,hold,1.000,1.003,0.105,-0.003,-0.305,0.524,0.0,0.0,15.84,-0.005,0.000,1329,1330,1330,1328
24.400,hold,1.000,0.999,0.105,0.001,-0.305,0.528,0.0,0.0,15.84,-0.032,0.000,1329,1330,1330,1328
24.420,hold,1.000,0.999,0.102,0.001,-0.305,0.528,0.0,0.0,15.84,-0.032,0.000,1329,1330,1330,1328
24.440,hold,1.000,0.992,0.101,0.008,-0.304,0.535,0.0,0.0,15.84,-0.083,0.000,1329,1330,1330,1328
24.460,hold,1.000,1.004,0.101,-0.004,-0.304,0.517,0.0,0.0,15.84,0.060,0.000,1329,1330,1330,1328
24.480,hold,1.000,1.004,0.103,-0.004,-0.305,0.517,0.0,0.0,15.84,0.060,0.000,1314,1314,1315,1313
24.500,hold,1.000,1.001,0.103,-0.001,-0.305,0.522,-0.0,0.0,15.84,0.023,0.000,1314,1314,1315,1313
24.520,hold,1.000,1.000,0.105,-0.000,-0.305,0.524,-0.0,0.0,15.84,0.002,0.000,1314,1314,1315,1313
24.540,hold,1.000,1.000,0.099,-0.000,-0.305,0.524,-0.0,0.0,15.84,0.002,0.000,1314,1314,1315,1313
24.560,hold,1.000,0.999,0.099,0.001,-0.305,0.525,-0.0,0.0,15.84,-0.003,0.000,1314,1314,1315,1313
24.580,hold,1.000,0.999,0.097,0.001,-0.305,0.525,-0.0,0.0,15.84,-0.003,0.000,1329,1329,1330,1328
24.600,hold,1.000,0.994,0.097,0.006,-0.304,0.530,-0.0,0.0,15.84,-0.046,0.000,1329,1329,1330,1328
24.620,hold,1.000,0.994,0.095,0.006,-0.304,0.530,-0.0,0.0,15.84,-0.046,0.000,1329,1329,1330,1328
24.640,hold,1.000,0.999,0.096,0.001,-0.304,0.524,-0.0,0.0,15.84,0.010,0.000,1329,1329,1330,1328
24.660,hold,1.000,0.999,0.096,0.001,-0.304,0.524,-0.0,0.0,15.84,0.009,0.000,1329,1329,1330,1328
24.680,hold,1.000,0.999,0.099,0.001,-0.304,0.524,-0.0,0.0,15.84,0.009,0.000,1328,1328,1328,1328
24.700,hold,1.000,0.995,0.099,0.005,-0.304,0.529,-0.0,0.0,15.84,-0.034,0.000,1328,1328,1328,1328
24.720,hold,1.000,0.995,0.099,0.005,-0.304,0.529,-0.0,0.0,15.84,-0.034,0.000,1328,1328,1328,1328
24.740,hold,1.000,1.000,0.099,-0.000,-0.304,0.523,-0.0,0.0,15.84,0.018,0.000,1328,1328,1328,1328
24.760,hold,1.000,0.997,0.099,0.003,-0.304,0.528,-0.0,0.0,15.84,-0.031,0.000,1328,1328,1328,1328
24.780,hold,1.000,0.997,0.101,0.003,-0.304,0.528,-0.0,0.0,15.84,-0.031,0.000,1326,1326,1326,1325
24.800,hold,1.000,0.997,0.101,0.003,-0.304,0.527,-0.0,0.0,15.84,-0.019,0.000,1326,1326,1326,1325
24.820,hold,1.000,0.994,0.102,0.006,-0.304,0.531,-0.0,0.0,15.84,-0.048,0.000,1326,1326,1326,1325
24.840,hold,1.000,0.994,0.104,0.006,-0.304,0.531,-0.0,0.0,15.84,-0.048,0.000,1326,1326,1326,1325
24.860,hold,1.000,1.000,0.104,-0.000,-0.304,0.522,-0.0,0.0,15.84,0.023,0.000,1326,1326,1326,1325
24.880,hold,1.000,1.000,0.107,-0.000,-0.304,0.522,-0.0,0.0,15.84,0.023,0.000,1325,1326,1325,1323
24.900,hold,1.000,0.998,0.107,0.002,-0.304,0.526,-0.0,0.0,15.84,-0.007,0.000,1325,1326,1325,1323
24.920,hold,1.000,0.995,0.110,0.005,-0.304,0.530,0.0,0.0,15.84,-0.039,0.000,1325,1326,1325,1323
24.940,hold,1.000,0.995,0.109,0.005,-0.303,0.530,0.0,0.0,15.84,-0.039,0.000,1325,1326,1325,1323
24.960,hold,1.000,0.996,0.109,0.004,-0.303,0.528,0.0,0.0,15.84,-0.020,0.000,1325,1326,1325,1323
24.980,hold,1.000,0.996,0.111,0.004,-0.303,0.528,0.0,0.0,15.84,-0.020,0.000,1337,1338,1338,1336
25.000,hold,1.000,0.996,0.111,0.004,-0.303,0.526,0.0,0.0,15.84,-0.007,0.000,1337,1338,1338,1336
25.020,hold,1.000,1.005,0.115,-0.005,-0.303,0.515,0.0,0.0,15.84,0.081,0.000,1337,1338,1338,1336
25.040,hold,1.000,1.005,0.117,-0.005,-0.303,0.515,0.0,0.0,15.84,0.081,0.000,1337,1338,1338,1336
25.060,hold,1.000,0.999,0.117,0.001,-0.303,0.525,0.0,0.0,15.84,0.002,0.000,1337,1338,1338,1336
25.080,hold,1.000,0.999,0.115,0.001,-0.303,0.525,0.0,0.0,15.84,0.002,0.000,1310,1309,1309,1308
25.100,hold,1.000,0.998,0.115,0.002,-0.303,0.525,0.0,0.0,15.84,-0.003,0.000,1310,1309,1309,1308
25.120,hold,1.000,1.000,0.109,0.000,-0.303,0.523,0.0,0.0,15.84,0.011,0.000,1310,1309,1309,1308
25.140,hold,1.000,1.000,0.108,0.000,-0.303,0.523,0.0,0.0,15.84,0.011,0.000,1310,1309,1309,1308
25.160,hold,1.000,0.997,0.108,0.003,-0.303,0.527,0.0,0.0,15.84,-0.023,0.000,1310,1309,1309,1308
25.180,hold,1.000,0.999,0.106,0.001,-0.303,0.525,0.0,0.0,15.84,-0.005,0.000,1328,1328,1328,1327
25.200,hold,1.000,0.999,0.106,0.001,-0.303,0.525,0.0,0.0,15.84,-0.005,0.000,1328,1328,1328,1327
25.220,hold,1.000,1.002,0.106,-0.002,-0.303,0.521,0.0,0.0,15.84,0.028,0.000,1328,1328,1328,1327
25.240,hold,1.000,1.002,0.107,-0.002,-0.303,0.521,0.0,0.0,15.84,0.028,0.000,1328,1328,1328,1327
25.260,hold,1.000,1.002,0.107,-0.002,-0.303,0.522,0.0,0.0,15.84,0.022,0.000,1328,1328,1328,1327
25.280,hold,1.000,1.001,0.105,-0.001,-0.303,0.524,0.0,0.0,15.84,-0.001,0.000,1323,1323,1323,1321
25.300,hold,1.000,1.001,0.105,-0.001,-0.303,0.524,0.0,0.0,15.84,-0.001,0.000,1323,1323,1323,1321
25.320,hold,1.000,1.003,0.100,-0.003,-0.303,0.522,0.0,0.0,15.84,0.018,0.000,1323,1323,1323,1321
25.340,hold,1.000,1.003,0.098,-0.003,-0.303,0.522,0.0,0.0,15.84,0.018,0.000,1323,1323,1323,1321
25.360,hold,1.000,1.000,0.098,-0.000,-0.303,0.525,0.0,0.0,15.84,-0.010,0.000,1323,1323,1323,1321
25.380,hold,1.000,1.006,0.095,-0.006,-0.304,0.519,0.0,0.0,15.84,0.040,0.000,1324,1325,1325,1323
25.400,hold,1.000,1.006,0.095,-0.006,-0.304,0.519,0.0,0.0,15.84,0.040,0.000,1324,1325,1325,1323
25.420,hold,1.000,1.005,0.093,-0.005,-0.304,0.521,0.0,0.0,15.84,0.018,0.000,1324,1325,1325,1323
25.440,hold,1.000,1.002,0.088,-0.002,-0.304,0.526,0.0,0.0,15.84,-0.018,0.000,1324,1325,1325,1323
25.460,hold,1.000,1.002,0.088,-0.002,-0.304,0.526,0.0,0.0,15.84,-0.018,0.000,1324,1325,1325,1323
25.480,hold,1.000,1.003,0.084,-0.003,-0.304,0.524,0.0,0.0,15.84,-0.003,0.000,1332,1333,1334,1332
25.500,hold,1.000,1.003,0.084,-0.003,-0.304,0.524,0.0,0.0,15.84,-0.003,0.000,1332,1333,1334,1332
25.520,hold,1.000,0.999,0.083,0.001,-0.304,0.528,0.0,0.0,15.84,-0.036,0.000,1332,1333,1334,1332
25.540,hold,1.000,0.999,0.081,0.001,-0.304,0.528,0.0,0.0,15.84,-0.036,0.000,1332,1333,1334,1332
25.560,hold,1.000,1.006,0.081,-0.006,-0.304,0.520,0.0,0.0,15.84,0.024,0.000,1332,1333,1334,1332
25.580,hold,1.000,1.008,0.082,-0.008,-0.304,0.519,0.0,0.0,15.84,0.034,0.000,1338,1338,1339,1338
25.600,hold,1.000,1.008,0.082,-0.008,-0.304,0.519,0.0,0.0,15.84,0.034,0.000,1338,1338,1339,1338
25.620,hold,1.000,1.000,0.082,0.000,-0.304,0.529,0.0,0.0,15.84,-0.043,0.000,1338,1338,1339,1338
25.640,hold,1.000,1.000,0.077,0.000,-0.304,0.529,0.0,0.0,15.84,-0.043,0.000,1338,1338,1339,1338
25.660,hold,1.000,1.002,0.077,-0.002,-0.304,0.525,0.0,0.0,15.84,-0.010,0.000,1338,1338,1339,1338
25.680,hold,1.000,1.000,0.076,0.000,-0.304,0.528,0.0,0.0,15.84,-0.034,0.000,1340,1339,1341,1339
25.700,hold,1.000,1.000,0.076,0.000,-0.304,0.528,0.0,0.0,15.84,-0.034,0.000,1340,1339,1341,1339
25.720,hold,1.000,1.004,0.078,-0.004,-0.304,0.521,0.0,0.0,15.84,0.020,0.000,1340,1339,1341,1339
25.740,hold,1.000,1.004,0.080,-0.004,-0.305,0.522,0.0,0.0,15.84,0.016,0.000,1340,1339,1341,1339
25.760,hold,1.000,1.004,0.080,-0.004,-0.305,0.522,0.0,0.0,15.84,0.016,0.000,1340,1339,1341,1339
25.780,hold,1.000,0.998,0.078,0.002,-0.305,0.529,0.0,0.0,15.84,-0.044,0.000,1323,1324,1325,1323
25.800,hold,1.000,0.998,0.078,0.002,-0.305,0.529,0.0,0.0,15.84,-0.044,0.000,1323,1324,1325,1323
25.820,hold,1.000,1.003,0.075,-0.003,-0.305,0.522,0.0,0.0,15.84,0.013,0.000,1323,1324,1325,1323
25.840,hold,1.000,1.004,0.076,-0.004,-0.305,0.522,0.0,0.0,15.84,0.018,0.000,1323,1324,1325,1323
25.860,hold,1.000,1.004,0.076,-0.004,-0.305,0.522,0.0,0.0,15.84,0.018,0.000,1323,1324,1325,1323
25.880,hold,1.000,1.002,0.077,-0.002,-0.305,0.524,0.0,0.0,15.84,-0.002,0.000,1323,1324,1324,1323
25.900,hold,1.000,1.002,0.077,-0.002,-0.305,0.524,0.0,0.0,15.84,-0.002,0.000,1323,1324,1324,1323
25.920,hold,1.000,1.007,0.073,-0.007,-0.305,0.518,0.0,0.0,15.84,0.049,0.000,1323,1324,1324,1323
25.940,hold,1.000,1.002,0.071,-0.002,-0.305,0.525,0.0,0.0,15.84,-0.014,0.000,1323,1324,1324,1323
25.960,hold,1.000,1.002,0.071,-0.002,-0.305,0.525,0.0,0.0,15.84,-0.014,0.000,1323,1324,1324,1323
25.980,hold,1.000,1.002,0.067,-0.002,-0.305,0.525,0.0,0.0,15.84,-0.012,0.000,1331,1332,1333,1331
26.000,hold,1.000,1.002,0.067,-0.002,-0.305,0.525,0.0,0.0,15.84,-0.012,0.000,1331,1332,1333,1331
26.020,hold,1.000,1.004,0.066,-0.004,-0.305,0.522,-0.0,0.0,15.84,0.010,0.000,1331,1332,1333,1331
26.040,hold,1.000,0.999,0.065,0.001,-0.305,0.531,-0.0,-0.0,15.84,-0.067,0.000,1331,1332,1333,1331
26.060,hold,1.000,0.999,0.065,0.001,-0.305,0.531,-0.0,-0.0,15.84,-0.067,0.000,1331,1332,1333,1331
26.080,hold,1.000,0.999,0.063,0.001,-0.305,0.528,0.0,-0.0,15.84,-0.041,0.000,1345,1345,1346,1345
26.100,hold,1.000,0.999,0.063,0.001,-0.305,0.528,0.0,-0.0,15.84,-0.041,0.000,1345,1345,1346,1345
26.120,hold,1.000,1.003,0.069,-0.003,-0.305,0.523,0.0,-0.0,15.84,-0.001,0.000,1345,1345,1346,1345
26.140,hold,1.000,1.003,0.072,-0.003,-0.305,0.523,0.0,-0.0,15.84,-0.001,0.000,1345,1345,1346,1345
26.160,hold,1.000,1.002,0.072,-0.002,-0.305,0.525,0.0,-0.0,15.84,-0.012,0.000,1345,1345,1346,1345
26.180,hold,1.000,1.000,0.073,-0.000,-0.305,0.526,0.0,0.0,15.84,-0.023,0.000,1327,1328,1329,1327
26.200,hold,1.000,1.000,0.073,-0.000,-0.305,0.526,0.0,0.0,15.84,-0.023,0.000,1327,1328,1329,1327
26.220,hold,1.000,1.002,0.072,-0.002,-0.305,0.524,0.0,0.0,15.84,-0.002,0.000,1327,1328,1329,1327
26.240,hold,1.000,0.999,0.072,0.001,-0.305,0.527,0.0,0.0,15.84,-0.029,0.000,1327,1328,1329,1327
26.260,hold,1.000,0.999,0.072,0.001,-0.305,0.527,0.0,0.0,15.84,-0.029,0.000,1327,1328,1329,1327
26.280,hold,1.000,1.001,0.072,-0.001,-0.305,0.524,0.0,0.0,15.84,-0.002,0.000,1336,1337,1338,1335
26.300,hold,1.000,1.001,0.072,-0.001,-0.305,0.524,0.0,0.0,15.84,-0.002,0.000,1336,1337,1338,1335
26.320,hold,1.000,1.003,0.073,-0.003,-0.305,0.522,0.0,0.0,15.84,0.012,0.000,1336,1337,1338,1335
26.340,hold,1.000,1.005,0.073,-0.005,-0.305,0.520,0.0,0.0,15.84,0.029,0.000,1336,1337,1338,1335
26.360,hold,1.000,1.005,0.073,-0.005,-0.306,0.520,0.0,0.0,15.84,0.029,0.000,1336,1337,1338,1335
26.380,hold,1.000,1.002,0.070,-0.002,-0.306,0.524,0.0,0.0,15.84,-0.008,0.000,1320,1321,1321,1319
26.400,hold,1.000,1.002,0.070,-0.002,-0.306,0.524,0.0,0.0,15.84,-0.008,0.000,1320,1321,1321,1319
26.420,hold,1.000,1.010,0.066,-0.010,-0.306,0.515,0.0,0.0,15.84,0.063,0.000,1320,1321,1321,1319
26.440,hold,1.000,0.998,0.063,0.002,-0.306,0.530,0.0,0.0,15.84,-0.053,0.000,1320,1321,1321,1319
26.460,hold,1.000,0.998,0.063,0.002,-0.306,0.530,0.0,0.0,15.84,-0.053,0.000,1320,1321,1321,1319
26.480,hold,1.000,1.003,0.060,-0.003,-0.306,0.522,0.0,0.0,15.84,0.017,0.000,1342,1343,1343,1341
26.500,hold,1.000,1.001,0.060,-0.001,-0.306,0.525,0.0,0.0,15.84,-0.008,0.000,1342,1343,1343,1341
26.520,hold,1.000,1.001,0.062,-0.001,-0.306,0.525,0.0,0.0,15.84,-0.008,0.000,1342,1343,1343,1341
26.540,hold,1.000,1.009,0.062,-0.009,-0.306,0.515,0.0,0.0,15.84,0.067,0.000,1342,1343,1343,1341
26.560,hold,1.000,1.009,0.062,-0.009,-0.306,0.515,0.0,0.0,15.84,0.067,0.000,1342,1343,1343,1341
26.580,hold,1.000,1.003,0.060,-0.003,-0.306,0.524,0.0,0.0,15.84,-0.009,0.000,1309,1309,1310,1309
26.600,hold,1.000,1.006,0.060,-0.006,-0.306,0.521,0.0,0.0,15.84,0.018,0.000,1309,1309,1310,1309
26.620,hold,1.000,1.006,0.053,-0.006,-0.307,0.521,0.0,0.0,15.84,0.018,0.000,1309,1309,1310,1309
26.640,hold,1.000,1.003,0.049,-0.003,-0.307,0.525,0.0,0.0,15.84,-0.021,0.000,1309,1309,1310,1309
26.660,hold,1.000,1.003,0.049,-0.003,-0.307,0.525,0.0,0.0,15.84,-0.021,0.000,1309,1309,1310,1309
26.680,hold,1.000,1.008,0.045,-0.008,-0.307,0.520,0.0,0.0,15.84,0.024,0.000,1332,1332,1333,1332
26.700,hold,1.000,1.008,0.045,-0.008,-0.307,0.520,0.0,0.0,15.84,0.024,0.000,1332,1332,1333,1332
26.720,hold,1.000,1.003,0.044,-0.003,-0.307,0.526,0.0,0.0,15.84,-0.028,0.000,1332,1332,1333,1332
26.740,hold,1.000,1.007,0.040,-0.007,-0.307,0.519,0.0,0.0,15.84,0.029,0.000,1332,1332,1333,1332
26.760,hold,1.000,1.007,0.040,-0.007,-0.307,0.519,0.0,0.0,15.84,0.029,0.000,1332,1332,1333,1332
26.780,hold,1.000,1.002,0.038,-0.002,-0.307,0.526,-0.0,0.0,15.84,-0.024,0.000,1318,1318,1320,1317
26.800,hold,1.000,1.003,0.038,-0.003,-0.307,0.523,-0.0,0.0,15.84,-0.002,0.000,1318,1318,1320,1317
26.820,hold,1.000,1.003,0.034,-0.003,-0.307,0.523,-0.0,0.0,15.84,-0.002,0.000,1318,1318,1320,1317
26.840,hold,1.000,1.000,0.033,0.000,-0.307,0.527,-0.0,0.0,15.84,-0.030,0.000,1318,1318,1320,1317
26.860,hold,1.000,1.000,0.033,0.000,-0.307,0.527,-0.0,0.0,15.84,-0.030,0.000,1318,1318,1320,1317
26.880,hold,1.000,1.001,0.031,-0.001,-0.307,0.524,-0.0,0.0,15.84,-0.009,0.000,1335,1336,1336,1335
26.900,hold,1.000,0.999,0.031,0.001,-0.307,0.527,-0.0,0.0,15.84,-0.026,0.000,1335,1336,1336,1335
26.920,hold,1.000,0.999,0.032,0.001,-0.307,0.527,-0.0,0.0,15.84,-0.026,0.000,1335,1336,1336,1335
26.940,hold,1.000,0.996,0.031,0.004,-0.307,0.529,-0.0,0.0,15.84,-0.041,0.000,1335,1336,1336,1335
26.960,hold,1.000,0.996,0.031,0.004,-0.307,0.529,-0.0,0.0,15.84,-0.041,0.000,1335,1336,1336,1335
26.980,hold,1.000,1.002,0.032,-0.002,-0.307,0.521,-0.0,0.0,15.84,0.027,0.000,1340,1341,1341,1338
27.000,hold,1.000,1.002,0.032,-0.002,-0.307,0.521,-0.0,0.0,15.84,0.019,0.000,1340,1341,1341,1338
27.020,hold,1.000,1.002,0.035,-0.002,-0.307,0.521,-0.0,0.0,15.84,0.019,0.000,1340,1341,1341,1338
27.040,hold,1.000,0.991,0.032,0.009,-0.307,0.534,-0.0,0.0,15.84,-0.082,0.000,1340,1341,1341,1338
27.060,hold,1.000,0.996,0.032,0.004,-0.307,0.526,-0.0,0.0,15.84,-0.007,0.000,1340,1341,1341,1338
27.080,hold,1.000,0.996,0.029,0.004,-0.307,0.526,-0.0,0.0,15.84,-0.007,0.000,1332,1333,1333,1332
27.100,hold,1.000,0.995,0.029,0.005,-0.307,0.526,-0.0,0.0,15.84,-0.014,0.000,1332,1333,1333,1332
27.120,hold,1.000,0.995,0.033,0.005,-0.307,0.526,-0.0,0.0,15.84,-0.014,0.000,1332,1333,1333,1332
27.140,hold,1.000,1.001,0.034,-0.001,-0.307,0.519,-0.0,0.0,15.84,0.043,0.000,1332,1333,1333,1332
27.160,hold,1.000,0.987,0.034,0.013,-0.307,0.536,-0.0,0.0,15.84,-0.092,0.000,1332,1333,1333,1332
27.180,hold,1.000,0.987,0.034,0.013,-0.306,0.536,-0.0,0.0,15.84,-0.092,0.000,1357,1357,1357,1356
27.200,hold,1.000,0.990,0.034,0.010,-0.306,0.531,-0.0,0.0,15.84,-0.043,0.000,1357,1357,1357,1356
27.220,hold,1.000,0.990,0.036,0.010,-0.306,0.531,-0.0,0.0,15.84,-0.043,0.000,1357,1357,1357,1356
27.240,hold,1.000,0.997,0.046,0.003,-0.306,0.522,-0.0,0.0,15.84,0.031,0.000,1357,1357,1357,1356
27.260,hold,1.000,0.996,0.046,0.004,-0.306,0.523,-0.0,0.0,15.84,0.021,0.000,1357,1357,1357,1356
27.280,hold,1.000,0.996,0.053,0.004,-0.306,0.523,-0.0,0.0,15.84,0.021,0.000,1324,1324,1325,1324
27.300,hold,1.000,0.995,0.053,0.005,-0.306,0.526,-0.0,0.0,15.84,-0.003,0.000,1324,1324,1325,1324
27.320,hold,1.000,0.995,0.052,0.005,-0.306,0.526,-0.0,0.0,15.84,-0.003,0.000,1324,1324,1325,1324
27.340,hold,1.000,0.996,0.050,0.004,-0.306,0.524,-0.0,0.0,15.84,0.008,0.000,1324,1324,1325,1324
27.360,hold,1.000,0.994,0.050,0.006,-0.305,0.528,-0.0,0.0,15.84,-0.022,0.000,1324,1324,1325,1324
27.380,hold,1.000,0.994,0.050,0.006,-0.305,0.528,-0.0,0.0,15.84,-0.022,0.000,1330,1330,1330,1329
27.400,hold,1.000,0.999,0.050,0.001,-0.305,0.521,-0.0,0.0,15.84,0.036,0.000,1330,1330,1330,1329
27.420,hold,1.000,0.993,0.050,0.007,-0.305,0.528,-0.0,0.0,15.84,-0.026,0.000,1330,1330,1330,1329
27.440,hold,1.000,0.993,0.051,0.007,-0.305,0.528,-0.0,0.0,15.84,-0.026,0.000,1330,1330,1330,1329
27.460,hold,1.000,0.994,0.051,0.006,-0.305,0.527,-0.0,0.0,15.84,-0.016,0.000,1330,1330,1330,1329
27.480,hold,1.000,0.994,0.052,0.006,-0.305,0.527,-0.0,0.0,15.84,-0.016,0.000,1339,1340,1340,1338
27.500,hold,1.000,1.002,0.052,-0.002,-0.305,0.518,-0.0,0.0,15.84,0.059,0.000,1339,1340,1340,1338
27.520,hold,1.000,1.002,0.055,-0.002,-0.305,0.518,0.0,0.0,15.84,0.059,0.000,1339,1340,1340,1338
27.540,hold,1.000,0.998,0.054,0.002,-0.305,0.524,0.0,0.0,15.84,0.002,0.000,1339,1340,1340,1338
27.560,hold,1.000,1.001,0.054,-0.001,-0.305,0.521,0.0,0.0,15.84,0.031,0.000,1339,1340,1340,1338
27.580,hold,1.000,1.001,0.049,-0.001,-0.305,0.521,0.0,0.0,15.84,0.031,0.000,1330,1330,1331,1329
27.600,hold,1.000,1.000,0.049,0.000,-0.305,0.523,0.0,0.0,15.84,0.011,0.000,1330,1330,1331,1329
27.620,hold,1.000,1.000,0.046,0.000,-0.305,0.523,0.0,0.0,15.84,0.011,0.000,1330,1330,1331,1329
27.640,hold,1.000,1.005,0.042,-0.005,-0.305,0.518,0.0,0.0,15.84,0.051,0.000,1330,1330,1331,1329
27.660,hold,1.000,1.001,0.042,-0.001,-0.305,0.524,0.0,0.0,15.84,-0.003,0.000,1330,1330,1331,1329
27.680,hold,1.000,1.001,0.038,-0.001,-0.305,0.524,0.0,0.0,15.84,-0.003,0.000,1315,1315,1316,1315
27.700,hold,1.000,1.004,0.038,-0.004,-0.305,0.522,0.0,0.0,15.84,0.017,0.000,1315,1315,1316,1315
27.720,hold,1.000,1.001,0.033,-0.001,-0.305,0.526,0.0,0.0,15.84,-0.018,0.000,1315,1315,1316,1315
27.740,hold,1.000,1.001,0.031,-0.001,-0.305,0.526,0.0,0.0,15.84,-0.018,0.000,1315,1315,1316,1315
27.760,hold,1.000,1.000,0.031,0.000,-0.305,0.527,0.0,0.0,15.84,-0.022,0.000,1315,1315,1316,1315
27.780,hold,1.000,1.000,0.030,0.000,-0.305,0.527,0.0,0.0,15.84,-0.022,0.000,1332,1333,1334,1332
27.800,hold,1.000,1.010,0.030,-0.010,-0.305,0.514,0.0,0.0,15.84,0.078,0.000,1332,1333,1334,1332
27.820,hold,1.000,1.003,0.029,-0.003,-0.305,0.526,0.0,0.0,15.84,-0.031,0.000,1332,1333,1334,1332
27.840,hold,1.000,1.003,0.028,-0.003,-0.305,0.526,0.0,-0.0,15.84,-0.031,0.000,1332,1333,1334,1332
27.860,hold,1.000,1.009,0.028,-0.009,-0.306,0.520,0.0,-0.0,15.84,0.021,0.000,1332,1333,1334,1332
27.880,hold,1.000,1.009,0.025,-0.009,-0.306,0.520,0.0,-0.0,15.84,0.021,0.000,1333,1335,1336,1334
27.900,hold,1.000,1.006,0.025,-0.006,-0.306,0.525,0.0,-0.0,15.84,-0.024,0.000,1333,1335,1336,1334
27.920,hold,1.000,1.005,0.023,-0.005,-0.306,0.526,0.0,-0.0,15.84,-0.027,0.000,1333,1335,1336,1334
27.940,hold,1.000,1.005,0.020,-0.005,-0.306,0.526,0.0,-0.0,15.84,-0.027,0.000,1333,1335,1336,1334
27.960,hold,1.000,1.009,0.020,-0.009,-0.306,0.520,0.0,-0.0,15.84,0.021,0.000,1333,1335,1336,1334
27.980,hold,1.000,1.009,0.019,-0.009,-0.306,0.520,0.0,-0.0,15.84,0.021,0.000,1332,1332,1334,1333
28.000,hold,1.000,1.002,0.019,-0.002,-0.306,0.529,0.0,-0.0,15.84,-0.057,0.000,1332,1332,1334,1333
28.020,hold,1.000,1.006,0.017,-0.006,-0.307,0.523,0.0,-0.0,15.84,-0.005,0.000,1332,1332,1334,1333
28.040,hold,1.000,1.006,0.014,-0.006,-0.307,0.523,0.0,-0.0,15.84,-0.005,0.000,1332,1332,1334,1333
28.060,hold,1.000,1.004,0.014,-0.004,-0.307,0.525,0.0,-0.0,15.84,-0.021,0.000,1332,1332,1334,1333
28.080,hold,1.000,1.004,0.015,-0.004,-0.307,0.525,0.0,-0.0,15.84,-0.021,0.000,1327,1326,1328,1326
28.100,hold,1.000,1.001,0.015,-0.001,-0.307,0.528,0.0,-0.0,15.84,-0.043,0.000,1327,1326,1328,1326
28.120,hold,1.000,1.003,0.013,-0.003,-0.307,0.524,0.0,-0.0,15.84,-0.009,0.000,1327,1326,1328,1326
28.140,hold,1.000,1.003,0.014,-0.003,-0.307,0.524,0.0,-0.0,15.84,-0.009,0.000,1327,1326,1328,1326
28.160,hold,1.000,1.002,0.014,-0.002,-0.307,0.525,0.0,-0.0,15.84,-0.012,0.000,1327,1326,1328,1326
28.180,hold,1.000,1.002,0.014,-0.002,-0.307,0.525,0.0,-0.0,15.84,-0.012,0.000,1329,1330,1330,1329
28.200,hold,1.000,1.007,0.014,-0.007,-0.307,0.519,0.0,-0.0,15.84,0.035,0.000,1329,1330,1330,1329
28.220,hold,1.000,1.002,0.013,-0.002,-0.307,0.525,-0.0,-0.0,15.84,-0.020,0.000,1329,1330,1330,1329
28.240,hold,1.000,1.002,0.011,-0.002,-0.307,0.525,-0.0,-0.0,15.84,-0.020,0.000,1329,1330,1330,1329
28.260,hold,1.000,0.996,0.011,0.004,-0.307,0.532,-0.0,-0.0,15.84,-0.069,0.000,1329,1330,1330,1329
28.280,hold,1.000,0.996,0.009,0.004,-0.307,0.532,-0.0,-0.0,15.84,-0.069,0.000,1332,1332,1332,1332
28.300,hold,1.000,1.002,0.009,-0.002,-0.307,0.524,-0.0,-0.0,15.84,-0.005,0.000,1332,1332,1332,1332
28.320,hold,1.000,1.001,0.012,-0.001,-0.307,0.525,-0.0,-0.0,15.84,-0.011,0.000,1332,1332,1332,1332
28.340,hold,1.000,1.001,0.017,-0.001,-0.307,0.525,-0.0,-0.0,15.84,-0.011,0.000,1332,1332,1332,1332
28.360,hold,1.000,0.999,0.017,0.001,-0.307,0.526,-0.0,-0.0,15.84,-0.022,0.000,1332,1332,1332,1332
28.380,hold,1.000,0.999,0.018,0.001,-0.307,0.526,-0.0,-0.0,15.84,-0.022,0.000,1334,1335,1335,1333
28.400,hold,1.000,1.004,0.018,-0.004,-0.307,0.521,-0.0,-0.0,15.84,0.023,0.000,1334,1335,1335,1333
28.420,hold,1.000,1.005,0.018,-0.005,-0.307,0.520,-0.0,-0.0,15.84,0.024,0.000,1334,1335,1335,1333
28.440,hold,1.000,1.005,0.017,-0.005,-0.307,0.520,-0.0,-0.0,15.84,0.024,0.000,1334,1335,1335,1333
28.460,hold,1.000,0.999,0.017,0.001,-0.307,0.527,-0.0,0.0,15.84,-0.027,0.000,1334,1335,1335,1333
28.480,hold,1.000,1.004,0.013,-0.004,-0.308,0.519,-0.0,0.0,15.84,0.035,0.000,1320,1321,1321,1320
28.500,hold,1.000,1.004,0.013,-0.004,-0.308,0.519,-0.0,0.0,15.84,0.035,0.000,1320,1321,1321,1320
28.520,hold,1.000,1.006,0.009,-0.006,-0.308,0.518,-0.0,0.0,15.84,0.039,0.000,1320,1321,1321,1320
28.540,hold,1.000,1.006,0.005,-0.006,-0.308,0.518,-0.0,0.0,15.84,0.039,0.000,1320,1321,1321,1320
28.560,hold,1.000,1.001,0.005,-0.001,-0.308,0.525,-0.0,0.0,15.84,-0.015,0.000,1320,1321,1321,1320
28.580,hold,1.000,1.003,-0.002,-0.003,-0.308,0.522,-0.0,0.0,15.84,0.011,0.000,1331,1332,1331,1330
28.600,hold,1.000,1.003,-0.002,-0.003,-0.308,0.522,-0.0,0.0,15.84,0.011,0.000,1331,1332,1331,1330
28.620,hold,1.000,1.005,-0.007,-0.005,-0.308,0.520,-0.0,0.0,15.84,0.023,0.000,1331,1332,1331,1330
28.640,hold,1.000,1.005,-0.010,-0.005,-0.308,0.520,-0.0,0.0,15.84,0.023,0.000,1331,1332,1331,1330
28.660,hold,1.000,1.002,-0.010,-0.002,-0.308,0.524,-0.0,0.0,15.84,-0.007,0.000,1331,1332,1331,1330
28.680,hold,1.000,1.006,-0.015,-0.006,-0.308,0.519,-0.0,0.0,15.84,0.029,0.000,1320,1321,1320,1320
28.700,hold,1.000,1.006,-0.015,-0.006,-0.309,0.519,-0.0,0.0,15.84,0.029,0.000,1320,1321,1320,1320
28.720,hold,1.000,1.003,-0.021,-0.003,-0.309,0.524,-0.0,0.0,15.84,-0.007,0.000,1320,1321,1320,1320
28.740,hold,1.000,1.003,-0.026,-0.003,-0.309,0.523,-0.0,0.0,15.84,-0.004,0.000,1320,1321,1320,1320
28.760,hold,1.000,1.003,-0.026,-0.003,-0.309,0.523,-0.0,0.0,15.84,-0.004,0.000,1320,1321,1320,1320
28.780,hold,1.000,1.003,-0.030,-0.003,-0.309,0.523,-0.0,0.0,15.84,-0.004,0.000,1327,1328,1327,1327
28.800,hold,1.000,0.998,-0.030,0.002,-0.309,0.528,-0.0,0.0,15.84,-0.036,0.000,1327,1328,1327,1327
28.820,hold,1.000,1.000,-0.032,0.000,-0.309,0.523,-0.0,0.0,15.84,0.004,0.000,1327,1328,1327,1327
28.840,hold,1.000,1.000,-0.034,0.000,-0.309,0.523,-0.0,0.0,15.84,0.004,0.000,1327,1328,1327,1327
28.860,hold,1.000,0.993,-0.034,0.007,-0.309,0.531,-0.0,0.0,15.84,-0.057,0.000,1327,1328,1327,1327
28.880,hold,1.000,0.997,-0.033,0.003,-0.309,0.524,-0.0,-0.0,15.84,0.000,0.000,1327,1328,1328,1327
28.900,hold,1.000,0.997,-0.033,0.003,-0.309,0.524,-0.0,-0.0,15.84,0.000,0.000,1327,1328,1328,1327
28.920,hold,1.000,0.999,-0.032,0.001,-0.308,0.523,-0.0,0.0,15.84,0.014,0.000,1327,1328,1328,1327
28.940,hold,1.000,0.999,-0.031,0.001,-0.308,0.523,-0.0,0.0,15.84,0.014,0.000,1327,1328,1328,1327
28.960,hold,1.000,0.987,-0.031,0.013,-0.308,0.537,-0.0,-0.0,15.84,-0.104,0.000,1327,1328,1328,1327
28.980,hold,1.000,0.994,-0.032,0.006,-0.308,0.527,-0.0,-0.0,15.84,-0.012,0.000,1326,1326,1326,1325
29.000,hold,1.000,0.994,-0.032,0.006,-0.308,0.527,-0.0,0.0,15.84,-0.012,0.000,1326,1326,1326,1325
29.020,hold,1.000,0.993,-0.028,0.007,-0.308,0.526,-0.0,0.0,15.84,-0.009,0.000,1326,1326,1326,1325
29.040,hold,1.000,0.993,-0.023,0.007,-0.308,0.526,-0.0,0.0,15.84,-0.009,0.000,1326,1326,1326,1325
29.060,hold,1.000,0.992,-0.023,0.008,-0.308,0.528,-0.0,0.0,15.84,-0.023,0.000,1326,1326,1326,1325
29.080,hold,1.000,0.989,-0.021,0.011,-0.307,0.531,-0.0,0.0,15.84,-0.045,0.000,1334,1335,1335,1333
29.100,hold,1.000,0.989,-0.021,0.011,-0.307,0.531,-0.0,0.0,15.84,-0.045,0.000,1334,1335,1335,1333
29.120,hold,1.000,0.988,-0.019,0.012,-0.307,0.530,-0.0,0.0,15.84,-0.033,0.000,1334,1335,1335,1333
29.140,hold,1.000,0.997,-0.013,0.003,-0.307,0.520,-0.0,0.0,15.84,0.045,0.000,1334,1335,1335,1333
29.160,hold,1.000,0.997,-0.013,0.003,-0.307,0.520,0.0,0.0,15.84,0.045,0.000,1334,1335,1335,1333
29.180,hold,1.000,0.993,-0.008,0.007,-0.307,0.526,0.0,0.0,15.84,-0.001,0.000,1320,1321,1321,1320
29.200,hold,1.000,0.993,-0.008,0.007,-0.306,0.526,-0.0,0.0,15.84,-0.001,0.000,1320,1321,1321,1320
29.220,hold,1.000,0.987,-0.010,0.013,-0.306,0.532,-0.0,0.0,15.84,-0.050,0.000,1320,1321,1321,1320
29.240,hold,1.000,0.987,-0.010,0.013,-0.306,0.532,-0.0,0.0,15.84,-0.050,0.000,1320,1321,1321,1320
29.260,hold,1.000,0.988,-0.010,0.012,-0.306,0.529,-0.0,0.0,15.84,-0.023,0.000,1320,1321,1321,1320
29.280,hold,1.000,0.993,-0.006,0.007,-0.306,0.523,-0.0,0.0,15.84,0.033,0.000,1348,1349,1348,1348
29.300,hold,1.000,0.993,-0.006,0.007,-0.305,0.523,-0.0,0.0,15.84,0.033,0.000,1348,1349,1348,1348
29.320,hold,1.000,0.991,0.002,0.009,-0.305,0.525,-0.0,0.0,15.84,0.014,0.000,1348,1349,1348,1348
29.340,hold,1.000,0.990,0.002,0.010,-0.305,0.527,-0.0,0.0,15.84,-0.001,0.000,1348,1349,1348,1348
29.360,hold,1.000,0.990,0.002,0.010,-0.305,0.527,-0.0,0.0,15.84,-0.001,0.000,1348,1349,1348,1348
29.380,hold,1.000,0.999,0.002,0.001,-0.305,0.518,-0.0,0.0,15.84,0.071,0.000,1335,1336,1336,1335
29.400,hold,1.000,0.999,0.002,0.001,-0.305,0.518,-0.0,0.0,15.84,0.071,0.000,1335,1336,1336,1335
29.420,hold,1.000,0.987,0.004,0.013,-0.304,0.532,-0.0,0.0,15.84,-0.044,0.000,1335,1336,1336,1335
29.440,hold,1.000,0.987,0.001,0.013,-0.304,0.532,-0.0,0.0,15.84,-0.044,0.000,1335,1336,1336,1335
29.460,hold,1.000,0.992,0.001,0.008,-0.304,0.525,-0.0,-0.0,15.84,0.012,0.000,1335,1336,1336,1335
29.480,hold,1.000,0.994,0.004,0.006,-0.304,0.522,-0.0,-0.0,15.84,0.038,0.000,1331,1332,1333,1331
29.500,hold,1.000,0.994,0.004,0.006,-0.304,0.522,-0.0,-0.0,15.84,0.038,0.000,1331,1332,1333,1331
29.520,hold,1.000,0.991,0.008,0.009,-0.304,0.527,-0.0,-0.0,15.84,-0.007,0.000,1331,1332,1333,1331
29.540,hold,1.000,0.992,0.008,0.008,-0.303,0.527,-0.0,-0.0,15.84,-0.001,0.000,1331,1332,1333,1331
29.560,hold,1.000,0.992,0.008,0.008,-0.303,0.527,-0.0,-0.0,15.84,-0.001,0.000,1331,1332,1333,1331
29.580,hold,1.000,0.989,0.008,0.011,-0.303,0.530,-0.0,-0.0,15.84,-0.024,0.000,1334,1335,1335,1334
29.600,hold,1.000,0.989,0.008,0.011,-0.303,0.530,-0.0,-0.0,15.84,-0.024,0.000,1334,1335,1335,1334
29.620,hold,1.000,0.996,0.010,0.004,-0.303,0.522,-0.0,-0.0,15.84,0.034,0.000,1334,1335,1335,1334
29.640,hold,1.000,0.996,0.014,0.004,-0.303,0.522,-0.0,-0.0,15.84,0.034,0.000,1334,1335,1335,1334
29.660,hold,1.000,0.996,0.014,0.004,-0.303,0.523,-0.0,-0.0,15.84,0.024,0.000,1334,1335,1335,1334
29.680,hold,1.000,1.001,0.016,-0.001,-0.303,0.508,-0.0,-0.0,15.84,0.168,0.000,1324,1325,1325,1324
29.700,hold,1.000,1.001,0.016,-0.001,-0.303,0.508,-0.0,-0.0,15.84,0.168,0.000,1324,1325,1325,1324
29.720,hold,1.000,0.996,0.014,0.004,-0.303,0.518,-0.0,-0.0,15.84,0.078,0.000,1324,1325,1325,1324
29.740,hold,1.000,0.991,0.003,0.009,-0.302,0.525,-0.0,-0.0,15.84,0.019,0.000,1324,1325,1325,1324
29.760,hold,1.000,0.991,0.003,0.009,-0.302,0.525,-0.0,-0.0,15.84,0.019,0.000,1324,1325,1325,1324
29.780,hold,1.000,0.998,-0.006,0.002,-0.302,0.517,-0.0,-0.0,15.84,0.078,0.000,1331,1331,1332,1330
29.800,hold,1.000,1.003,-0.006,-0.003,-0.302,0.513,-0.0,-0.0,15.84,0.106,0.000,1331,1331,1332,1330
29.820,hold,1.000,1.003,-0.008,-0.003,-0.302,0.513,-0.0,-0.0,15.84,0.106,0.000,1331,1331,1332,1330
29.840,hold,1.000,0.994,-0.013,0.006,-0.302,0.527,-0.0,-0.0,15.84,-0.006,0.000,1331,1331,1332,1330
29.860,hold,1.000,0.994,-0.013,0.006,-0.302,0.527,-0.0,-0.0,15.84,-0.006,0.000,1331,1331,1332,1330
29.880,hold,1.000,0.997,-0.023,0.003,-0.302,0.523,-0.0,-0.0,15.84,0.027,0.000,1335,1336,1336,1335
29.900,hold,1.000,0.994,-0.023,0.006,-0.302,0.527,-0.0,-0.0,15.84,-0.004,0.000,1335,1336,1336,1335
29.920,hold,1.000,0.994,-0.023,0.006,-0.302,0.527,-0.0,-0.0,15.84,-0.004,0.000,1335,1336,1336,1335
29.940,hold,1.000,0.994,-0.022,0.006,-0.302,0.527,0.0,-0.0,15.84,-0.009,0.000,1335,1336,1336,1335
29.960,hold,1.000,0.994,-0.022,0.006,-0.302,0.527,0.0,-0.0,15.84,-0.009,0.000,1335,1336,1336,1335
29.980,hold,1.000,0.992,-0.021,0.008,-0.301,0.528,0.0,-0.0,15.84,-0.017,0.000,1335,1337,1336,1337
30.000,hold,1.000,0.992,-0.021,0.008,-0.301,0.528,0.0,-0.0,15.84,-0.017,0.000,1335,1337,1336,1337
30.020,hold,1.000,0.996,-0.018,0.004,-0.301,0.523,0.0,-0.0,15.84,0.025,0.000,1335,1337,1336,1337
30.040,hold,1.000,0.991,-0.014,0.009,-0.301,0.529,0.0,-0.0,15.84,-0.020,0.000,1335,1337,1336,1337
30.060,hold,1.000,0.991,-0.014,0.009,-0.301,0.529,0.0,-0.0,15.84,-0.020,0.000,1335,1337,1336,1337
30.080,hold,1.000,0.992,-0.012,0.008,-0.301,0.528,0.0,-0.0,15.84,-0.007,0.000,1340,1341,1341,1340
30.100,hold,1.000,0.992,-0.012,0.008,-0.300,0.528,0.0,-0.0,15.84,-0.007,0.000,1340,1341,1341,1340
30.120,hold,1.000,0.996,-0.007,0.004,-0.300,0.524,0.0,-0.0,15.84,0.025,0.000,1340,1341,1341,1340
30.140,hold,1.000,0.993,-0.004,0.007,-0.300,0.528,0.0,-0.0,15.84,-0.016,0.000,1340,1341,1341,1340
30.160,hold,1.000,0.993,-0.004,0.007,-0.300,0.528,0.0,-0.0,15.84,-0.016,0.000,1340,1341,1341,1340
30.180,hold,1.000,0.995,-0.002,0.005,-0.300,0.526,0.0,-0.0,15.84,0.001,0.000,1339,1339,1339,1338
30.200,hold,1.000,0.990,-0.002,0.010,-0.300,0.534,0.0,0.0,15.84,-0.069,0.000,1339,1339,1339,1338
30.220,hold,1.000,0.990,0.001,0.010,-0.300,0.535,0.0,0.0,15.84,-0.069,0.000,1339,1339,1339,1338
30.240,hold,1.000,0.990,0.007,0.010,-0.299,0.535,0.0,0.0,15.84,-0.069,0.000,1339,1339,1339,1338
30.260,hold,1.000,0.994,0.007,0.006,-0.299,0.528,0.0,0.0,15.84,-0.015,0.000,1339,1339,1339,1338
30.280,hold,1.000,0.996,0.016,0.004,-0.299,0.525,0.0,0.0,15.84,0.010,0.000,1353,1353,1352,1352
30.300,hold,1.000,0.996,0.016,0.004,-0.299,0.525,0.0,0.0,15.84,0.010,0.000,1353,1353,1352,1352
30.320,hold,1.000,0.996,0.027,0.004,-0.299,0.526,0.0,0.0,15.84,0.006,0.000,1353,1353,1352,1352
30.340,hold,1.000,1.000,0.030,0.000,-0.299,0.521,0.0,0.0,15.84,0.043,0.000,1353,1353,1352,1352
30.360,hold,1.000,1.000,0.030,0.000,-0.299,0.521,0.0,0.0,15.84,0.043,0.000,1353,1353,1352,1352
30.380,hold,1.000,0.991,0.031,0.009,-0.299,0.532,0.0,0.0,15.84,-0.042,0.000,1322,1323,1322,1321
30.400,hold,1.000,0.999,0.031,0.001,-0.299,0.520,0.0,0.0,15.84,0.058,0.000,1322,1323,1322,1321
30.420,hold,1.000,0.999,0.029,0.001,-0.299,0.520,0.0,0.0,15.84,0.058,0.000,1322,1323,1322,1321
30.440,descend,1.000,0.997,0.031,0.003,-0.299,0.524,0.0,0.0,15.84,0.021,0.000,1322,1323,1322,1321
30.460,descend,0.995,1.000,0.031,-0.005,-0.299,0.504,0.0,0.0,15.84,0.052,0.000,1322,1323,1322,1321
30.480,descend,0.990,1.000,0.029,-0.010,-0.299,0.492,0.0,0.0,15.84,0.052,0.000,1329,1329,1330,1328
30.500,descend,0.985,1.000,0.029,-0.015,-0.299,0.493,0.0,0.0,15.84,0.035,0.000,1329,1329,1330,1328
30.520,descend,0.980,1.000,0.019,-0.020,-0.300,0.492,0.0,0.0,15.84,0.035,0.000,1329,1329,1330,1328
30.540,descend,0.975,1.004,-0.007,-0.028,-0.300,0.487,0.0,0.0,15.84,0.054,0.000,1329,1329,1330,1328
30.560,descend,0.970,1.000,-0.007,-0.030,-0.301,0.492,0.0,0.0,15.84,-0.001,0.000,1329,1329,1330,1328
30.580,descend,0.965,1.000,-0.040,-0.035,-0.302,0.491,0.0,0.0,15.84,-0.001,0.000,1246,1247,1247,1247
30.600,descend,0.960,0.998,-0.040,-0.038,-0.302,0.492,0.0,0.0,15.84,-0.023,0.000,1246,1247,1247,1247
30.620,descend,0.955,0.998,-0.075,-0.043,-0.303,0.491,0.0,0.0,15.84,-0.023,0.000,1246,1247,1247,1247
30.640,descend,0.950,1.003,-0.110,-0.053,-0.304,0.484,0.0,0.0,15.84,0.024,0.000,1246,1247,1247,1247
30.660,descend,0.945,1.003,-0.110,-0.058,-0.305,0.482,0.0,0.0,15.84,0.024,0.000,1246,1247,1247,1247
30.680,descend,0.940,0.991,-0.145,-0.050,-0.306,0.494,0.0,0.0,15.84,-0.075,0.000,1238,1239,1239,1238
30.700,descend,0.935,0.991,-0.145,-0.056,-0.307,0.490,-0.0,0.0,15.84,-0.048,0.000,1238,1239,1239,1238
30.720,descend,0.930,0.979,-0.195,-0.049,-0.308,0.501,0.0,0.0,15.84,-0.141,0.000,1238,1239,1239,1238
30.740,descend,0.925,0.979,-0.230,-0.054,-0.310,0.499,0.0,0.0,15.84,-0.141,0.000,1238,1239,1239,1238
30.760,descend,0.920,0.971,-0.230,-0.051,-0.311,0.502,0.0,0.0,15.84,-0.165,0.000,1238,1239,1239,1238
30.780,descend,0.915,0.971,-0.260,-0.056,-0.312,0.501,0.0,0.0,15.84,-0.165,0.000,1273,1273,1274,1273
30.800,descend,0.910,0.964,-0.260,-0.054,-0.313,0.502,0.0,-0.0,15.84,-0.178,0.000,1273,1273,1274,1273
30.820,descend,0.905,0.964,-0.287,-0.059,-0.314,0.501,0.0,-0.0,15.84,-0.178,0.000,1273,1273,1274,1273
30.840,descend,0.900,0.961,-0.312,-0.061,-0.315,0.498,0.0,-0.0,15.84,-0.154,0.000,1273,1273,1274,1273
30.860,descend,0.895,0.943,-0.312,-0.048,-0.316,0.513,0.0,-0.0,15.84,-0.269,0.000,1273,1273,1274,1273
30.880,descend,0.890,0.943,-0.337,-0.053,-0.317,0.511,0.0,-0.0,15.84,-0.269,0.000,1270,1271,1270,1271
30.900,descend,0.885,0.935,-0.337,-0.049,-0.318,0.512,0.0,-0.0,15.84,-0.267,0.000,1270,1271,1270,1271
30.920,descend,0.880,0.935,-0.364,-0.054,-0.319,0.510,0.0,-0.0,15.84,-0.267,0.000,1270,1271,1270,1271
30.940,descend,0.875,0.923,-0.379,-0.047,-0.320,0.513,0.0,-0.0,15.84,-0.283,0.000,1270,1271,1270,1271
30.960,descend,0.870,0.911,-0.379,-0.041,-0.321,0.521,0.0,-0.0,15.84,-0.344,0.000,1270,1271,1270,1271
30.980,descend,0.865,0.911,-0.394,-0.046,-0.322,0.520,0.0,-0.0,15.84,-0.344,0.000,1305,1305,1306,1305
31.000,descend,0.860,0.902,-0.394,-0.041,-0.323,0.519,0.0,-0.0,15.84,-0.325,0.000,1305,1305,1306,1305
31.020,descend,0.855,0.902,-0.404,-0.046,-0.324,0.517,0.0,-0.0,15.84,-0.325,0.000,1305,1305,1306,1305
31.040,descend,0.850,0.888,-0.411,-0.038,-0.324,0.519,0.0,-0.0,15.84,-0.321,0.000,1305,1305,1306,1305
31.060,descend,0.845,0.871,-0.411,-0.026,-0.325,0.530,0.0,-0.0,15.84,-0.403,0.000,1305,1305,1306,1305
31.080,descend,0.840,0.871,-0.419,-0.031,-0.326,0.529,0.0,-0.0,15.84,-0.403,0.000,1317,1318,1318,1317
31.100,descend,0.835,0.856,-0.419,-0.021,-0.326,0.535,0.0,-0.0,15.84,-0.441,0.000,1317,1318,1318,1317
31.120,descend,0.830,0.844,-0.423,-0.014,-0.326,0.533,0.0,-0.0,15.84,-0.407,0.000,1317,1318,1318,1317
31.140,descend,0.825,0.844,-0.418,-0.019,-0.327,0.532,0.0,-0.0,15.84,-0.407,0.000,1317,1318,1318,1317
31.160,descend,0.820,0.836,-0.418,-0.016,-0.327,0.528,0.0,-0.0,15.84,-0.356,0.000,1317,1318,1318,1317
31.180,descend,0.815,0.836,-0.409,-0.021,-0.327,0.526,0.0,-0.0,15.84,-0.356,0.000,1347,1347,1347,1347
31.200,descend,0.810,0.815,-0.409,-0.005,-0.327,0.538,0.0,-0.0,15.84,-0.437,0.000,1347,1347,1347,1347
31.220,descend,0.805,0.810,-0.403,-0.004,-0.328,0.531,0.0,-0.0,15.84,-0.364,0.000,1347,1347,1347,1347
31.240,descend,0.800,0.810,-0.397,-0.009,-0.328,0.530,0.0,-0.0,15.84,-0.364,0.000,1347,1347,1347,1347
31.260,descend,0.795,0.794,-0.397,0.001,-0.328,0.535,0.0,-0.0,15.84,-0.394,0.000,1347,1347,1347,1347
31.280,descend,0.790,0.794,-0.387,-0.004,-0.328,0.534,0.0,-0.0,15.84,-0.394,0.000,1354,1355,1355,1355
31.300,descend,0.785,0.781,-0.387,0.004,-0.328,0.535,0.0,-0.0,15.84,-0.383,0.000,1354,1355,1355,1355
31.320,descend,0.780,0.781,-0.376,-0.001,-0.328,0.534,0.0,-0.0,15.84,-0.383,0.000,1354,1355,1355,1355
31.340,descend,0.775,0.768,-0.366,0.008,-0.328,0.536,0.0,-0.0,15.84,-0.384,0.000,1354,1355,1355,1355
31.360,descend,0.770,0.756,-0.366,0.015,-0.327,0.537,0.0,-0.0,15.84,-0.376,0.000,1354,1355,1355,1355
31.380,descend,0.765,0.756,-0.356,0.010,-0.327,0.536,0.0,-0.0,15.84,-0.376,0.000,1358,1358,1359,1359
31.400,descend,0.760,0.745,-0.356,0.016,-0.327,0.537,0.0,-0.0,15.84,-0.372,0.000,1358,1358,1359,1359
31.420,descend,0.755,0.736,-0.344,0.020,-0.326,0.535,0.0,-0.0,15.84,-0.343,0.000,1358,1358,1359,1359
31.440,descend,0.750,0.736,-0.332,0.015,-0.326,0.534,0.0,-0.0,15.84,-0.343,0.000,1358,1358,1359,1359
31.460,descend,0.745,0.723,-0.332,0.023,-0.326,0.538,0.0,-0.0,15.84,-0.364,0.000,1358,1358,1359,1359
31.480,descend,0.740,0.723,-0.320,0.018,-0.325,0.537,-0.0,-0.0,15.84,-0.364,0.000,1351,1352,1352,1352
31.500,descend,0.735,0.715,-0.320,0.020,-0.325,0.533,-0.0,-0.0,15.84,-0.315,0.000,1351,1352,1352,1352
31.520,descend,0.730,0.708,-0.305,0.023,-0.324,0.533,-0.0,-0.0,15.84,-0.308,0.000,1351,1352,1352,1352
31.540,descend,0.725,0.708,-0.294,0.018,-0.324,0.532,0.0,-0.0,15.84,-0.308,0.000,1351,1352,1352,1352
31.560,descend,0.720,0.704,-0.294,0.016,-0.324,0.525,0.0,-0.0,15.84,-0.243,0.000,1351,1352,1352,1352
31.580,descend,0.715,0.704,-0.284,0.011,-0.323,0.524,-0.0,-0.0,15.84,-0.243,0.000,1331,1332,1331,1330
31.600,descend,0.710,0.689,-0.284,0.021,-0.323,0.533,-0.0,-0.0,15.84,-0.316,0.000,1331,1332,1331,1330
31.620,descend,0.705,0.681,-0.279,0.025,-0.323,0.534,-0.0,-0.0,15.84,-0.312,0.000,1331,1332,1331,1330
31.640,descend,0.700,0.681,-0.276,0.020,-0.322,0.533,-0.0,-0.0,15.84,-0.312,0.000,1331,1332,1331,1330
31.660,descend,0.695,0.670,-0.276,0.025,-0.322,0.534,-0.0,-0.0,15.84,-0.314,0.000,1331,1332,1331,1330
31.680,descend,0.690,0.670,-0.269,0.020,-0.321,0.533,-0.0,-0.0,15.84,-0.314,0.000,1350,1349,1348,1348
31.700,descend,0.685,0.667,-0.269,0.018,-0.321,0.526,-0.0,-0.0,15.84,-0.242,0.000,1350,1349,1348,1348
31.720,descend,0.680,0.656,-0.258,0.025,-0.320,0.531,-0.0,-0.0,15.84,-0.280,0.000,1350,1349,1348,1348
31.740,descend,0.675,0.656,-0.251,0.020,-0.320,0.530,-0.0,-0.0,15.84,-0.280,0.000,1350,1349,1348,1348
31.760,descend,0.670,0.648,-0.251,0.023,-0.320,0.530,-0.0,-0.0,15.84,-0.274,0.000,1350,1349,1348,1348
31.780,descend,0.665,0.642,-0.246,0.024,-0.319,0.529,-0.0,-0.0,15.84,-0.257,0.000,1343,1343,1342,1341
31.800,descend,0.660,0.642,-0.246,0.019,-0.319,0.527,-0.0,-0.0,15.84,-0.257,0.000,1343,1343,1342,1341
31.820,descend,0.655,0.632,-0.241,0.024,-0.318,0.530,-0.0,-0.0,15.84,-0.266,0.000,1343,1343,1342,1341
31.840,descend,0.650,0.632,-0.237,0.019,-0.318,0.529,-0.0,-0.0,15.84,-0.266,0.000,1343,1343,1342,1341
31.860,descend,0.645,0.630,-0.237,0.015,-0.318,0.521,-0.0,0.0,15.84,-0.199,0.000,1343,1343,1342,1341
31.880,descend,0.640,0.623,-0.233,0.017,-0.317,0.522,-0.0,0.0,15.84,-0.206,0.000,1340,1341,1339,1338
31.900,descend,0.635,0.623,-0.233,0.012,-0.317,0.521,-0.0,0.0,15.84,-0.206,0.000,1340,1341,1339,1338
31.920,descend,0.630,0.608,-0.231,0.022,-0.317,0.532,-0.0,0.0,15.84,-0.291,0.000,1340,1341,1339,1338
31.940,descend,0.625,0.608,-0.233,0.017,-0.316,0.531,-0.0,0.0,15.84,-0.291,0.000,1340,1341,1339,1338
31.960,descend,0.620,0.606,-0.233,0.014,-0.316,0.523,-0.0,0.0,15.84,-0.221,0.000,1340,1341,1339,1338
31.980,descend,0.615,0.600,-0.229,0.015,-0.316,0.523,-0.0,0.0,15.84,-0.214,0.000,1344,1346,1344,1344
32.000,descend,0.610,0.600,-0.229,0.010,-0.315,0.522,-0.0,0.0,15.84,-0.214,0.000,1344,1346,1344,1344
32.020,descend,0.605,0.592,-0.225,0.013,-0.315,0.523,-0.0,0.0,15.84,-0.219,0.000,1344,1346,1344,1344
32.040,descend,0.600,0.588,-0.226,0.013,-0.315,0.521,-0.0,0.0,15.84,-0.197,0.000,1344,1346,1344,1344
32.060,descend,0.595,0.588,-0.226,0.008,-0.315,0.519,-0.0,0.0,15.84,-0.197,0.000,1344,1346,1344,1344
32.080,descend,0.590,0.579,-0.229,0.011,-0.315,0.521,-0.0,0.0,15.84,-0.203,0.000,1322,1322,1321,1321
32.100,descend,0.585,0.579,-0.229,0.006,-0.314,0.520,-0.0,0.0,15.84,-0.203,0.000,1322,1322,1321,1321
32.120,descend,0.580,0.575,-0.234,0.005,-0.314,0.517,-0.0,0.0,15.84,-0.181,0.000,1322,1322,1321,1321
32.140,descend,0.575,0.575,-0.239,0.000,-0.314,0.516,-0.0,0.0,15.84,-0.181,0.000,1322,1322,1321,1321
32.160,descend,0.570,0.565,-0.239,0.005,-0.314,0.520,-0.0,0.0,15.84,-0.205,0.000,1322,1322,1321,1321
32.180,descend,0.565,0.559,-0.245,0.007,-0.314,0.520,0.0,0.0,15.84,-0.204,0.000,1319,1320,1320,1319
32.200,descend,0.560,0.559,-0.245,0.002,-0.314,0.519,0.0,0.0,15.84,-0.204,0.000,1319,1320,1320,1319
32.220,descend,0.555,0.554,-0.253,0.001,-0.314,0.517,0.0,0.0,15.84,-0.193,0.000,1319,1320,1320,1319
32.240,descend,0.550,0.554,-0.258,-0.004,-0.314,0.516,0.0,0.0,15.84,-0.193,0.000,1319,1320,1320,1319
32.260,descend,0.545,0.549,-0.258,-0.004,-0.314,0.515,0.0,0.0,15.84,-0.176,0.000,1319,1320,1320,1319
32.280,descend,0.540,0.534,-0.265,0.006,-0.314,0.526,0.0,0.0,15.84,-0.263,0.000,1311,1311,1312,1312
32.300,descend,0.535,0.534,-0.265,0.001,-0.314,0.524,0.0,0.0,15.84,-0.263,0.000,1311,1311,1312,1312
32.320,descend,0.530,0.530,-0.276,0.000,-0.314,0.521,0.0,0.0,15.84,-0.229,0.000,1311,1311,1312,1312
32.340,descend,0.525,0.530,-0.277,-0.005,-0.314,0.520,0.0,0.0,15.84,-0.229,0.000,1311,1311,1312,1312
32.360,descend,0.520,0.517,-0.277,0.004,-0.314,0.526,0.0,0.0,15.84,-0.268,0.000,1311,1311,1312,1312
32.380,descend,0.515,0.515,-0.279,0.001,-0.314,0.519,0.0,-0.0,15.84,-0.208,0.000,1318,1319,1320,1320
32.400,descend,0.510,0.515,-0.279,-0.004,-0.314,0.518,0.0,-0.0,15.84,-0.208,0.000,1318,1319,1320,1320
32.420,descend,0.505,0.506,-0.282,-0.000,-0.314,0.519,0.0,-0.0,15.84,-0.217,0.000,1318,1319,1320,1320
32.440,descend,0.500,0.498,-0.285,0.002,-0.314,0.522,0.0,-0.0,15.84,-0.237,0.000,1318,1319,1320,1320
32.460,descend,0.495,0.498,-0.285,-0.003,-0.314,0.521,0.0,-0.0,15.84,-0.237,0.000,1318,1319,1320,1320
32.480,descend,0.490,0.481,-0.291,0.009,-0.314,0.529,0.0,-0.0,15.84,-0.293,0.000,1321,1321,1323,1323
32.500,descend,0.485,0.481,-0.291,0.004,-0.314,0.528,0.0,-0.0,15.84,-0.293,0.000,1321,1321,1323,1323
32.520,descend,0.480,0.478,-0.295,0.002,-0.314,0.522,0.0,-0.0,15.84,-0.234,0.000,1321,1321,1323,1323
32.540,descend,0.475,0.473,-0.293,0.003,-0.314,0.521,0.0,-0.0,15.84,-0.222,0.000,1321,1321,1323,1323
32.560,descend,0.470,0.473,-0.293,-0.002,-0.314,0.520,0.0,-0.0,15.84,-0.222,0.000,1321,1321,1323,1323
32.580,descend,0.465,0.470,-0.293,-0.005,-0.314,0.514,0.0,-0.0,15.84,-0.175,0.000,1321,1321,1323,1323
32.600,descend,0.460,0.470,-0.293,-0.010,-0.314,0.513,0.0,-0.0,15.84,-0.175,0.000,1321,1321,1323,1323
32.620,descend,0.455,0.456,-0.297,-0.000,-0.314,0.522,0.0,-0.0,15.84,-0.241,0.000,1321,1321,1323,1323
32.640,descend,0.450,0.456,-0.305,-0.005,-0.314,0.521,0.0,-0.0,15.84,-0.241,0.000,1321,1321,1323,1323
32.660,descend,0.445,0.447,-0.305,-0.002,-0.314,0.521,0.0,-0.0,15.84,-0.239,0.000,1321,1321,1323,1323
32.680,descend,0.440,0.432,-0.312,0.009,-0.314,0.533,0.0,-0.0,15.84,-0.331,0.000,1321,1322,1322,1321
32.700,descend,0.435,0.432,-0.312,0.004,-0.314,0.532,0.0,-0.0,15.84,-0.331,0.000,1321,1322,1322,1321
32.720,descend,0.430,0.422,-0.316,0.009,-0.314,0.533,0.0,-0.0,15.84,-0.329,0.000,1321,1322,1322,1321
32.740,descend,0.425,0.411,-0.310,0.014,-0.313,0.533,0.0,-0.0,15.84,-0.314,0.000,1321,1322,1322,1321
32.760,descend,0.420,0.411,-0.310,0.009,-0.313,0.532,0.0,-0.0,15.84,-0.314,0.000,1321,1322,1322,1321
32.780,descend,0.415,0.409,-0.301,0.006,-0.313,0.523,0.0,-0.0,15.84,-0.236,0.000,1346,1348,1346,1345
32.801,descend,0.410,0.409,-0.301,0.001,-0.313,0.522,-0.0,-0.0,15.84,-0.236,0.000,1346,1348,1346,1345
32.820,descend,0.405,0.396,-0.293,0.009,-0.313,0.529,-0.0,-0.0,15.84,-0.283,0.000,1346,1348,1346,1345
32.840,descend,0.400,0.385,-0.290,0.015,-0.313,0.532,0.0,-0.0,15.84,-0.303,0.000,1346,1348,1346,1345
32.860,descend,0.395,0.385,-0.290,0.010,-0.312,0.531,0.0,-0.0,15.84,-0.303,0.000,1346,1348,1346,1345
32.880,descend,0.390,0.384,-0.288,0.007,-0.312,0.523,0.0,-0.0,15.84,-0.227,0.000,1348,1348,1347,1347
32.900,descend,0.385,0.369,-0.288,0.017,-0.312,0.533,-0.0,-0.0,15.84,-0.306,0.000,1348,1348,1347,1347
32.920,descend,0.380,0.369,-0.280,0.012,-0.312,0.532,-0.0,-0.0,15.84,-0.306,0.000,1348,1348,1347,1347
32.940,descend,0.375,0.363,-0.276,0.012,-0.312,0.527,-0.0,-0.0,15.84,-0.262,0.000,1348,1348,1347,1347
32.960,descend,0.370,0.363,-0.276,0.007,-0.311,0.526,-0.0,-0.0,15.84,-0.262,0.000,1348,1348,1347,1347
32.980,descend,0.365,0.359,-0.269,0.006,-0.311,0.522,-0.0,-0.0,15.84,-0.224,0.000,1334,1335,1334,1333
33.000,descend,0.360,0.359,-0.269,0.001,-0.311,0.521,-0.0,-0.0,15.84,-0.224,0.000,1334,1335,1334,1333
33.020,descend,0.355,0.347,-0.264,0.009,-0.311,0.524,-0.0,-0.0,15.84,-0.238,0.000,1334,1335,1334,1333
33.040,descend,0.350,0.340,-0.265,0.010,-0.311,0.525,-0.0,-0.0,15.84,-0.236,0.000,1334,1335,1334,1333
33.060,descend,0.345,0.340,-0.265,0.005,-0.311,0.523,-0.0,-0.0,15.84,-0.236,0.000,1334,1335,1334,1333
33.080,descend,0.340,0.329,-0.266,0.011,-0.311,0.531,-0.0,-0.0,15.84,-0.297,0.000,1331,1331,1330,1330
33.100,descend,0.335,0.320,-0.266,0.015,-0.310,0.531,-0.0,-0.0,15.84,-0.286,0.000,1331,1331,1330,1330
33.120,descend,0.330,0.320,-0.266,0.010,-0.310,0.530,-0.0,-0.0,15.84,-0.286,0.000,1331,1331,1330,1330
33.140,descend,0.325,0.316,-0.261,0.010,-0.310,0.525,-0.0,-0.0,15.84,-0.237,0.000,1331,1331,1330,1330
33.160,descend,0.320,0.316,-0.261,0.005,-0.310,0.523,-0.0,-0.0,15.84,-0.237,0.000,1331,1331,1330,1330
33.180,descend,0.315,0.307,-0.256,0.008,-0.310,0.525,-0.0,-0.0,15.84,-0.244,0.000,1331,1331,1330,1330
33.200,descend,0.310,0.298,-0.256,0.012,-0.309,0.528,-0.0,-0.0,15.84,-0.267,0.000,1331,1331,1330,1330
33.220,descend,0.305,0.298,-0.254,0.007,-0.309,0.527,-0.0,-0.0,15.84,-0.267,0.000,1331,1331,1330,1330
33.240,descend,0.300,0.289,-0.253,0.011,-0.309,0.528,-0.0,-0.0,15.84,-0.263,0.000,1331,1331,1330,1330
33.260,descend,0.295,0.289,-0.253,0.006,-0.309,0.527,-0.0,-0.0,15.84,-0.263,0.000,1331,1331,1330,1330
33.280,descend,0.290,0.280,-0.250,0.010,-0.309,0.527,-0.0,-0.0,15.84,-0.257,0.000,1338,1338,1337,1337
33.300,descend,0.285,0.272,-0.250,0.013,-0.308,0.527,-0.0,-0.0,15.84,-0.251,0.000,1338,1338,1337,1337
33.320,descend,0.280,0.272,-0.247,0.008,-0.308,0.526,-0.0,-0.0,15.84,-0.251,0.000,1338,1338,1337,1337
33.340,descend,0.275,0.275,-0.246,0.001,-0.308,0.514,-0.0,-0.0,15.84,-0.152,0.000,1338,1338,1337,1337
33.360,descend,0.270,0.275,-0.246,-0.004,-0.308,0.513,-0.0,-0.0,15.84,-0.152,0.000,1338,1338,1337,1337
33.380,descend,0.265,0.259,-0.245,0.006,-0.308,0.527,-0.0,-0.0,15.84,-0.264,0.000,1307,1308,1306,1306
33.400,descend,0.260,0.245,-0.245,0.016,-0.308,0.533,-0.0,-0.0,15.84,-0.307,0.000,1307,1308,1306,1306
33.420,descend,0.255,0.245,-0.253,0.011,-0.308,0.532,-0.0,-0.0,15.84,-0.307,0.000,1307,1308,1306,1306
33.440,descend,0.250,0.249,-0.252,0.002,-0.308,0.518,-0.0,-0.0,15.84,-0.182,0.000,1307,1308,1306,1306
33.460,descend,0.245,0.249,-0.252,-0.003,-0.308,0.516,-0.0,-0.0,15.84,-0.182,0.000,1307,1308,1306,1306
33.480,descend,0.240,0.238,-0.246,0.002,-0.308,0.523,-0.0,-0.0,15.84,-0.233,0.000,1314,1315,1315,1314
33.500,descend,0.235,0.238,-0.246,-0.003,-0.308,0.514,-0.0,-0.0,15.84,-0.160,0.000,1314,1315,1315,1314
33.520,descend,0.230,0.238,-0.249,-0.008,-0.308,0.513,-0.0,-0.0,15.84,-0.160,0.000,1314,1315,1315,1314
33.540,descend,0.225,0.228,-0.255,-0.003,-0.308,0.518,-0.0,-0.0,15.84,-0.199,0.000,1314,1315,1315,1314
33.560,descend,0.220,0.216,-0.255,0.005,-0.308,0.525,-0.0,-0.0,15.84,-0.255,0.000,1314,1315,1315,1314
33.580,descend,0.215,0.216,-0.264,-0.000,-0.308,0.524,-0.0,-0.0,15.84,-0.255,0.000,1316,1316,1316,1316
33.600,descend,0.210,0.209,-0.264,0.001,-0.308,0.523,-0.0,-0.0,15.84,-0.234,0.000,1316,1316,1316,1316
33.620,descend,0.205,0.209,-0.269,-0.004,-0.308,0.521,-0.0,-0.0,15.84,-0.234,0.000,1316,1316,1316,1316
33.640,descend,0.200,0.202,-0.271,-0.002,-0.308,0.522,0.0,-0.0,15.84,-0.233,0.000,1316,1316,1316,1316
33.660,descend,0.195,0.188,-0.271,0.007,-0.308,0.529,0.0,-0.0,15.84,-0.288,0.000,1316,1316,1316,1316
33.680,descend,0.190,0.188,-0.274,0.002,-0.308,0.528,0.0,-0.0,15.84,-0.288,0.000,1323,1324,1324,1324
33.700,descend,0.185,0.184,-0.274,0.001,-0.308,0.523,0.0,-0.0,15.84,-0.237,0.000,1323,1324,1324,1324
33.720,descend,0.180,0.184,-0.274,-0.004,-0.308,0.522,0.0,-0.0,15.84,-0.237,0.000,1323,1324,1324,1324
33.740,descend,0.175,0.177,-0.272,-0.002,-0.308,0.522,0.0,-0.0,15.84,-0.239,0.000,1323,1324,1324,1324
33.760,descend,0.170,0.163,-0.272,0.008,-0.308,0.530,0.0,-0.0,15.84,-0.287,0.000,1323,1324,1324,1324
33.780,descend,0.165,0.163,-0.273,0.003,-0.307,0.528,0.0,-0.0,15.84,-0.287,0.000,1324,1326,1325,1325
33.800,descend,0.160,0.156,-0.273,0.004,-0.307,0.525,-0.0,-0.0,15.84,-0.250,0.000,1324,1326,1325,1325
33.820,descend,0.155,0.156,-0.272,-0.001,-0.307,0.524,0.0,-0.0,15.84,-0.250,0.000,1324,1326,1325,1325
33.840,descend,0.150,0.153,-0.269,-0.002,-0.307,0.520,0.0,-0.0,15.84,-0.214,0.000,1324,1326,1325,1325
33.860,descend,0.145,0.140,-0.269,0.005,-0.307,0.527,0.0,-0.0,15.84,-0.266,0.000,1324,1326,1325,1325
33.880,descend,0.140,0.140,-0.268,0.000,-0.307,0.526,0.0,-0.0,15.84,-0.266,0.000,1319,1319,1320,1320
33.900,descend,0.135,0.137,-0.268,-0.001,-0.307,0.521,0.0,-0.0,15.84,-0.220,0.000,1319,1319,1320,1320
33.920,descend,0.130,0.137,-0.268,-0.006,-0.308,0.519,0.0,-0.0,15.84,-0.220,0.000,1319,1319,1320,1320
33.940,descend,0.125,0.128,-0.268,-0.002,-0.308,0.521,-0.0,-0.0,15.84,-0.230,0.000,1319,1319,1320,1320
33.960,descend,0.120,0.118,-0.268,0.003,-0.308,0.524,-0.0,-0.0,15.84,-0.249,0.000,1319,1319,1320,1320
33.980,descend,0.115,0.118,-0.271,-0.002,-0.308,0.523,0.0,-0.0,15.84,-0.249,0.000,1329,1330,1331,1330
34.000,descend,0.110,0.109,-0.271,0.002,-0.308,0.526,0.0,-0.0,15.84,-0.268,0.000,1329,1330,1331,1330
34.020,descend,0.105,0.109,-0.273,-0.003,-0.308,0.525,0.0,-0.0,15.84,-0.268,0.000,1329,1330,1331,1330
34.040,descend,0.100,0.098,-0.274,0.003,-0.308,0.528,0.0,-0.0,15.84,-0.287,0.000,1329,1330,1331,1330
34.060,descend,0.095,0.088,-0.274,0.007,-0.308,0.529,0.0,-0.0,15.84,-0.283,0.000,1329,1330,1331,1330
34.080,descend,0.090,0.088,-0.273,0.002,-0.308,0.528,0.0,-0.0,15.84,-0.283,0.000,1338,1338,1339,1339
34.100,descend,0.085,0.085,-0.273,0.000,-0.308,0.521,0.0,-0.0,15.84,-0.221,0.000,1338,1338,1339,1339
34.120,descend,0.080,0.085,-0.269,-0.005,-0.308,0.520,0.0,-0.0,15.84,-0.221,0.000,1338,1338,1339,1339
34.140,descend,0.075,0.077,-0.267,-0.001,-0.308,0.522,0.0,-0.0,15.84,-0.239,0.000,1338,1338,1339,1339
34.160,descend,0.070,0.070,-0.267,0.001,-0.308,0.524,0.0,-0.0,15.84,-0.246,0.000,1338,1338,1339,1339
34.180,descend,0.065,0.070,-0.269,-0.004,-0.308,0.522,0.0,-0.0,15.84,-0.246,0.000,1325,1325,1326,1326
34.200,descend,0.060,0.059,-0.269,0.002,-0.308,0.524,0.0,-0.0,15.84,-0.252,0.000,1325,1325,1326,1326
34.220,descend,0.055,0.059,-0.271,-0.003,-0.308,0.523,0.0,-0.0,15.84,-0.252,0.000,1325,1325,1326,1326
34.240,descend,0.050,0.052,-0.273,-0.002,-0.308,0.522,0.0,-0.0,15.84,-0.237,0.000,1325,1325,1326,1326
34.260,descend,0.045,0.050,-0.273,-0.004,-0.308,0.518,0.0,-0.0,15.84,-0.198,0.000,1325,1325,1326,1326
34.280,descend,0.040,0.050,-0.147,-0.009,-0.308,0.516,0.0,-0.0,15.84,-0.198,0.000,1324,1324,1325,1326
34.300,descend,0.035,0.048,-0.147,-0.012,-0.308,0.511,0.0,-0.0,15.84,-0.155,0.000,1324,1324,1325,1326
34.320,descend,0.030,0.048,-0.019,-0.017,-0.308,0.510,0.0,-0.0,15.84,-0.155,0.000,1324,1324,1325,1326
34.340,descend,0.025,0.043,-0.019,-0.018,-0.308,0.509,0.0,-0.0,15.84,-0.144,0.000,1324,1324,1325,1326
34.360,descend,0.020,0.044,-0.019,-0.024,-0.308,0.502,0.0,-0.0,15.84,-0.088,0.000,1324,1324,1325,1326
34.380,descend,0.015,0.044,-0.019,-0.029,-0.308,0.500,0.0,-0.0,15.84,-0.088,0.000,1293,1292,1296,1299
34.400,descend,0.010,0.045,-0.019,-0.034,-0.308,0.496,0.0,-0.0,15.84,-0.057,0.000,1293,1292,1296,1299
34.420,descend,0.005,0.045,-0.018,-0.039,-0.308,0.495,0.0,-0.0,15.84,-0.057,0.000,1293,1292,1296,1299
34.440,descend,0.000,0.046,-0.018,-0.046,-0.308,0.490,0.0,-0.0,15.84,-0.028,0.000,1293,1292,1296,1299
34.460,descend,0.000,0.050,-0.018,-0.050,-0.308,0.480,0.0,-0.0,15.84,0.014,0.000,1293,1292,1296,1299
34.480,descend,0.000,0.050,-0.017,-0.050,-0.308,0.470,0.0,-0.0,15.84,0.014,0.000,1250,1248,1255,1259
34.500,descend,0.000,0.040,-0.017,-0.040,-0.308,0.460,0.0,-0.0,15.84,-0.086,0.000,1250,1248,1255,1259
34.520,descend,0.000,0.045,-0.017,-0.045,-0.308,0.450,0.0,-0.0,15.84,-0.015,0.000,1250,1248,1255,1259
34.540,descend,0.000,0.045,-0.016,-0.045,-0.308,0.440,0.0,-0.0,15.84,-0.015,0.000,1250,1248,1255,1259
34.560,descend,0.000,0.044,-0.016,-0.044,-0.308,0.430,0.0,-0.0,15.84,-0.017,0.000,1250,1248,1255,1259
34.580,descend,0.000,0.044,-0.015,-0.044,-0.308,0.420,0.0,-0.0,15.84,-0.017,0.000,1136,1134,1143,1148
34.600,descend,0.000,0.040,-0.015,-0.040,-0.308,0.410,0.0,-0.0,15.84,-0.047,0.000,1136,1134,1143,1148
34.620,descend,0.000,0.040,-0.014,-0.040,-0.308,0.400,0.0,-0.0,15.84,-0.031,0.000,1136,1134,1143,1148
34.640,descend,0.000,0.040,-0.014,-0.040,-0.308,0.390,0.0,-0.0,15.84,-0.031,0.000,1136,1134,1143,1148
34.660,descend,0.000,0.044,-0.014,-0.044,-0.308,0.380,0.1,-0.0,15.84,0.019,0.000,1136,1134,1143,1148
34.680,disarm,0.000,0.044,-0.013,0.000,-0.308,0.370,0.1,-0.0,15.84,0.019,0.000,1024,1020,1031,1036
34.700,disarm,0.000,0.044,-0.013,0.000,-0.308,0.000,0.1,-0.0,15.84,0.017,0.000,1024,1020,1031,1036
34.720,disarm,0.000,0.045,-0.013,0.000,-0.308,0.000,0.1,-0.0,15.84,0.013,0.000,1024,1020,1031,1036
34.740,disarm,0.000,0.045,-0.012,0.000,-0.308,0.000,0.1,-0.0,15.84,0.013,0.000,1024,1020,1031,1036
34.760,disarm,0.000,0.046,-0.012,0.000,-0.308,0.000,0.1,-0.0,15.84,0.023,0.000,1024,1020,1031,1036
34.780,disarm,0.000,0.044,-0.012,0.000,-0.308,0.000,0.1,-0.0,15.84,-0.014,0.000,150,150,150,150
34.800,disarm,0.000,0.044,-0.012,0.000,-0.308,0.000,0.1,-0.0,15.84,-0.014,0.000,150,150,150,150
34.820,disarm,0.000,0.049,-0.012,0.000,-0.308,0.000,0.1,-0.0,15.84,0.034,0.000,150,150,150,150
34.840,disarm,0.000,0.049,-0.012,0.000,-0.308,0.000,0.1,-0.0,15.84,0.034,0.000,150,150,150,150
34.860,disarm,0.000,0.053,-0.012,0.000,-0.308,0.000,0.1,-0.0,15.84,0.059,0.000,150,150,150,150
34.880,disarm,0.000,0.053,-0.011,0.000,-0.308,0.000,0.1,-0.0,15.84,0.059,0.000,150,150,150,150
34.900,disarm,0.000,0.044,-0.011,0.000,-0.308,0.000,0.1,-0.0,15.84,-0.041,0.000,150,150,150,150
34.920,disarm,0.000,0.048,-0.011,0.000,-0.308,0.000,0.1,-0.0,15.84,0.004,0.000,150,150,150,150
34.940,disarm,0.000,0.048,-0.011,0.000,-0.308,0.000,0.1,-0.0,15.84,0.004,0.000,150,150,150,150
34.960,disarm,0.000,0.049,-0.011,0.000,-0.308,0.000,0.1,-0.0,15.84,0.004,0.000,150,150,150,150
34.980,disarm,0.000,0.049,-0.011,0.000,-0.308,0.000,0.1,0.0,15.84,0.004,0.000,150,150,150,150
35.000,disarm,0.000,0.048,-0.011,0.000,-0.308,0.000,0.1,0.0,15.84,0.000,0.000,150,150,150,150
35.020,disarm,0.000,0.048,-0.011,0.000,-0.308,0.000,0.1,0.0,15.84,0.000,0.000,150,150,150,150
35.040,disarm,0.000,0.045,-0.011,0.000,-0.308,0.000,0.1,0.0,15.84,-0.028,0.000,150,150,150,150
35.060,disarm,0.000,0.040,-0.011,0.000,-0.308,0.000,0.1,0.0,15.84,-0.080,0.000,150,150,150,150
35.080,disarm,0.000,0.040,-0.011,0.000,-0.308,0.000,0.1,0.0,15.84,-0.056,0.000,150,150,150,150
35.100,disarm,0.000,0.040,-0.011,0.000,-0.308,0.000,0.1,-0.0,15.84,-0.056,0.000,150,150,150,150
35.120,disarm,0.000,0.040,-0.011,0.000,-0.308,0.000,0.1,-0.0,15.84,-0.056,0.000,150,150,150,150
35.140,disarm,0.000,0.046,-0.011,0.000,-0.308,0.000,0.1,-0.0,15.84,-0.003,0.000,150,150,150,150
35.160,disarm,0.000,0.044,-0.011,0.000,-0.308,0.000,0.1,-0.0,15.84,-0.023,0.000,150,150,150,150
35.180,disarm,0.000,0.046,-0.011,0.000,-0.308,0.000,0.1,-0.0,15.84,0.015,0.000,150,150,150,150
35.200,disarm,0.000,0.046,-0.011,0.000,-0.308,0.000,0.1,-0.0,15.84,0.015,0.000,150,150,150,150
35.220,disarm,0.000,0.040,-0.011,0.000,-0.308,0.000,0.1,-0.0,15.84,-0.041,0.000,150,150,150,150
35.240,disarm,0.000,0.040,-0.011,0.000,-0.308,0.000,0.1,-0.0,15.84,-0.041,0.000,150,150,150,150
35.260,disarm,0.000,0.045,-0.011,0.000,-0.308,0.000,0.1,-0.0,15.84,0.004,0.000,150,150,150,150
35.280,disarm,0.000,0.045,-0.011,0.000,-0.308,0.000,0.1,-0.0,15.84,0.004,0.000,150,150,150,150
35.300,disarm,0.000,0.046,-0.011,0.000,-0.308,0.000,0.1,-0.0,15.84,0.010,0.000,150,150,150,150
35.320,disarm,0.000,0.041,-0.011,0.000,-0.308,0.000,0.1,-0.0,15.84,-0.038,0.000,150,150,150,150
35.340,disarm,0.000,0.041,-0.011,0.000,-0.308,0.000,0.1,-0.0,15.84,-0.038,0.000,150,150,150,150
35.360,disarm,0.000,0.040,-0.011,0.000,-0.308,0.000,0.1,-0.0,15.84,-0.032,0.000,150,150,150,150
35.380,disarm,0.000,0.040,-0.011,0.000,-0.308,0.000,0.1,-0.0,15.84,-0.032,0.000,150,150,150,150
35.400,disarm,0.000,0.049,-0.011,0.000,-0.308,0.000,0.1,-0.0,15.84,0.045,0.000,150,150,150,150
35.420,disarm,0.000,0.041,-0.011,0.000,-0.308,0.000,0.1,-0.0,15.84,-0.039,0.000,150,150,150,150
35.440,disarm,0.000,0.041,-0.011,0.000,-0.308,0.000,0.1,-0.0,15.84,-0.039,0.000,150,150,150,150
35.460,disarm,0.000,0.041,-0.011,0.000,-0.308,0.000,0.1,-0.0,15.84,-0.030,0.000,150,150,150,150
35.480,disarm,0.000,0.044,-0.011,0.000,-0.308,0.000,0.1,-0.0,15.84,0.014,0.000,0,0,0,0
35.500,disarm,0.000,0.044,-0.011,0.000,-0.308,0.000,0.1,-0.0,15.84,0.014,0.000,0,0,0,0
35.520,disarm,0.000,0.044,-0.011,0.000,-0.308,0.000,0.1,-0.0,15.84,0.007,0.000,0,0,0,0
35.540,disarm,0.000,0.044,-0.010,0.000,-0.308,0.000,0.1,-0.0,15.84,0.007,0.000,0,0,0,0
35.560,disarm,0.000,0.043,-0.010,0.000,-0.308,0.000,0.1,-0.0,15.84,-0.002,0.000,0,0,0,0
35.580,disarm,0.000,0.044,-0.010,0.000,-0.308,0.000,0.1,-0.0,15.84,0.004,0.000,0,0,0,0
35.600,disarm,0.000,0.044,-0.010,0.000,-0.308,0.000,0.1,-0.0,15.84,0.004,0.000,0,0,0,0
35.620,disarm,0.000,0.043,-0.009,0.000,-0.308,0.000,0.1,-0.0,15.84,-0.008,0.000,0,0,0,0
35.640,disarm,0.000,0.048,-0.009,0.000,-0.308,0.000,0.1,-0.0,15.84,0.058,0.000,0,0,0,0
35.660,disarm,0.000,0.048,-0.009,0.000,-0.308,0.000,0.1,-0.0,15.84,0.058,0.000,0,0,0,0
35.680,disarm,0.000,0.043,-0.009,0.000,-0.308,0.000,0.1,-0.0,15.84,-0.012,0.000,0,0,0,0
35.700,disarm,0.000,0.043,-0.009,0.000,-0.308,0.000,0.1,-0.0,15.84,-0.012,0.000,0,0,0,0
35.720,disarm,0.000,0.043,-0.009,0.000,-0.308,0.000,0.1,-0.0,15.84,-0.005,0.000,0,0,0,0
35.740,disarm,0.000,0.047,-0.010,0.000,-0.308,0.000,0.1,-0.0,15.84,0.039,0.000,0,0,0,0
35.760,disarm,0.000,0.047,-0.010,0.000,-0.308,0.000,0.1,-0.0,15.84,0.039,0.000,0,0,0,0
35.780,disarm,0.000,0.045,-0.010,0.000,-0.308,0.000,0.1,-0.0,15.84,0.012,0.000,0,0,0,0
35.800,disarm,0.000,0.045,-0.010,0.000,-0.308,0.000,0.1,-0.0,15.84,0.012,0.000,0,0,0,0
35.820,disarm,0.000,0.047,-0.011,0.000,-0.308,0.000,0.1,-0.0,15.84,0.033,0.000,0,0,0,0
35.840,disarm,0.000,0.047,-0.012,0.000,-0.308,0.000,0.1,-0.0,15.84,0.033,0.000,0,0,0,0
35.860,disarm,0.000,0.042,-0.012,0.000,-0.308,0.000,0.1,-0.0,15.84,-0.018,0.000,0,0,0,0
